,Date,SOI,PDO,AO,Year,Month,Day,Hour,PC1,PC2,PC1_2_Amp,MJO_Phase
0,1866-01-01,-0.62,,,1866,1,1,,,,,
1,1866-02-01,-0.12,,,1866,2,1,,,,,
2,1866-03-01,-0.62,,,1866,3,1,,,,,
3,1866-04-01,-0.65,,,1866,4,1,,,,,
4,1866-05-01,0.04,,,1866,5,1,,,,,
5,1866-06-01,-0.82,,,1866,6,1,,,,,
6,1866-07-01,-0.34,,,1866,7,1,,,,,
7,1866-08-01,0.36,,,1866,8,1,,,,,
8,1866-09-01,-0.18,,,1866,9,1,,,,,
9,1866-10-01,0.07,,,1866,10,1,,,,,
10,1866-11-01,1.1,,,1866,11,1,,,,,
11,1866-12-01,-0.16,,,1866,12,1,,,,,
12,1867-01-01,0.09,,,1867,1,1,,,,,
13,1867-02-01,-0.01,,,1867,2,1,,,,,
14,1867-03-01,-0.09,,,1867,3,1,,,,,
15,1867-04-01,0.83,,,1867,4,1,,,,,
16,1867-05-01,0.5,,,1867,5,1,,,,,
17,1867-06-01,-0.48,,,1867,6,1,,,,,
18,1867-07-01,0.44,,,1867,7,1,,,,,
19,1867-08-01,0.34,,,1867,8,1,,,,,
20,1867-09-01,0.12,,,1867,9,1,,,,,
21,1867-10-01,-0.56,,,1867,10,1,,,,,
22,1867-11-01,-0.65,,,1867,11,1,,,,,
23,1867-12-01,-0.89,,,1867,12,1,,,,,
24,1868-01-01,-0.16,,,1868,1,1,,,,,
25,1868-02-01,-0.34,,,1868,2,1,,,,,
26,1868-03-01,-1.56,,,1868,3,1,,,,,
27,1868-04-01,0.3,,,1868,4,1,,,,,
28,1868-05-01,-1.34,,,1868,5,1,,,,,
29,1868-06-01,-2.2,,,1868,6,1,,,,,
30,1868-07-01,-0.4,,,1868,7,1,,,,,
31,1868-08-01,-1.41,,,1868,8,1,,,,,
32,1868-09-01,-1.23,,,1868,9,1,,,,,
33,1868-10-01,-1.24,,,1868,10,1,,,,,
34,1868-11-01,-1.49,,,1868,11,1,,,,,
35,1868-12-01,0.52,,,1868,12,1,,,,,
36,1869-01-01,-1.9,,,1869,1,1,,,,,
37,1869-02-01,-0.26,,,1869,2,1,,,,,
38,1869-03-01,-0.59,,,1869,3,1,,,,,
39,1869-04-01,2.12,,,1869,4,1,,,,,
40,1869-05-01,1.4,,,1869,5,1,,,,,
41,1869-06-01,1.53,,,1869,6,1,,,,,
42,1869-07-01,1.42,,,1869,7,1,,,,,
43,1869-08-01,0.94,,,1869,8,1,,,,,
44,1869-09-01,0.12,,,1869,9,1,,,,,
45,1869-10-01,0.85,,,1869,10,1,,,,,
46,1869-11-01,0.56,,,1869,11,1,,,,,
47,1869-12-01,0.42,,,1869,12,1,,,,,
48,1870-01-01,1.06,0.085,,1870,1,1,,,,,
49,1870-02-01,0.18,0.017,,1870,2,1,,,,,
50,1870-03-01,-0.75,-0.068,,1870,3,1,,,,,
51,1870-04-01,0.47,-0.593,,1870,4,1,,,,,
52,1870-05-01,-0.11,-0.587,,1870,5,1,,,,,
53,1870-06-01,-1.1,-0.75,,1870,6,1,,,,,
54,1870-07-01,0.17,-0.423,,1870,7,1,,,,,
55,1870-08-01,0.98,0.151,,1870,8,1,,,,,
56,1870-09-01,-0.0,0.15,,1870,9,1,,,,,
57,1870-10-01,-0.58,-0.439,,1870,10,1,,,,,
58,1870-11-01,-0.86,-0.668,,1870,11,1,,,,,
59,1870-12-01,-1.29,-0.72,,1870,12,1,,,,,
60,1871-01-01,-1.13,-0.192,,1871,1,1,,,,,
61,1871-02-01,-0.13,-0.267,,1871,2,1,,,,,
62,1871-03-01,-2.0,0.065,,1871,3,1,,,,,
63,1871-04-01,-0.46,-0.485,,1871,4,1,,,,,
64,1871-05-01,-0.47,-0.832,,1871,5,1,,,,,
65,1871-06-01,0.24,-0.91,,1871,6,1,,,,,
66,1871-07-01,0.31,-0.711,,1871,7,1,,,,,
67,1871-08-01,0.38,-0.424,,1871,8,1,,,,,
68,1871-09-01,0.58,-0.577,,1871,9,1,,,,,
69,1871-10-01,-0.14,-0.254,,1871,10,1,,,,,
70,1871-11-01,-0.02,-0.278,,1871,11,1,,,,,
71,1871-12-01,0.97,-0.218,,1871,12,1,,,,,
72,1872-01-01,2.69,-0.522,,1872,1,1,,,,,
73,1872-02-01,1.12,-0.634,,1872,2,1,,,,,
74,1872-03-01,1.69,-0.351,,1872,3,1,,,,,
75,1872-04-01,-0.54,-0.519,,1872,4,1,,,,,
76,1872-05-01,1.35,-0.215,,1872,5,1,,,,,
77,1872-06-01,2.45,-0.689,,1872,6,1,,,,,
78,1872-07-01,2.3,-0.544,,1872,7,1,,,,,
79,1872-08-01,0.99,-0.716,,1872,8,1,,,,,
80,1872-09-01,3.14,-0.582,,1872,9,1,,,,,
81,1872-10-01,1.9,-0.472,,1872,10,1,,,,,
82,1872-11-01,3.09,-0.973,,1872,11,1,,,,,
83,1872-12-01,2.8,-1.221,,1872,12,1,,,,,
84,1873-01-01,2.47,-1.198,,1873,1,1,,,,,
85,1873-02-01,1.12,-1.374,,1873,2,1,,,,,
86,1873-03-01,1.63,-1.242,,1873,3,1,,,,,
87,1873-04-01,2.29,-0.494,,1873,4,1,,,,,
88,1873-05-01,1.19,-0.178,,1873,5,1,,,,,
89,1873-06-01,-3.09,-0.445,,1873,6,1,,,,,
90,1873-07-01,-1.14,-0.476,,1873,7,1,,,,,
91,1873-08-01,-0.59,-0.652,,1873,8,1,,,,,
92,1873-09-01,-2.13,-0.549,,1873,9,1,,,,,
93,1873-10-01,-1.78,-0.568,,1873,10,1,,,,,
94,1873-11-01,-0.36,-0.887,,1873,11,1,,,,,
95,1873-12-01,1.33,-0.961,,1873,12,1,,,,,
96,1874-01-01,0.9,-0.738,,1874,1,1,,,,,
97,1874-02-01,-0.28,-0.918,,1874,2,1,,,,,
98,1874-03-01,-0.52,-0.711,,1874,3,1,,,,,
99,1874-04-01,0.98,-0.253,,1874,4,1,,,,,
100,1874-05-01,1.29,-0.301,,1874,5,1,,,,,
101,1874-06-01,-1.92,-0.553,,1874,6,1,,,,,
102,1874-07-01,-0.14,-0.377,,1874,7,1,,,,,
103,1874-08-01,0.75,-0.247,,1874,8,1,,,,,
104,1874-09-01,2.03,-0.539,,1874,9,1,,,,,
105,1874-10-01,2.19,-0.626,,1874,10,1,,,,,
106,1874-11-01,0.53,-0.518,,1874,11,1,,,,,
107,1874-12-01,1.28,-0.64,,1874,12,1,,,,,
108,1875-01-01,0.65,-0.732,,1875,1,1,,,,,
109,1875-02-01,-0.11,-1.034,,1875,2,1,,,,,
110,1875-03-01,-1.0,-0.89,,1875,3,1,,,,,
111,1875-04-01,1.4,-0.757,,1875,4,1,,,,,
112,1875-05-01,0.75,-0.954,,1875,5,1,,,,,
113,1875-06-01,2.57,-0.78,,1875,6,1,,,,,
114,1875-07-01,-0.49,-0.727,,1875,7,1,,,,,
115,1875-08-01,-0.21,-0.617,,1875,8,1,,,,,
116,1875-09-01,0.83,-0.335,,1875,9,1,,,,,
117,1875-10-01,0.93,-0.152,,1875,10,1,,,,,
118,1875-11-01,-1.54,0.205,,1875,11,1,,,,,
119,1875-12-01,-0.54,-0.287,,1875,12,1,,,,,
120,1876-01-01,1.16,-0.814,,1876,1,1,,,,,
121,1876-02-01,0.98,-0.823,,1876,2,1,,,,,
122,1876-03-01,-0.1,-0.997,,1876,3,1,,,,,
123,1876-04-01,0.94,-1.217,,1876,4,1,,,,,
124,1876-05-01,0.75,-1.114,,1876,5,1,,,,,
125,1876-06-01,1.98,-0.988,,1876,6,1,,,,,
126,1876-07-01,-0.51,-1.348,,1876,7,1,,,,,
127,1876-08-01,1.08,-1.429,,1876,8,1,,,,,
128,1876-09-01,0.98,-1.098,,1876,9,1,,,,,
129,1876-10-01,-1.0,0.211,,1876,10,1,,,,,
130,1876-11-01,-0.46,0.603,,1876,11,1,,,,,
131,1876-12-01,-0.45,0.234,,1876,12,1,,,,,
132,1877-01-01,-0.88,0.19,,1877,1,1,,,,,
133,1877-02-01,-1.44,0.378,,1877,2,1,,,,,
134,1877-03-01,-1.07,0.274,,1877,3,1,,,,,
135,1877-04-01,-3.87,0.062,,1877,4,1,,,,,
136,1877-05-01,-1.71,0.02,,1877,5,1,,,,,
137,1877-06-01,-4.34,0.349,,1877,6,1,,,,,
138,1877-07-01,-0.96,1.449,,1877,7,1,,,,,
139,1877-08-01,-1.06,1.119,,1877,8,1,,,,,
140,1877-09-01,-1.71,1.308,,1877,9,1,,,,,
141,1877-10-01,-1.7,1.035,,1877,10,1,,,,,
142,1877-11-01,-1.31,0.973,,1877,11,1,,,,,
143,1877-12-01,-1.52,0.917,,1877,12,1,,,,,
144,1878-01-01,-0.98,1.149,,1878,1,1,,,,,
145,1878-02-01,-2.22,1.415,,1878,2,1,,,,,
146,1878-03-01,-1.86,1.411,,1878,3,1,,,,,
147,1878-04-01,-1.07,1.443,,1878,4,1,,,,,
148,1878-05-01,0.1,1.547,,1878,5,1,,,,,
149,1878-06-01,-0.59,1.25,,1878,6,1,,,,,
150,1878-07-01,1.6,0.992,,1878,7,1,,,,,
151,1878-08-01,1.12,0.385,,1878,8,1,,,,,
152,1878-09-01,1.7,-0.633,,1878,9,1,,,,,
153,1878-10-01,0.94,-0.394,,1878,10,1,,,,,
154,1878-11-01,1.39,0.002,,1878,11,1,,,,,
155,1878-12-01,1.89,0.815,,1878,12,1,,,,,
156,1879-01-01,1.28,0.582,,1879,1,1,,,,,
157,1879-02-01,1.33,0.412,,1879,2,1,,,,,
158,1879-03-01,1.3,0.497,,1879,3,1,,,,,
159,1879-04-01,1.59,0.633,,1879,4,1,,,,,
160,1879-05-01,0.1,-0.351,,1879,5,1,,,,,
161,1879-06-01,1.85,-0.803,,1879,6,1,,,,,
162,1879-07-01,2.19,-1.049,,1879,7,1,,,,,
163,1879-08-01,2.2,-0.369,,1879,8,1,,,,,
164,1879-09-01,1.8,-0.03,,1879,9,1,,,,,
165,1879-10-01,1.53,-0.105,,1879,10,1,,,,,
166,1879-11-01,0.76,-0.481,,1879,11,1,,,,,
167,1879-12-01,-0.71,0.012,,1879,12,1,,,,,
168,1880-01-01,1.14,-0.093,,1880,1,1,,,,,
169,1880-02-01,0.7,-0.462,,1880,2,1,,,,,
170,1880-03-01,1.43,-0.993,,1880,3,1,,,,,
171,1880-04-01,0.79,-1.437,,1880,4,1,,,,,
172,1880-05-01,1.22,-1.993,,1880,5,1,,,,,
173,1880-06-01,0.97,-1.957,,1880,6,1,,,,,
174,1880-07-01,0.21,-1.429,,1880,7,1,,,,,
175,1880-08-01,1.26,-0.969,,1880,8,1,,,,,
176,1880-09-01,0.73,-0.959,,1880,9,1,,,,,
177,1880-10-01,0.56,0.069,,1880,10,1,,,,,
178,1880-11-01,0.74,-0.062,,1880,11,1,,,,,
179,1880-12-01,-0.33,-0.033,,1880,12,1,,,,,
180,1881-01-01,-0.84,0.059,,1881,1,1,,,,,
181,1881-02-01,-0.67,0.142,,1881,2,1,,,,,
182,1881-03-01,0.02,0.462,,1881,3,1,,,,,
183,1881-04-01,0.43,0.753,,1881,4,1,,,,,
184,1881-05-01,-0.56,0.893,,1881,5,1,,,,,
185,1881-06-01,-0.78,0.53,,1881,6,1,,,,,
186,1881-07-01,-0.51,-0.489,,1881,7,1,,,,,
187,1881-08-01,-1.39,-0.934,,1881,8,1,,,,,
188,1881-09-01,-1.35,-0.115,,1881,9,1,,,,,
189,1881-10-01,-2.6,-0.115,,1881,10,1,,,,,
190,1881-11-01,0.49,-0.199,,1881,11,1,,,,,
191,1881-12-01,0.7,-0.804,,1881,12,1,,,,,
192,1882-01-01,-0.76,-1.287,,1882,1,1,,,,,
193,1882-02-01,-0.26,-1.372,,1882,2,1,,,,,
194,1882-03-01,0.41,-1.333,,1882,3,1,,,,,
195,1882-04-01,-0.06,-1.059,,1882,4,1,,,,,
196,1882-05-01,0.35,-0.723,,1882,5,1,,,,,
197,1882-06-01,-1.75,-0.582,,1882,6,1,,,,,
198,1882-07-01,-2.13,-1.542,,1882,7,1,,,,,
199,1882-08-01,-2.74,-0.652,,1882,8,1,,,,,
200,1882-09-01,-1.44,-0.532,,1882,9,1,,,,,
201,1882-10-01,-0.09,-0.747,,1882,10,1,,,,,
202,1882-11-01,0.21,-0.488,,1882,11,1,,,,,
203,1882-12-01,1.04,0.013,,1882,12,1,,,,,
204,1883-01-01,0.48,-0.377,,1883,1,1,,,,,
205,1883-02-01,-0.95,-0.847,,1883,2,1,,,,,
206,1883-03-01,-2.94,-0.458,,1883,3,1,,,,,
207,1883-04-01,1.63,-0.017,,1883,4,1,,,,,
208,1883-05-01,1.47,0.138,,1883,5,1,,,,,
209,1883-06-01,0.26,-0.276,,1883,6,1,,,,,
210,1883-07-01,-1.01,-0.973,,1883,7,1,,,,,
211,1883-08-01,0.06,-0.81,,1883,8,1,,,,,
212,1883-09-01,-0.81,-0.296,,1883,9,1,,,,,
213,1883-10-01,0.36,-0.568,,1883,10,1,,,,,
214,1883-11-01,0.19,-0.376,,1883,11,1,,,,,
215,1883-12-01,-1.77,-0.827,,1883,12,1,,,,,
216,1884-01-01,-1.4,-0.916,,1884,1,1,,,,,
217,1884-02-01,-0.61,-1.447,,1884,2,1,,,,,
218,1884-03-01,0.88,-0.66,,1884,3,1,,,,,
219,1884-04-01,-1.6,-0.115,,1884,4,1,,,,,
220,1884-05-01,0.18,0.579,,1884,5,1,,,,,
221,1884-06-01,0.98,0.83,,1884,6,1,,,,,
222,1884-07-01,-0.28,0.902,,1884,7,1,,,,,
223,1884-08-01,-0.63,1.178,,1884,8,1,,,,,
224,1884-09-01,-0.7,0.75,,1884,9,1,,,,,
225,1884-10-01,0.38,0.705,,1884,10,1,,,,,
226,1884-11-01,-0.26,1.294,,1884,11,1,,,,,
227,1884-12-01,-1.5,1.387,,1884,12,1,,,,,
228,1885-01-01,-1.78,1.319,,1885,1,1,,,,,
229,1885-02-01,0.04,0.919,,1885,2,1,,,,,
230,1885-03-01,0.39,1.491,,1885,3,1,,,,,
231,1885-04-01,0.16,1.417,,1885,4,1,,,,,
232,1885-05-01,0.01,1.329,,1885,5,1,,,,,
233,1885-06-01,-1.91,0.477,,1885,6,1,,,,,
234,1885-07-01,-0.45,0.383,,1885,7,1,,,,,
235,1885-08-01,-1.13,0.924,,1885,8,1,,,,,
236,1885-09-01,-0.43,0.861,,1885,9,1,,,,,
237,1885-10-01,-1.92,1.065,,1885,10,1,,,,,
238,1885-11-01,-1.55,1.009,,1885,11,1,,,,,
239,1885-12-01,0.47,0.715,,1885,12,1,,,,,
240,1886-01-01,-0.22,0.518,,1886,1,1,,,,,
241,1886-02-01,0.0,0.798,,1886,2,1,,,,,
242,1886-03-01,0.15,0.173,,1886,3,1,,,,,
243,1886-04-01,0.49,0.379,,1886,4,1,,,,,
244,1886-05-01,0.54,0.024,,1886,5,1,,,,,
245,1886-06-01,0.43,-0.517,,1886,6,1,,,,,
246,1886-07-01,0.74,0.103,,1886,7,1,,,,,
247,1886-08-01,1.33,0.356,,1886,8,1,,,,,
248,1886-09-01,1.28,-0.094,,1886,9,1,,,,,
249,1886-10-01,1.3,-0.4,,1886,10,1,,,,,
250,1886-11-01,0.88,-0.86,,1886,11,1,,,,,
251,1886-12-01,1.51,-0.45,,1886,12,1,,,,,
252,1887-01-01,1.2,-0.199,,1887,1,1,,,,,
253,1887-02-01,0.95,-0.656,,1887,2,1,,,,,
254,1887-03-01,0.95,-0.797,,1887,3,1,,,,,
255,1887-04-01,1.0,-0.495,,1887,4,1,,,,,
256,1887-05-01,-0.58,-0.203,,1887,5,1,,,,,
257,1887-06-01,0.46,0.144,,1887,6,1,,,,,
258,1887-07-01,0.53,0.351,,1887,7,1,,,,,
259,1887-08-01,0.33,-0.653,,1887,8,1,,,,,
260,1887-09-01,0.45,-1.024,,1887,9,1,,,,,
261,1887-10-01,0.51,-0.53,,1887,10,1,,,,,
262,1887-11-01,-0.63,-0.313,,1887,11,1,,,,,
263,1887-12-01,0.45,-0.524,,1887,12,1,,,,,
264,1888-01-01,-0.32,-0.433,,1888,1,1,,,,,
265,1888-02-01,-0.33,0.498,,1888,2,1,,,,,
266,1888-03-01,-1.47,0.302,,1888,3,1,,,,,
267,1888-04-01,-2.8,0.198,,1888,4,1,,,,,
268,1888-05-01,-1.12,1.005,,1888,5,1,,,,,
269,1888-06-01,-2.16,1.46,,1888,6,1,,,,,
270,1888-07-01,-1.64,1.106,,1888,7,1,,,,,
271,1888-08-01,-1.09,0.906,,1888,8,1,,,,,
272,1888-09-01,-0.94,1.577,,1888,9,1,,,,,
273,1888-10-01,-1.61,1.662,,1888,10,1,,,,,
274,1888-11-01,-1.37,1.238,,1888,11,1,,,,,
275,1888-12-01,-0.4,1.109,,1888,12,1,,,,,
276,1889-01-01,-2.84,0.818,,1889,1,1,,,,,
277,1889-02-01,-0.21,0.342,,1889,2,1,,,,,
278,1889-03-01,-3.2,0.667,,1889,3,1,,,,,
279,1889-04-01,0.07,1.106,,1889,4,1,,,,,
280,1889-05-01,-0.19,1.157,,1889,5,1,,,,,
281,1889-06-01,2.49,0.975,,1889,6,1,,,,,
282,1889-07-01,0.18,0.907,,1889,7,1,,,,,
283,1889-08-01,0.05,0.212,,1889,8,1,,,,,
284,1889-09-01,1.05,-0.27,,1889,9,1,,,,,
285,1889-10-01,0.29,-0.24,,1889,10,1,,,,,
286,1889-11-01,1.92,0.548,,1889,11,1,,,,,
287,1889-12-01,2.35,-0.258,,1889,12,1,,,,,
288,1890-01-01,2.16,-1.072,,1890,1,1,,,,,
289,1890-02-01,1.03,-1.206,,1890,2,1,,,,,
290,1890-03-01,1.43,-1.019,,1890,3,1,,,,,
291,1890-04-01,0.75,-0.903,,1890,4,1,,,,,
292,1890-05-01,0.35,-0.868,,1890,5,1,,,,,
293,1890-06-01,0.45,-1.762,,1890,6,1,,,,,
294,1890-07-01,-0.23,-1.065,,1890,7,1,,,,,
295,1890-08-01,-0.42,-0.553,,1890,8,1,,,,,
296,1890-09-01,0.88,0.003,,1890,9,1,,,,,
297,1890-10-01,0.17,-0.342,,1890,10,1,,,,,
298,1890-11-01,0.16,-0.031,,1890,11,1,,,,,
299,1890-12-01,-0.04,-0.238,,1890,12,1,,,,,
300,1891-01-01,1.56,0.141,,1891,1,1,,,,,
301,1891-02-01,-0.49,-0.29,,1891,2,1,,,,,
302,1891-03-01,-1.22,-0.172,,1891,3,1,,,,,
303,1891-04-01,0.7,0.062,,1891,4,1,,,,,
304,1891-05-01,0.28,0.605,,1891,5,1,,,,,
305,1891-06-01,-0.28,0.759,,1891,6,1,,,,,
306,1891-07-01,-0.58,0.548,,1891,7,1,,,,,
307,1891-08-01,-1.2,0.441,,1891,8,1,,,,,
308,1891-09-01,-1.08,0.251,,1891,9,1,,,,,
309,1891-10-01,0.05,0.667,,1891,10,1,,,,,
310,1891-11-01,-0.49,0.167,,1891,11,1,,,,,
311,1891-12-01,-0.62,-0.082,,1891,12,1,,,,,
312,1892-01-01,0.2,-0.403,,1892,1,1,,,,,
313,1892-02-01,-1.13,-0.475,,1892,2,1,,,,,
314,1892-03-01,1.09,-0.24,,1892,3,1,,,,,
315,1892-04-01,0.96,-0.492,,1892,4,1,,,,,
316,1892-05-01,1.37,-1.122,,1892,5,1,,,,,
317,1892-06-01,2.25,-1.106,,1892,6,1,,,,,
318,1892-07-01,0.78,-1.146,,1892,7,1,,,,,
319,1892-08-01,0.48,-1.361,,1892,8,1,,,,,
320,1892-09-01,0.01,-1.164,,1892,9,1,,,,,
321,1892-10-01,0.85,-1.061,,1892,10,1,,,,,
322,1892-11-01,-0.88,-0.691,,1892,11,1,,,,,
323,1892-12-01,0.3,-0.333,,1892,12,1,,,,,
324,1893-01-01,0.91,0.268,,1893,1,1,,,,,
325,1893-02-01,0.65,-0.258,,1893,2,1,,,,,
326,1893-03-01,0.32,-0.569,,1893,3,1,,,,,
327,1893-04-01,1.44,-0.821,,1893,4,1,,,,,
328,1893-05-01,1.76,-1.152,,1893,5,1,,,,,
329,1893-06-01,2.15,-1.201,,1893,6,1,,,,,
330,1893-07-01,1.88,-1.209,,1893,7,1,,,,,
331,1893-08-01,0.6,-0.514,,1893,8,1,,,,,
332,1893-09-01,1.21,-0.672,,1893,9,1,,,,,
333,1893-10-01,0.63,-0.974,,1893,10,1,,,,,
334,1893-11-01,0.83,-0.573,,1893,11,1,,,,,
335,1893-12-01,-0.5,-0.886,,1893,12,1,,,,,
336,1894-01-01,2.15,-0.966,,1894,1,1,,,,,
337,1894-02-01,0.97,-1.271,,1894,2,1,,,,,
338,1894-03-01,0.82,-1.852,,1894,3,1,,,,,
339,1894-04-01,1.1,-1.98,,1894,4,1,,,,,
340,1894-05-01,-0.86,-2.114,,1894,5,1,,,,,
341,1894-06-01,-0.01,-1.916,,1894,6,1,,,,,
342,1894-07-01,0.47,-1.908,,1894,7,1,,,,,
343,1894-08-01,-1.4,-1.331,,1894,8,1,,,,,
344,1894-09-01,-0.24,-1.596,,1894,9,1,,,,,
345,1894-10-01,0.31,-1.609,,1894,10,1,,,,,
346,1894-11-01,-0.89,-1.481,,1894,11,1,,,,,
347,1894-12-01,0.07,-0.621,,1894,12,1,,,,,
348,1895-01-01,0.54,-0.144,,1895,1,1,,,,,
349,1895-02-01,0.62,0.001,,1895,2,1,,,,,
350,1895-03-01,-0.26,0.143,,1895,3,1,,,,,
351,1895-04-01,1.34,-0.195,,1895,4,1,,,,,
352,1895-05-01,0.65,-0.213,,1895,5,1,,,,,
353,1895-06-01,-1.26,-0.518,,1895,6,1,,,,,
354,1895-07-01,-0.75,-0.006,,1895,7,1,,,,,
355,1895-08-01,-1.02,-0.117,,1895,8,1,,,,,
356,1895-09-01,-0.52,-0.375,,1895,9,1,,,,,
357,1895-10-01,-0.82,0.163,,1895,10,1,,,,,
358,1895-11-01,-0.47,-0.087,,1895,11,1,,,,,
359,1895-12-01,-1.0,0.055,,1895,12,1,,,,,
360,1896-01-01,0.07,0.404,,1896,1,1,,,,,
361,1896-02-01,0.37,0.466,,1896,2,1,,,,,
362,1896-03-01,-0.84,0.167,,1896,3,1,,,,,
363,1896-04-01,-1.19,-0.227,,1896,4,1,,,,,
364,1896-05-01,-3.23,-0.591,,1896,5,1,,,,,
365,1896-06-01,-2.99,-0.345,,1896,6,1,,,,,
366,1896-07-01,-1.39,0.126,,1896,7,1,,,,,
367,1896-08-01,-2.55,0.518,,1896,8,1,,,,,
368,1896-09-01,-1.88,1.353,,1896,9,1,,,,,
369,1896-10-01,-2.01,1.038,,1896,10,1,,,,,
370,1896-11-01,-1.26,0.269,,1896,11,1,,,,,
371,1896-12-01,-1.69,0.529,,1896,12,1,,,,,
372,1897-01-01,-1.42,0.848,,1897,1,1,,,,,
373,1897-02-01,-0.86,0.437,,1897,2,1,,,,,
374,1897-03-01,-2.01,0.227,,1897,3,1,,,,,
375,1897-04-01,-2.0,0.437,,1897,4,1,,,,,
376,1897-05-01,-1.59,0.848,,1897,5,1,,,,,
377,1897-06-01,-0.16,0.915,,1897,6,1,,,,,
378,1897-07-01,-0.19,0.639,,1897,7,1,,,,,
379,1897-08-01,-0.11,0.433,,1897,8,1,,,,,
380,1897-09-01,-0.0,0.278,,1897,9,1,,,,,
381,1897-10-01,0.1,0.769,,1897,10,1,,,,,
382,1897-11-01,-0.96,0.388,,1897,11,1,,,,,
383,1897-12-01,1.04,-0.183,,1897,12,1,,,,,
384,1898-01-01,0.65,-0.413,,1898,1,1,,,,,
385,1898-02-01,0.47,-0.302,,1898,2,1,,,,,
386,1898-03-01,2.02,-0.452,,1898,3,1,,,,,
387,1898-04-01,1.34,-0.348,,1898,4,1,,,,,
388,1898-05-01,-0.11,-0.32,,1898,5,1,,,,,
389,1898-06-01,-0.51,-0.151,,1898,6,1,,,,,
390,1898-07-01,0.65,-0.305,,1898,7,1,,,,,
391,1898-08-01,0.72,0.178,,1898,8,1,,,,,
392,1898-09-01,0.88,0.172,,1898,9,1,,,,,
393,1898-10-01,0.34,-0.313,,1898,10,1,,,,,
394,1898-11-01,0.02,0.032,,1898,11,1,,,,,
395,1898-12-01,0.42,0.346,,1898,12,1,,,,,
396,1899-01-01,1.31,-0.173,,1899,1,1,,,,,
397,1899-02-01,0.87,-0.575,,1899,2,1,,,,,
398,1899-03-01,1.38,-0.513,,1899,3,1,,,,,
399,1899-04-01,0.49,-0.529,,1899,4,1,,,,,
400,1899-05-01,-0.76,-0.66,,1899,5,1,,,,,
401,1899-06-01,-1.43,-0.795,,1899,6,1,,,,,
402,1899-07-01,-0.53,-0.768,,1899,7,1,,,,,
403,1899-08-01,-1.18,0.192,,1899,8,1,,,,,
404,1899-09-01,-0.19,0.838,,1899,9,1,,,,,
405,1899-10-01,0.74,0.131,,1899,10,1,,,,,
406,1899-11-01,1.66,0.919,,1899,11,1,,,,,
407,1899-12-01,-0.44,0.882,,1899,12,1,,,,,
408,1900-01-01,-0.89,0.875,,1900,1,1,,,,,
409,1900-02-01,-0.73,0.665,,1900,2,1,,,,,
410,1900-03-01,-2.95,1.031,,1900,3,1,,,,,
411,1900-04-01,-2.1,1.432,,1900,4,1,,,,,
412,1900-05-01,-0.76,1.051,,1900,5,1,,,,,
413,1900-06-01,3.1,0.859,,1900,6,1,,,,,
414,1900-07-01,1.02,1.256,,1900,7,1,,,,,
415,1900-08-01,0.75,1.09,,1900,8,1,,,,,
416,1900-09-01,-1.61,0.452,,1900,9,1,,,,,
417,1900-10-01,-2.13,0.294,,1900,10,1,,,,,
418,1900-11-01,-0.75,0.301,,1900,11,1,,,,,
419,1900-12-01,-0.73,1.157,,1900,12,1,,,,,
420,1901-01-01,-0.09,1.114,,1901,1,1,,,,,
421,1901-02-01,0.21,0.873,,1901,2,1,,,,,
422,1901-03-01,0.88,0.439,,1901,3,1,,,,,
423,1901-04-01,0.64,-0.079,,1901,4,1,,,,,
424,1901-05-01,0.08,-0.612,,1901,5,1,,,,,
425,1901-06-01,2.3,-0.908,,1901,6,1,,,,,
426,1901-07-01,1.51,-0.721,,1901,7,1,,,,,
427,1901-08-01,0.8,-0.625,,1901,8,1,,,,,
428,1901-09-01,-1.58,-0.015,,1901,9,1,,,,,
429,1901-10-01,-2.69,0.313,,1901,10,1,,,,,
430,1901-11-01,-0.95,0.322,,1901,11,1,,,,,
431,1901-12-01,-0.32,0.66,,1901,12,1,,,,,
432,1902-01-01,1.68,0.925,,1902,1,1,,,,,
433,1902-02-01,-0.28,0.815,,1902,2,1,,,,,
434,1902-03-01,1.1,0.546,,1902,3,1,,,,,
435,1902-04-01,1.15,1.038,,1902,4,1,,,,,
436,1902-05-01,1.41,0.799,,1902,5,1,,,,,
437,1902-06-01,0.24,1.677,,1902,6,1,,,,,
438,1902-07-01,0.21,2.432,,1902,7,1,,,,,
439,1902-08-01,-1.09,1.549,,1902,8,1,,,,,
440,1902-09-01,-1.76,0.836,,1902,9,1,,,,,
441,1902-10-01,-0.77,0.873,,1902,10,1,,,,,
442,1902-11-01,-0.26,0.37,,1902,11,1,,,,,
443,1902-12-01,-0.45,0.126,,1902,12,1,,,,,
444,1903-01-01,-1.1,0.08,,1903,1,1,,,,,
445,1903-02-01,-1.11,0.089,,1903,2,1,,,,,
446,1903-03-01,1.8,-0.016,,1903,3,1,,,,,
447,1903-04-01,2.18,-0.627,,1903,4,1,,,,,
448,1903-05-01,0.92,0.265,,1903,5,1,,,,,
449,1903-06-01,-0.22,0.095,,1903,6,1,,,,,
450,1903-07-01,0.6,1.206,,1903,7,1,,,,,
451,1903-08-01,-0.15,1.107,,1903,8,1,,,,,
452,1903-09-01,0.81,0.538,,1903,9,1,,,,,
453,1903-10-01,0.3,0.244,,1903,10,1,,,,,
454,1903-11-01,-0.05,0.078,,1903,11,1,,,,,
455,1903-12-01,1.66,0.649,,1903,12,1,,,,,
456,1904-01-01,1.39,0.656,,1904,1,1,,,,,
457,1904-02-01,1.53,-0.283,,1904,2,1,,,,,
458,1904-03-01,0.89,-0.042,,1904,3,1,,,,,
459,1904-04-01,3.64,-0.412,,1904,4,1,,,,,
460,1904-05-01,1.0,-0.188,,1904,5,1,,,,,
461,1904-06-01,-1.01,-0.171,,1904,6,1,,,,,
462,1904-07-01,-0.87,-0.149,,1904,7,1,,,,,
463,1904-08-01,-0.11,1.077,,1904,8,1,,,,,
464,1904-09-01,-0.01,1.541,,1904,9,1,,,,,
465,1904-10-01,-0.11,1.144,,1904,10,1,,,,,
466,1904-11-01,-1.81,1.627,,1904,11,1,,,,,
467,1904-12-01,0.18,1.95,,1904,12,1,,,,,
468,1905-01-01,-1.08,1.773,,1905,1,1,,,,,
469,1905-02-01,-1.84,1.562,,1905,2,1,,,,,
470,1905-03-01,-3.51,1.616,,1905,3,1,,,,,
471,1905-04-01,-3.05,1.509,,1905,4,1,,,,,
472,1905-05-01,-1.68,1.09,,1905,5,1,,,,,
473,1905-06-01,-2.29,1.208,,1905,6,1,,,,,
474,1905-07-01,-2.11,1.398,,1905,7,1,,,,,
475,1905-08-01,-0.96,2.224,,1905,8,1,,,,,
476,1905-09-01,-0.7,1.223,,1905,9,1,,,,,
477,1905-10-01,-0.83,0.204,,1905,10,1,,,,,
478,1905-11-01,-1.81,0.918,,1905,11,1,,,,,
479,1905-12-01,-1.57,0.163,,1905,12,1,,,,,
480,1906-01-01,-0.43,1.332,,1906,1,1,,,,,
481,1906-02-01,-0.88,1.405,,1906,2,1,,,,,
482,1906-03-01,-0.56,0.894,,1906,3,1,,,,,
483,1906-04-01,-0.84,0.984,,1906,4,1,,,,,
484,1906-05-01,-1.03,1.268,,1906,5,1,,,,,
485,1906-06-01,-0.71,0.859,,1906,6,1,,,,,
486,1906-07-01,0.68,0.455,,1906,7,1,,,,,
487,1906-08-01,1.43,-0.005,,1906,8,1,,,,,
488,1906-09-01,1.75,-0.426,,1906,9,1,,,,,
489,1906-10-01,0.81,0.546,,1906,10,1,,,,,
490,1906-11-01,1.95,0.893,,1906,11,1,,,,,
491,1906-12-01,0.3,-0.149,,1906,12,1,,,,,
492,1907-01-01,0.56,-0.572,,1907,1,1,,,,,
493,1907-02-01,-0.23,0.101,,1907,2,1,,,,,
494,1907-03-01,-0.32,-0.865,,1907,3,1,,,,,
495,1907-04-01,-0.84,-0.779,,1907,4,1,,,,,
496,1907-05-01,-0.57,0.056,,1907,5,1,,,,,
497,1907-06-01,0.45,0.726,,1907,6,1,,,,,
498,1907-07-01,-0.03,0.851,,1907,7,1,,,,,
499,1907-08-01,-1.05,-0.348,,1907,8,1,,,,,
500,1907-09-01,-0.07,0.4,,1907,9,1,,,,,
501,1907-10-01,-0.43,1.243,,1907,10,1,,,,,
502,1907-11-01,-0.58,0.833,,1907,11,1,,,,,
503,1907-12-01,0.65,1.043,,1907,12,1,,,,,
504,1908-01-01,-0.99,0.794,,1908,1,1,,,,,
505,1908-02-01,0.84,0.698,,1908,2,1,,,,,
506,1908-03-01,-0.41,0.578,,1908,3,1,,,,,
507,1908-04-01,1.02,-0.047,,1908,4,1,,,,,
508,1908-05-01,0.18,-0.001,,1908,5,1,,,,,
509,1908-06-01,-0.63,0.248,,1908,6,1,,,,,
510,1908-07-01,1.43,0.322,,1908,7,1,,,,,
511,1908-08-01,0.2,-0.781,,1908,8,1,,,,,
512,1908-09-01,1.67,0.065,,1908,9,1,,,,,
513,1908-10-01,0.72,0.187,,1908,10,1,,,,,
514,1908-11-01,0.09,0.674,,1908,11,1,,,,,
515,1908-12-01,-0.71,0.588,,1908,12,1,,,,,
516,1909-01-01,-0.3,0.111,,1909,1,1,,,,,
517,1909-02-01,-0.4,-0.124,,1909,2,1,,,,,
518,1909-03-01,-0.15,0.237,,1909,3,1,,,,,
519,1909-04-01,-1.78,-0.116,,1909,4,1,,,,,
520,1909-05-01,0.07,-0.277,,1909,5,1,,,,,
521,1909-06-01,2.63,-0.557,,1909,6,1,,,,,
522,1909-07-01,1.08,-0.883,,1909,7,1,,,,,
523,1909-08-01,0.89,-1.147,,1909,8,1,,,,,
524,1909-09-01,0.06,-1.553,,1909,9,1,,,,,
525,1909-10-01,0.2,-1.146,,1909,10,1,,,,,
526,1909-11-01,0.74,-1.566,,1909,11,1,,,,,
527,1909-12-01,0.41,-1.479,,1909,12,1,,,,,
528,1910-01-01,0.6,-1.498,,1910,1,1,,,,,
529,1910-02-01,1.42,-1.032,,1910,2,1,,,,,
530,1910-03-01,1.25,-0.515,,1910,3,1,,,,,
531,1910-04-01,0.39,-1.297,,1910,4,1,,,,,
532,1910-05-01,0.09,-1.502,,1910,5,1,,,,,
533,1910-06-01,2.49,-1.064,,1910,6,1,,,,,
534,1910-07-01,2.07,-0.33,,1910,7,1,,,,,
535,1910-08-01,0.89,-1.014,,1910,8,1,,,,,
536,1910-09-01,1.46,-0.356,,1910,9,1,,,,,
537,1910-10-01,1.04,-1.044,,1910,10,1,,,,,
538,1910-11-01,1.74,-0.616,,1910,11,1,,,,,
539,1910-12-01,1.66,0.266,,1910,12,1,,,,,
540,1911-01-01,0.3,-0.283,,1911,1,1,,,,,
541,1911-02-01,0.01,-1.15,,1911,2,1,,,,,
542,1911-03-01,0.22,-1.04,,1911,3,1,,,,,
543,1911-04-01,0.05,-0.772,,1911,4,1,,,,,
544,1911-05-01,-0.74,-0.847,,1911,5,1,,,,,
545,1911-06-01,-1.55,-1.277,,1911,6,1,,,,,
546,1911-07-01,-1.26,-0.568,,1911,7,1,,,,,
547,1911-08-01,-1.41,-0.27,,1911,8,1,,,,,
548,1911-09-01,-0.88,-0.394,,1911,9,1,,,,,
549,1911-10-01,-1.3,-0.365,,1911,10,1,,,,,
550,1911-11-01,-0.81,-0.26,,1911,11,1,,,,,
551,1911-12-01,-0.27,-0.137,,1911,12,1,,,,,
552,1912-01-01,-1.11,-0.015,,1912,1,1,,,,,
553,1912-02-01,-1.83,0.258,,1912,2,1,,,,,
554,1912-03-01,-1.14,-0.148,,1912,3,1,,,,,
555,1912-04-01,-2.27,-0.052,,1912,4,1,,,,,
556,1912-05-01,-1.12,-0.091,,1912,5,1,,,,,
557,1912-06-01,-0.99,0.19,,1912,6,1,,,,,
558,1912-07-01,-0.05,0.509,,1912,7,1,,,,,
559,1912-08-01,-0.94,0.158,,1912,8,1,,,,,
560,1912-09-01,-0.4,0.795,,1912,9,1,,,,,
561,1912-10-01,-0.97,0.48,,1912,10,1,,,,,
562,1912-11-01,0.12,0.265,,1912,11,1,,,,,
563,1912-12-01,-1.01,-0.076,,1912,12,1,,,,,
564,1913-01-01,-0.41,-0.454,,1913,1,1,,,,,
565,1913-02-01,-0.63,0.332,,1913,2,1,,,,,
566,1913-03-01,0.01,-0.129,,1913,3,1,,,,,
567,1913-04-01,-0.79,-0.763,,1913,4,1,,,,,
568,1913-05-01,-0.56,-0.367,,1913,5,1,,,,,
569,1913-06-01,-0.6,0.251,,1913,6,1,,,,,
570,1913-07-01,-0.12,0.697,,1913,7,1,,,,,
571,1913-08-01,-0.92,0.711,,1913,8,1,,,,,
572,1913-09-01,-0.95,0.341,,1913,9,1,,,,,
573,1913-10-01,-1.02,0.633,,1913,10,1,,,,,
574,1913-11-01,-1.25,0.419,,1913,11,1,,,,,
575,1913-12-01,-0.89,0.292,,1913,12,1,,,,,
576,1914-01-01,-0.74,0.194,,1914,1,1,,,,,
577,1914-02-01,0.18,0.104,,1914,2,1,,,,,
578,1914-03-01,0.88,0.415,,1914,3,1,,,,,
579,1914-04-01,-2.27,0.882,,1914,4,1,,,,,
580,1914-05-01,-1.21,0.232,,1914,5,1,,,,,
581,1914-06-01,-2.64,-0.731,,1914,6,1,,,,,
582,1914-07-01,-0.97,-1.031,,1914,7,1,,,,,
583,1914-08-01,-1.84,-0.365,,1914,8,1,,,,,
584,1914-09-01,-1.47,-0.631,,1914,9,1,,,,,
585,1914-10-01,-0.73,-0.554,,1914,10,1,,,,,
586,1914-11-01,-0.47,-0.115,,1914,11,1,,,,,
587,1914-12-01,0.17,0.26,,1914,12,1,,,,,
588,1915-01-01,-2.71,0.433,,1915,1,1,,,,,
589,1915-02-01,-0.59,0.183,,1915,2,1,,,,,
590,1915-03-01,-2.49,1.012,,1915,3,1,,,,,
591,1915-04-01,-1.49,1.439,,1915,4,1,,,,,
592,1915-05-01,1.22,1.854,,1915,5,1,,,,,
593,1915-06-01,2.68,1.756,,1915,6,1,,,,,
594,1915-07-01,2.53,1.427,,1915,7,1,,,,,
595,1915-08-01,1.3,0.552,,1915,8,1,,,,,
596,1915-09-01,1.34,0.092,,1915,9,1,,,,,
597,1915-10-01,0.95,-0.876,,1915,10,1,,,,,
598,1915-11-01,-1.74,-0.855,,1915,11,1,,,,,
599,1915-12-01,0.99,-0.503,,1915,12,1,,,,,
600,1916-01-01,0.56,-0.836,,1916,1,1,,,,,
601,1916-02-01,-0.52,-0.759,,1916,2,1,,,,,
602,1916-03-01,-0.83,-0.518,,1916,3,1,,,,,
603,1916-04-01,0.01,-0.232,,1916,4,1,,,,,
604,1916-05-01,0.43,-0.337,,1916,5,1,,,,,
605,1916-06-01,0.75,-1.112,,1916,6,1,,,,,
606,1916-07-01,2.57,-1.15,,1916,7,1,,,,,
607,1916-08-01,1.51,-1.44,,1916,8,1,,,,,
608,1916-09-01,0.42,-1.38,,1916,9,1,,,,,
609,1916-10-01,0.36,-1.311,,1916,10,1,,,,,
610,1916-11-01,0.77,-1.886,,1916,11,1,,,,,
611,1916-12-01,1.62,-1.833,,1916,12,1,,,,,
612,1917-01-01,0.46,-1.445,,1917,1,1,,,,,
613,1917-02-01,0.98,-1.317,,1917,2,1,,,,,
614,1917-03-01,1.86,-1.528,,1917,3,1,,,,,
615,1917-04-01,2.58,-1.286,,1917,4,1,,,,,
616,1917-05-01,2.4,-0.931,,1917,5,1,,,,,
617,1917-06-01,2.39,-0.726,,1917,6,1,,,,,
618,1917-07-01,2.83,-0.299,,1917,7,1,,,,,
619,1917-08-01,3.48,-0.074,,1917,8,1,,,,,
620,1917-09-01,2.84,-0.559,,1917,9,1,,,,,
621,1917-10-01,1.51,-0.928,,1917,10,1,,,,,
622,1917-11-01,1.93,-0.615,,1917,11,1,,,,,
623,1917-12-01,2.4,-0.272,,1917,12,1,,,,,
624,1918-01-01,1.46,0.247,,1918,1,1,,,,,
625,1918-02-01,1.58,-0.269,,1918,2,1,,,,,
626,1918-03-01,-0.39,-0.516,,1918,3,1,,,,,
627,1918-04-01,2.07,-0.575,,1918,4,1,,,,,
628,1918-05-01,1.09,-0.534,,1918,5,1,,,,,
629,1918-06-01,-0.78,-0.085,,1918,6,1,,,,,
630,1918-07-01,-1.38,0.421,,1918,7,1,,,,,
631,1918-08-01,-0.64,0.551,,1918,8,1,,,,,
632,1918-09-01,-0.85,0.723,,1918,9,1,,,,,
633,1918-10-01,-0.62,1.301,,1918,10,1,,,,,
634,1918-11-01,0.02,1.207,,1918,11,1,,,,,
635,1918-12-01,-1.0,0.863,,1918,12,1,,,,,
636,1919-01-01,-1.62,1.006,,1919,1,1,,,,,
637,1919-02-01,-1.19,0.455,,1919,2,1,,,,,
638,1919-03-01,-1.57,-0.058,,1919,3,1,,,,,
639,1919-04-01,-0.37,-0.057,,1919,4,1,,,,,
640,1919-05-01,-0.96,-0.267,,1919,5,1,,,,,
641,1919-06-01,-1.46,-0.631,,1919,6,1,,,,,
642,1919-07-01,-0.87,-0.908,,1919,7,1,,,,,
643,1919-08-01,-0.9,-0.291,,1919,8,1,,,,,
644,1919-09-01,-0.59,0.332,,1919,9,1,,,,,
645,1919-10-01,-1.25,0.225,,1919,10,1,,,,,
646,1919-11-01,-1.23,-0.161,,1919,11,1,,,,,
647,1919-12-01,-1.12,0.069,,1919,12,1,,,,,
648,1920-01-01,0.18,-0.247,,1920,1,1,,,,,
649,1920-02-01,-0.29,-0.295,,1920,2,1,,,,,
650,1920-03-01,-0.63,-0.485,,1920,3,1,,,,,
651,1920-04-01,-0.1,-0.871,,1920,4,1,,,,,
652,1920-05-01,-0.4,-0.51,,1920,5,1,,,,,
653,1920-06-01,0.4,-0.67,,1920,6,1,,,,,
654,1920-07-01,0.92,-0.652,,1920,7,1,,,,,
655,1920-08-01,0.44,-1.164,,1920,8,1,,,,,
656,1920-09-01,0.47,-1.277,,1920,9,1,,,,,
657,1920-10-01,-0.69,-1.26,,1920,10,1,,,,,
658,1920-11-01,-0.19,-0.633,,1920,11,1,,,,,
659,1920-12-01,0.99,-0.551,,1920,12,1,,,,,
660,1921-01-01,1.09,-0.669,,1921,1,1,,,,,
661,1921-02-01,0.58,-1.0,,1921,2,1,,,,,
662,1921-03-01,1.07,-0.785,,1921,3,1,,,,,
663,1921-04-01,-1.28,-1.428,,1921,4,1,,,,,
664,1921-05-01,-0.01,-1.518,,1921,5,1,,,,,
665,1921-06-01,4.07,-0.996,,1921,6,1,,,,,
666,1921-07-01,0.29,-1.358,,1921,7,1,,,,,
667,1921-08-01,-0.88,-1.166,,1921,8,1,,,,,
668,1921-09-01,0.46,-1.13,,1921,9,1,,,,,
669,1921-10-01,0.97,-0.911,,1921,10,1,,,,,
670,1921-11-01,0.76,-0.065,,1921,11,1,,,,,
671,1921-12-01,0.81,0.219,,1921,12,1,,,,,
672,1922-01-01,0.78,-0.106,,1922,1,1,,,,,
673,1922-02-01,0.77,-1.034,,1922,2,1,,,,,
674,1922-03-01,0.48,-1.044,,1922,3,1,,,,,
675,1922-04-01,-0.69,-1.265,,1922,4,1,,,,,
676,1922-05-01,-0.76,-1.437,,1922,5,1,,,,,
677,1922-06-01,0.45,-0.999,,1922,6,1,,,,,
678,1922-07-01,0.23,-0.466,,1922,7,1,,,,,
679,1922-08-01,-0.28,-0.54,,1922,8,1,,,,,
680,1922-09-01,0.46,-0.412,,1922,9,1,,,,,
681,1922-10-01,0.55,0.065,,1922,10,1,,,,,
682,1922-11-01,0.76,-0.449,,1922,11,1,,,,,
683,1922-12-01,1.21,0.111,,1922,12,1,,,,,
684,1923-01-01,0.56,0.151,,1923,1,1,,,,,
685,1923-02-01,0.34,-0.341,,1923,2,1,,,,,
686,1923-03-01,0.84,-0.461,,1923,3,1,,,,,
687,1923-04-01,0.81,-0.102,,1923,4,1,,,,,
688,1923-05-01,-0.01,0.039,,1923,5,1,,,,,
689,1923-06-01,-0.17,-0.447,,1923,6,1,,,,,
690,1923-07-01,-1.11,0.562,,1923,7,1,,,,,
691,1923-08-01,-2.14,0.146,,1923,8,1,,,,,
692,1923-09-01,-1.46,0.009,,1923,9,1,,,,,
693,1923-10-01,-0.72,0.667,,1923,10,1,,,,,
694,1923-11-01,-1.41,0.522,,1923,11,1,,,,,
695,1923-12-01,0.13,-0.005,,1923,12,1,,,,,
696,1924-01-01,-0.68,-0.207,,1924,1,1,,,,,
697,1924-02-01,0.01,-0.052,,1924,2,1,,,,,
698,1924-03-01,0.11,0.007,,1924,3,1,,,,,
699,1924-04-01,-1.95,-0.313,,1924,4,1,,,,,
700,1924-05-01,1.19,-0.15,,1924,5,1,,,,,
701,1924-06-01,0.84,0.14,,1924,6,1,,,,,
702,1924-07-01,0.78,-0.574,,1924,7,1,,,,,
703,1924-08-01,0.88,-0.911,,1924,8,1,,,,,
704,1924-09-01,0.74,-1.076,,1924,9,1,,,,,
705,1924-10-01,0.63,-1.523,,1924,10,1,,,,,
706,1924-11-01,1.02,-0.911,,1924,11,1,,,,,
707,1924-12-01,0.48,-0.236,,1924,12,1,,,,,
708,1925-01-01,0.54,-0.672,,1925,1,1,,,,,
709,1925-02-01,1.22,-0.31,,1925,2,1,,,,,
710,1925-03-01,1.52,-0.312,,1925,3,1,,,,,
711,1925-04-01,1.48,-0.393,,1925,4,1,,,,,
712,1925-05-01,-0.3,-0.402,,1925,5,1,,,,,
713,1925-06-01,-0.82,-0.926,,1925,6,1,,,,,
714,1925-07-01,-1.31,-0.25,,1925,7,1,,,,,
715,1925-08-01,-1.24,-0.598,,1925,8,1,,,,,
716,1925-09-01,-0.66,0.245,,1925,9,1,,,,,
717,1925-10-01,-1.5,0.725,,1925,10,1,,,,,
718,1925-11-01,-0.97,1.048,,1925,11,1,,,,,
719,1925-12-01,-0.89,1.15,,1925,12,1,,,,,
720,1926-01-01,-0.62,1.546,,1926,1,1,,,,,
721,1926-02-01,-1.56,1.514,,1926,2,1,,,,,
722,1926-03-01,-1.65,1.457,,1926,3,1,,,,,
723,1926-04-01,-0.75,1.871,,1926,4,1,,,,,
724,1926-05-01,-0.28,2.155,,1926,5,1,,,,,
725,1926-06-01,-1.05,1.784,,1926,6,1,,,,,
726,1926-07-01,-0.09,1.817,,1926,7,1,,,,,
727,1926-08-01,-0.92,1.301,,1926,8,1,,,,,
728,1926-09-01,0.12,1.152,,1926,9,1,,,,,
729,1926-10-01,0.24,1.255,,1926,10,1,,,,,
730,1926-11-01,0.07,2.038,,1926,11,1,,,,,
731,1926-12-01,0.59,1.838,,1926,12,1,,,,,
732,1927-01-01,0.51,1.135,,1927,1,1,,,,,
733,1927-02-01,0.01,1.602,,1927,2,1,,,,,
734,1927-03-01,1.84,1.005,,1927,3,1,,,,,
735,1927-04-01,0.75,0.379,,1927,4,1,,,,,
736,1927-05-01,0.62,-0.113,,1927,5,1,,,,,
737,1927-06-01,0.91,0.448,,1927,6,1,,,,,
738,1927-07-01,0.17,-0.48,,1927,7,1,,,,,
739,1927-08-01,-0.75,-0.651,,1927,8,1,,,,,
740,1927-09-01,-0.07,-0.231,,1927,9,1,,,,,
741,1927-10-01,-0.55,-0.517,,1927,10,1,,,,,
742,1927-11-01,-0.91,-0.279,,1927,11,1,,,,,
743,1927-12-01,0.75,-0.309,,1927,12,1,,,,,
744,1928-01-01,-1.22,0.487,,1928,1,1,,,,,
745,1928-02-01,0.95,0.739,,1928,2,1,,,,,
746,1928-03-01,1.38,0.803,,1928,3,1,,,,,
747,1928-04-01,1.44,0.562,,1928,4,1,,,,,
748,1928-05-01,-0.09,0.617,,1928,5,1,,,,,
749,1928-06-01,-1.15,0.846,,1928,6,1,,,,,
750,1928-07-01,-0.02,-0.121,,1928,7,1,,,,,
751,1928-08-01,0.8,-0.482,,1928,8,1,,,,,
752,1928-09-01,0.74,-1.266,,1928,9,1,,,,,
753,1928-10-01,0.77,-0.813,,1928,10,1,,,,,
754,1928-11-01,0.21,-0.0,,1928,11,1,,,,,
755,1928-12-01,1.2,0.338,,1928,12,1,,,,,
756,1929-01-01,1.74,0.487,,1929,1,1,,,,,
757,1929-02-01,1.69,0.064,,1929,2,1,,,,,
758,1929-03-01,0.41,0.039,,1929,3,1,,,,,
759,1929-04-01,0.58,0.117,,1929,4,1,,,,,
760,1929-05-01,-1.2,0.413,,1929,5,1,,,,,
761,1929-06-01,0.06,0.146,,1929,6,1,,,,,
762,1929-07-01,0.21,0.138,,1929,7,1,,,,,
763,1929-08-01,-0.17,-0.082,,1929,8,1,,,,,
764,1929-09-01,-0.07,1.034,,1929,9,1,,,,,
765,1929-10-01,0.8,0.764,,1929,10,1,,,,,
766,1929-11-01,0.95,0.754,,1929,11,1,,,,,
767,1929-12-01,0.53,1.304,,1929,12,1,,,,,
768,1930-01-01,1.31,0.861,,1930,1,1,,,,,
769,1930-02-01,0.68,0.729,,1930,2,1,,,,,
770,1930-03-01,0.04,0.354,,1930,3,1,,,,,
771,1930-04-01,-0.33,0.208,,1930,4,1,,,,,
772,1930-05-01,0.47,-0.198,,1930,5,1,,,,,
773,1930-06-01,-0.84,-0.05,,1930,6,1,,,,,
774,1930-07-01,-0.4,-0.287,,1930,7,1,,,,,
775,1930-08-01,-0.39,0.379,,1930,8,1,,,,,
776,1930-09-01,-0.72,0.703,,1930,9,1,,,,,
777,1930-10-01,0.46,0.452,,1930,10,1,,,,,
778,1930-11-01,0.3,0.457,,1930,11,1,,,,,
779,1930-12-01,-0.27,0.71,,1930,12,1,,,,,
780,1931-01-01,0.63,1.181,,1931,1,1,,,,,
781,1931-02-01,-1.61,1.302,,1931,2,1,,,,,
782,1931-03-01,0.44,1.403,,1931,3,1,,,,,
783,1931-04-01,1.1,1.698,,1931,4,1,,,,,
784,1931-05-01,1.66,2.126,,1931,5,1,,,,,
785,1931-06-01,2.23,1.944,,1931,6,1,,,,,
786,1931-07-01,0.98,2.089,,1931,7,1,,,,,
787,1931-08-01,-0.5,1.169,,1931,8,1,,,,,
788,1931-09-01,0.35,1.003,,1931,9,1,,,,,
789,1931-10-01,-1.0,0.437,,1931,10,1,,,,,
790,1931-11-01,-0.37,0.11,,1931,11,1,,,,,
791,1931-12-01,0.81,-0.353,,1931,12,1,,,,,
792,1932-01-01,0.21,-0.882,,1932,1,1,,,,,
793,1932-02-01,-0.36,-0.899,,1932,2,1,,,,,
794,1932-03-01,-0.72,-0.098,,1932,3,1,,,,,
795,1932-04-01,-2.76,0.718,,1932,4,1,,,,,
796,1932-05-01,0.09,-0.048,,1932,5,1,,,,,
797,1932-06-01,-0.26,-0.122,,1932,6,1,,,,,
798,1932-07-01,-1.52,-0.23,,1932,7,1,,,,,
799,1932-08-01,-0.9,-0.051,,1932,8,1,,,,,
800,1932-09-01,-0.86,-0.609,,1932,9,1,,,,,
801,1932-10-01,-0.69,-0.004,,1932,10,1,,,,,
802,1932-11-01,-0.61,-0.155,,1932,11,1,,,,,
803,1932-12-01,0.25,0.034,,1932,12,1,,,,,
804,1933-01-01,-1.22,-0.597,,1933,1,1,,,,,
805,1933-02-01,0.34,-0.909,,1933,2,1,,,,,
806,1933-03-01,-0.35,-0.867,,1933,3,1,,,,,
807,1933-04-01,0.47,-0.838,,1933,4,1,,,,,
808,1933-05-01,0.74,-1.409,,1933,5,1,,,,,
809,1933-06-01,-0.68,-1.887,,1933,6,1,,,,,
810,1933-07-01,0.38,-2.551,,1933,7,1,,,,,
811,1933-08-01,-0.23,-2.068,,1933,8,1,,,,,
812,1933-09-01,0.17,-2.206,,1933,9,1,,,,,
813,1933-10-01,0.17,-1.341,,1933,10,1,,,,,
814,1933-11-01,0.53,-0.32,,1933,11,1,,,,,
815,1933-12-01,0.81,-0.563,,1933,12,1,,,,,
816,1934-01-01,0.62,-0.435,,1934,1,1,,,,,
817,1934-02-01,-0.06,0.165,,1934,2,1,,,,,
818,1934-03-01,-0.12,0.785,,1934,3,1,,,,,
819,1934-04-01,0.64,1.313,,1934,4,1,,,,,
820,1934-05-01,-0.76,0.944,,1934,5,1,,,,,
821,1934-06-01,1.12,0.056,,1934,6,1,,,,,
822,1934-07-01,0.3,0.051,,1934,7,1,,,,,
823,1934-08-01,-2.44,1.054,,1934,8,1,,,,,
824,1934-09-01,-0.64,0.973,,1934,9,1,,,,,
825,1934-10-01,0.38,1.584,,1934,10,1,,,,,
826,1934-11-01,1.21,1.595,,1934,11,1,,,,,
827,1934-12-01,-0.38,1.341,,1934,12,1,,,,,
828,1935-01-01,0.64,0.62,,1935,1,1,,,,,
829,1935-02-01,-0.56,0.375,,1935,2,1,,,,,
830,1935-03-01,1.21,-0.104,,1935,3,1,,,,,
831,1935-04-01,0.37,0.317,,1935,4,1,,,,,
832,1935-05-01,-0.46,0.689,,1935,5,1,,,,,
833,1935-06-01,-0.42,0.978,,1935,6,1,,,,,
834,1935-07-01,-0.02,0.333,,1935,7,1,,,,,
835,1935-08-01,0.0,0.39,,1935,8,1,,,,,
836,1935-09-01,0.59,0.478,,1935,9,1,,,,,
837,1935-10-01,0.6,0.609,,1935,10,1,,,,,
838,1935-11-01,0.3,0.337,,1935,11,1,,,,,
839,1935-12-01,-0.56,1.343,,1935,12,1,,,,,
840,1936-01-01,-0.3,1.765,,1936,1,1,,,,,
841,1936-02-01,-0.04,1.565,,1936,2,1,,,,,
842,1936-03-01,0.05,1.157,,1936,3,1,,,,,
843,1936-04-01,2.81,1.22,,1936,4,1,,,,,
844,1936-05-01,0.27,1.574,,1936,5,1,,,,,
845,1936-06-01,-0.37,1.838,,1936,6,1,,,,,
846,1936-07-01,0.43,2.266,,1936,7,1,,,,,
847,1936-08-01,-1.0,1.654,,1936,8,1,,,,,
848,1936-09-01,0.23,0.684,,1936,9,1,,,,,
849,1936-10-01,-0.11,1.996,,1936,10,1,,,,,
850,1936-11-01,-1.55,2.342,,1936,11,1,,,,,
851,1936-12-01,-0.04,1.424,,1936,12,1,,,,,
852,1937-01-01,0.95,0.121,,1937,1,1,,,,,
853,1937-02-01,-0.59,-0.262,,1937,2,1,,,,,
854,1937-03-01,0.55,-0.178,,1937,3,1,,,,,
855,1937-04-01,0.18,-0.527,,1937,4,1,,,,,
856,1937-05-01,0.19,-0.169,,1937,5,1,,,,,
857,1937-06-01,0.22,1.092,,1937,6,1,,,,,
858,1937-07-01,-0.53,0.066,,1937,7,1,,,,,
859,1937-08-01,0.2,-0.44,,1937,8,1,,,,,
860,1937-09-01,0.04,0.161,,1937,9,1,,,,,
861,1937-10-01,-0.39,0.532,,1937,10,1,,,,,
862,1937-11-01,-0.46,0.749,,1937,11,1,,,,,
863,1937-12-01,0.64,1.165,,1937,12,1,,,,,
864,1938-01-01,0.75,1.218,,1938,1,1,,,,,
865,1938-02-01,0.21,0.303,,1938,2,1,,,,,
866,1938-03-01,-0.55,-0.212,,1938,3,1,,,,,
867,1938-04-01,0.39,-0.013,,1938,4,1,,,,,
868,1938-05-01,1.18,-0.419,,1938,5,1,,,,,
869,1938-06-01,2.01,-0.397,,1938,6,1,,,,,
870,1938-07-01,1.87,-0.304,,1938,7,1,,,,,
871,1938-08-01,1.24,-0.363,,1938,8,1,,,,,
872,1938-09-01,0.69,-0.014,,1938,9,1,,,,,
873,1938-10-01,1.37,0.631,,1938,10,1,,,,,
874,1938-11-01,-0.07,0.132,,1938,11,1,,,,,
875,1938-12-01,1.42,0.672,,1938,12,1,,,,,
876,1939-01-01,1.74,0.646,,1939,1,1,,,,,
877,1939-02-01,0.66,-0.315,,1939,2,1,,,,,
878,1939-03-01,1.14,-0.549,,1939,3,1,,,,,
879,1939-04-01,1.13,0.011,,1939,4,1,,,,,
880,1939-05-01,-0.1,0.257,,1939,5,1,,,,,
881,1939-06-01,-0.37,0.215,,1939,6,1,,,,,
882,1939-07-01,0.84,-0.406,,1939,7,1,,,,,
883,1939-08-01,-0.11,-0.53,,1939,8,1,,,,,
884,1939-09-01,-0.95,-0.747,,1939,9,1,,,,,
885,1939-10-01,-1.71,-0.857,,1939,10,1,,,,,
886,1939-11-01,-0.96,-0.276,,1939,11,1,,,,,
887,1939-12-01,-1.07,1.608,,1939,12,1,,,,,
888,1940-01-01,-0.06,1.873,,1940,1,1,,,,,
889,1940-02-01,-0.56,1.828,,1940,2,1,,,,,
890,1940-03-01,-1.34,2.013,,1940,3,1,,,,,
891,1940-04-01,-0.94,2.222,,1940,4,1,,,,,
892,1940-05-01,-1.39,2.237,,1940,5,1,,,,,
893,1940-06-01,-2.49,2.525,,1940,6,1,,,,,
894,1940-07-01,-1.5,2.047,,1940,7,1,,,,,
895,1940-08-01,-2.11,1.668,,1940,8,1,,,,,
896,1940-09-01,-1.95,1.54,,1940,9,1,,,,,
897,1940-10-01,-1.8,1.582,,1940,10,1,,,,,
898,1940-11-01,-0.77,1.781,,1940,11,1,,,,,
899,1940-12-01,-3.38,2.343,,1940,12,1,,,,,
900,1941-01-01,-1.13,2.658,,1941,1,1,,,,,
901,1941-02-01,-1.6,2.814,,1941,2,1,,,,,
902,1941-03-01,-1.33,2.486,,1941,3,1,,,,,
903,1941-04-01,-1.19,2.417,,1941,4,1,,,,,
904,1941-05-01,-0.75,2.335,,1941,5,1,,,,,
905,1941-06-01,-1.89,2.767,,1941,6,1,,,,,
906,1941-07-01,-2.0,2.989,,1941,7,1,,,,,
907,1941-08-01,-2.2,3.304,,1941,8,1,,,,,
908,1941-09-01,-0.83,2.353,,1941,9,1,,,,,
909,1941-10-01,-2.29,1.744,,1941,10,1,,,,,
910,1941-11-01,-1.09,1.904,,1941,11,1,,,,,
911,1941-12-01,-1.07,2.187,,1941,12,1,,,,,
912,1942-01-01,-1.51,2.221,,1942,1,1,,,,,
913,1942-02-01,-0.51,1.587,,1942,2,1,,,,,
914,1942-03-01,-0.8,1.258,,1942,3,1,,,,,
915,1942-04-01,-0.52,1.149,,1942,4,1,,,,,
916,1942-05-01,0.25,1.045,,1942,5,1,,,,,
917,1942-06-01,0.8,0.788,,1942,6,1,,,,,
918,1942-07-01,-0.08,0.52,,1942,7,1,,,,,
919,1942-08-01,0.3,0.487,,1942,8,1,,,,,
920,1942-09-01,0.82,0.508,,1942,9,1,,,,,
921,1942-10-01,0.7,0.376,,1942,10,1,,,,,
922,1942-11-01,-0.64,0.049,,1942,11,1,,,,,
923,1942-12-01,1.42,-0.359,,1942,12,1,,,,,
924,1943-01-01,0.88,-0.444,,1943,1,1,,,,,
925,1943-02-01,0.91,0.016,,1943,2,1,,,,,
926,1943-03-01,0.29,0.342,,1943,3,1,,,,,
927,1943-04-01,1.59,0.709,,1943,4,1,,,,,
928,1943-05-01,0.25,0.299,,1943,5,1,,,,,
929,1943-06-01,-1.13,-0.378,,1943,6,1,,,,,
930,1943-07-01,0.3,-0.493,,1943,7,1,,,,,
931,1943-08-01,0.69,-1.184,,1943,8,1,,,,,
932,1943-09-01,0.53,-0.847,,1943,9,1,,,,,
933,1943-10-01,0.79,-0.476,,1943,10,1,,,,,
934,1943-11-01,0.22,0.225,,1943,11,1,,,,,
935,1943-12-01,-1.06,0.947,,1943,12,1,,,,,
936,1944-01-01,-0.95,0.832,,1944,1,1,,,,,
937,1944-02-01,0.3,0.116,,1944,2,1,,,,,
938,1944-03-01,0.46,-0.113,,1944,3,1,,,,,
939,1944-04-01,-0.54,-0.319,,1944,4,1,,,,,
940,1944-05-01,0.02,-0.9,,1944,5,1,,,,,
941,1944-06-01,-0.61,-1.213,,1944,6,1,,,,,
942,1944-07-01,-0.85,-0.863,,1944,7,1,,,,,
943,1944-08-01,0.13,-0.321,,1944,8,1,,,,,
944,1944-09-01,0.22,-0.709,,1944,9,1,,,,,
945,1944-10-01,-1.03,-0.977,,1944,10,1,,,,,
946,1944-11-01,-0.84,-0.399,,1944,11,1,,,,,
947,1944-12-01,0.36,-0.586,,1944,12,1,,,,,
948,1945-01-01,0.43,-0.349,,1945,1,1,,,,,
949,1945-02-01,0.53,0.161,,1945,2,1,,,,,
950,1945-03-01,1.33,-0.511,,1945,3,1,,,,,
951,1945-04-01,-0.73,-0.274,,1945,4,1,,,,,
952,1945-05-01,0.02,0.014,,1945,5,1,,,,,
953,1945-06-01,0.8,0.515,,1945,6,1,,,,,
954,1945-07-01,0.39,0.768,,1945,7,1,,,,,
955,1945-08-01,1.06,0.032,,1945,8,1,,,,,
956,1945-09-01,0.8,-0.066,,1945,9,1,,,,,
957,1945-10-01,0.21,-0.156,,1945,10,1,,,,,
958,1945-11-01,-0.45,-1.061,,1945,11,1,,,,,
959,1945-12-01,0.63,-1.437,,1945,12,1,,,,,
960,1946-01-01,-0.32,-0.584,,1946,1,1,,,,,
961,1946-02-01,0.29,0.221,,1946,2,1,,,,,
962,1946-03-01,-0.38,0.111,,1946,3,1,,,,,
963,1946-04-01,-1.03,-0.001,,1946,4,1,,,,,
964,1946-05-01,-1.19,-0.548,,1946,5,1,,,,,
965,1946-06-01,-1.32,-0.429,,1946,6,1,,,,,
966,1946-07-01,-0.99,0.094,,1946,7,1,,,,,
967,1946-08-01,-0.64,0.536,,1946,8,1,,,,,
968,1946-09-01,-1.58,0.258,,1946,9,1,,,,,
969,1946-10-01,-1.38,-0.601,,1946,10,1,,,,,
970,1946-11-01,-0.25,-1.202,,1946,11,1,,,,,
971,1946-12-01,-0.71,-1.164,,1946,12,1,,,,,
972,1947-01-01,-0.63,-0.313,,1947,1,1,,,,,
973,1947-02-01,-0.56,0.103,,1947,2,1,,,,,
974,1947-03-01,1.13,0.965,,1947,3,1,,,,,
975,1947-04-01,-0.56,0.654,,1947,4,1,,,,,
976,1947-05-01,-1.24,0.246,,1947,5,1,,,,,
977,1947-06-01,0.16,1.506,,1947,6,1,,,,,
978,1947-07-01,0.98,0.948,,1947,7,1,,,,,
979,1947-08-01,0.66,0.749,,1947,8,1,,,,,
980,1947-09-01,1.1,0.726,,1947,9,1,,,,,
981,1947-10-01,-0.35,1.104,,1947,10,1,,,,,
982,1947-11-01,0.75,0.389,,1947,11,1,,,,,
983,1947-12-01,0.47,0.265,,1947,12,1,,,,,
984,1948-01-01,-0.43,0.25,,1948,1,1,,,,,
985,1948-02-01,-0.41,-0.351,,1948,2,1,,,,,
986,1948-03-01,-0.6,-0.761,,1948,3,1,,,,,
987,1948-04-01,0.26,-0.904,,1948,4,1,,,,,
988,1948-05-01,0.35,-0.93,,1948,5,1,,,,,
989,1948-06-01,-0.76,-0.082,,1948,6,1,,,,,
990,1948-07-01,0.1,0.182,,1948,7,1,,,,,
991,1948-08-01,-0.55,-0.756,,1948,8,1,,,,,
992,1948-09-01,-0.76,-1.023,,1948,9,1,,,,,
993,1948-10-01,0.54,-1.12,,1948,10,1,,,,,
994,1948-11-01,0.19,-0.576,,1948,11,1,,,,,
995,1948-12-01,-0.72,-1.157,,1948,12,1,,,,,
996,1949-01-01,-0.86,-2.775,,1949,1,1,,,,,
997,1949-02-01,0.05,-3.083,,1949,2,1,,,,,
998,1949-03-01,0.49,-1.925,,1949,3,1,,,,,
999,1949-04-01,0.28,-1.478,,1949,4,1,,,,,
1000,1949-05-01,-0.68,-1.101,,1949,5,1,,,,,
1001,1949-06-01,-1.6,-0.864,,1949,6,1,,,,,
1002,1949-07-01,-0.15,-0.907,,1949,7,1,,,,,
1003,1949-08-01,-0.64,-1.204,,1949,8,1,,,,,
1004,1949-09-01,0.17,-1.057,,1949,9,1,,,,,
1005,1949-10-01,0.38,-1.702,,1949,10,1,,,,,
1006,1949-11-01,-0.77,-1.07,,1949,11,1,,,,,
1007,1949-12-01,0.77,-1.059,,1949,12,1,,,,,
1008,1950-01-01,0.54,-1.655,-0.06,1950,1,1,,,,,
1009,1950-02-01,1.58,-2.131,0.627,1950,2,1,,,,,
1010,1950-03-01,1.79,-1.761,-0.008,1950,3,1,,,,,
1011,1950-04-01,1.67,-1.663,0.555,1950,4,1,,,,,
1012,1950-05-01,0.55,-2.586,0.072,1950,5,1,,,,,
1013,1950-06-01,3.06,-1.967,0.539,1950,6,1,,,,,
1014,1950-07-01,2.14,-2.803,-0.802,1950,7,1,,,,,
1015,1950-08-01,1.14,-1.934,-0.851,1950,8,1,,,,,
1016,1950-09-01,0.63,-1.651,0.358,1950,9,1,,,,,
1017,1950-10-01,1.68,-1.5,-0.379,1950,10,1,,,,,
1018,1950-11-01,0.89,-1.669,-0.515,1950,11,1,,,,,
1019,1950-12-01,2.46,-0.905,-1.928,1950,12,1,,,,,
1020,1951-01-01,1.32,-1.091,-0.085,1951,1,1,,,,,
1021,1951-02-01,0.47,-1.494,-0.4,1951,2,1,,,,,
1022,1951-03-01,-0.71,-1.561,-1.934,1951,3,1,,,,,
1023,1951-04-01,-1.03,-1.075,-0.776,1951,4,1,,,,,
1024,1951-05-01,-1.29,-0.835,-0.863,1951,5,1,,,,,
1025,1951-06-01,-0.52,-0.967,-0.918,1951,6,1,,,,,
1026,1951-07-01,-1.33,0.297,0.09,1951,7,1,,,,,
1027,1951-08-01,-0.75,-0.865,-0.377,1951,8,1,,,,,
1028,1951-09-01,-1.17,-0.023,-0.818,1951,9,1,,,,,
1029,1951-10-01,-1.44,0.168,-0.213,1951,10,1,,,,,
1030,1951-11-01,-0.98,-0.167,-0.069,1951,11,1,,,,,
1031,1951-12-01,-0.9,-1.343,1.987,1951,12,1,,,,,
1032,1952-01-01,-0.92,-2.105,0.368,1952,1,1,,,,,
1033,1952-02-01,-0.83,-1.128,-1.747,1952,2,1,,,,,
1034,1952-03-01,-0.02,-1.362,-1.859,1952,3,1,,,,,
1035,1952-04-01,-0.73,-1.543,0.539,1952,4,1,,,,,
1036,1952-05-01,0.67,-1.358,-0.774,1952,5,1,,,,,
1037,1952-06-01,0.78,-1.83,-0.441,1952,6,1,,,,,
1038,1952-07-01,0.51,-1.561,0.383,1952,7,1,,,,,
1039,1952-08-01,-0.38,-0.756,-0.03,1952,8,1,,,,,
1040,1952-09-01,-0.24,-0.668,-0.383,1952,9,1,,,,,
1041,1952-10-01,0.12,-0.146,-0.437,1952,10,1,,,,,
1042,1952-11-01,-0.22,-0.16,-1.891,1952,11,1,,,,,
1043,1952-12-01,-1.4,-0.687,-1.827,1952,12,1,,,,,
1044,1953-01-01,0.12,-0.151,-1.036,1953,1,1,,,,,
1045,1953-02-01,-0.72,-0.253,-0.249,1953,2,1,,,,,
1046,1953-03-01,-0.79,-1.029,1.068,1953,3,1,,,,,
1047,1953-04-01,-0.18,-0.655,-1.256,1953,4,1,,,,,
1048,1953-05-01,-2.72,-0.16,-0.562,1953,5,1,,,,,
1049,1953-06-01,-0.47,-0.219,0.023,1953,6,1,,,,,
1050,1953-07-01,-0.06,0.142,0.333,1953,7,1,,,,,
1051,1953-08-01,-1.89,-0.44,0.085,1953,8,1,,,,,
1052,1953-09-01,-1.35,-0.531,0.662,1953,9,1,,,,,
1053,1953-10-01,-0.18,-0.817,-0.194,1953,10,1,,,,,
1054,1953-11-01,-0.36,-0.327,0.354,1953,11,1,,,,,
1055,1953-12-01,-0.61,-0.131,0.575,1953,12,1,,,,,
1056,1954-01-01,0.57,-0.863,-0.148,1954,1,1,,,,,
1057,1954-02-01,-0.52,-0.774,-0.181,1954,2,1,,,,,
1058,1954-03-01,-0.31,-0.783,0.476,1954,3,1,,,,,
1059,1954-04-01,0.41,-0.872,0.512,1954,4,1,,,,,
1060,1954-05-01,0.15,-0.242,-1.656,1954,5,1,,,,,
1061,1954-06-01,-0.49,0.402,-0.268,1954,6,1,,,,,
1062,1954-07-01,0.36,0.171,0.341,1954,7,1,,,,,
1063,1954-08-01,0.9,-0.029,-0.122,1954,8,1,,,,,
1064,1954-09-01,0.17,-0.618,0.301,1954,9,1,,,,,
1065,1954-10-01,0.09,0.116,0.513,1954,10,1,,,,,
1066,1954-11-01,0.16,0.816,-0.328,1954,11,1,,,,,
1067,1954-12-01,1.31,0.162,0.553,1954,12,1,,,,,
1068,1955-01-01,-0.68,-0.318,-1.163,1955,1,1,,,,,
1069,1955-02-01,1.3,-1.038,-1.542,1955,2,1,,,,,
1070,1955-03-01,0.13,-1.249,-1.568,1955,3,1,,,,,
1071,1955-04-01,-0.81,-1.932,0.194,1955,4,1,,,,,
1072,1955-05-01,0.88,-1.723,0.242,1955,5,1,,,,,
1073,1955-06-01,1.63,-2.331,-0.266,1955,6,1,,,,,
1074,1955-07-01,1.8,-2.417,0.332,1955,7,1,,,,,
1075,1955-08-01,1.38,-2.136,0.76,1955,8,1,,,,,
1076,1955-09-01,1.4,-1.981,0.357,1955,9,1,,,,,
1077,1955-10-01,1.51,-2.944,0.099,1955,10,1,,,,,
1078,1955-11-01,1.38,-2.264,-1.342,1955,11,1,,,,,
1079,1955-12-01,0.91,-2.123,-0.444,1955,12,1,,,,,
1080,1956-01-01,1.16,-1.944,-1.204,1956,1,1,,,,,
1081,1956-02-01,1.1,-2.062,-2.029,1956,2,1,,,,,
1082,1956-03-01,0.89,-2.585,0.47,1956,3,1,,,,,
1083,1956-04-01,1.06,-2.334,-0.868,1956,4,1,,,,,
1084,1956-05-01,1.44,-1.608,1.391,1956,5,1,,,,,
1085,1956-06-01,1.26,-2.207,0.28,1956,6,1,,,,,
1086,1956-07-01,1.19,-1.447,-0.215,1956,7,1,,,,,
1087,1956-08-01,1.05,-0.725,-0.652,1956,8,1,,,,,
1088,1956-09-01,0.06,-0.374,-0.202,1956,9,1,,,,,
1089,1956-10-01,1.92,-1.513,1.139,1956,10,1,,,,,
1090,1956-11-01,0.11,-1.978,-0.066,1956,11,1,,,,,
1091,1956-12-01,0.99,-1.02,0.001,1956,12,1,,,,,
1092,1957-01-01,0.43,-1.238,2.062,1957,1,1,,,,,
1093,1957-02-01,-0.36,-1.333,-1.513,1957,2,1,,,,,
1094,1957-03-01,-0.37,-0.644,-2.013,1957,3,1,,,,,
1095,1957-04-01,0.05,-0.457,0.238,1957,4,1,,,,,
1096,1957-05-01,-1.18,0.253,-0.966,1957,5,1,,,,,
1097,1957-06-01,-0.37,1.288,-0.76,1957,6,1,,,,,
1098,1957-07-01,0.18,0.612,-0.646,1957,7,1,,,,,
1099,1957-08-01,-1.08,0.391,0.097,1957,8,1,,,,,
1100,1957-09-01,-1.01,1.823,-0.956,1957,9,1,,,,,
1101,1957-10-01,-0.09,1.787,0.903,1957,10,1,,,,,
1102,1957-11-01,-1.23,1.583,-1.38,1957,11,1,,,,,
1103,1957-12-01,-0.44,0.518,0.828,1957,12,1,,,,,
1104,1958-01-01,-1.89,0.73,-1.438,1958,1,1,,,,,
1105,1958-02-01,-0.78,1.046,-2.228,1958,2,1,,,,,
1106,1958-03-01,-0.32,0.744,-2.522,1958,3,1,,,,,
1107,1958-04-01,0.03,0.764,-0.36,1958,4,1,,,,,
1108,1958-05-01,-1.39,1.379,-0.336,1958,5,1,,,,,
1109,1958-06-01,-0.27,1.544,-1.149,1958,6,1,,,,,
1110,1958-07-01,0.23,0.649,-0.684,1958,7,1,,,,,
1111,1958-08-01,0.72,1.326,-0.755,1958,8,1,,,,,
1112,1958-09-01,-0.34,1.061,-0.012,1958,9,1,,,,,
1113,1958-10-01,-0.56,0.528,0.77,1958,10,1,,,,,
1114,1958-11-01,-0.61,0.495,-0.011,1958,11,1,,,,,
1115,1958-12-01,-0.84,1.222,-1.687,1958,12,1,,,,,
1116,1959-01-01,-0.94,1.127,-2.013,1959,1,1,,,,,
1117,1959-02-01,-1.5,0.548,2.544,1959,2,1,,,,,
1118,1959-03-01,0.77,-0.032,1.432,1959,3,1,,,,,
1119,1959-04-01,0.35,0.11,0.119,1959,4,1,,,,,
1120,1959-05-01,0.14,0.139,-0.341,1959,5,1,,,,,
1121,1959-06-01,-0.96,0.361,-0.033,1959,6,1,,,,,
1122,1959-07-01,-0.47,-0.012,0.105,1959,7,1,,,,,
1123,1959-08-01,-0.68,-0.169,-0.745,1959,8,1,,,,,
1124,1959-09-01,-0.01,-0.16,-0.281,1959,9,1,,,,,
1125,1959-10-01,0.34,1.026,-0.249,1959,10,1,,,,,
1126,1959-11-01,0.9,1.411,-1.411,1959,11,1,,,,,
1127,1959-12-01,0.81,0.945,-0.042,1959,12,1,,,,,
1128,1960-01-01,-0.05,0.3,-2.484,1960,1,1,,,,,
1129,1960-02-01,-0.25,0.614,-2.212,1960,2,1,,,,,
1130,1960-03-01,0.47,0.463,-1.625,1960,3,1,,,,,
1131,1960-04-01,0.79,0.465,-0.297,1960,4,1,,,,,
1132,1960-05-01,0.3,0.64,-0.857,1960,5,1,,,,,
1133,1960-06-01,-0.47,0.878,0.055,1960,6,1,,,,,
1134,1960-07-01,0.5,-0.204,-0.619,1960,7,1,,,,,
1135,1960-08-01,0.53,0.004,-1.008,1960,8,1,,,,,
1136,1960-09-01,0.65,-0.544,-0.382,1960,9,1,,,,,
1137,1960-10-01,-0.2,0.026,-1.187,1960,10,1,,,,,
1138,1960-11-01,0.6,0.035,-0.553,1960,11,1,,,,,
1139,1960-12-01,0.63,0.222,-0.343,1960,12,1,,,,,
1140,1961-01-01,-0.43,0.923,-1.506,1961,1,1,,,,,
1141,1961-02-01,0.58,0.982,0.621,1961,2,1,,,,,
1142,1961-03-01,-2.47,0.756,0.341,1961,3,1,,,,,
1143,1961-04-01,1.15,0.537,-0.237,1961,4,1,,,,,
1144,1961-05-01,0.18,-0.181,0.157,1961,5,1,,,,,
1145,1961-06-01,-0.53,-0.364,0.837,1961,6,1,,,,,
1146,1961-07-01,0.18,-0.764,-0.108,1961,7,1,,,,,
1147,1961-08-01,-0.16,-0.439,0.013,1961,8,1,,,,,
1148,1961-09-01,0.11,-0.83,0.815,1961,9,1,,,,,
1149,1961-10-01,-0.73,-1.394,0.203,1961,10,1,,,,,
1150,1961-11-01,0.68,-1.092,-0.01,1961,11,1,,,,,
1151,1961-12-01,1.31,-1.553,-1.668,1961,12,1,,,,,
1152,1962-01-01,1.72,-0.965,1.645,1962,1,1,,,,,
1153,1962-02-01,-0.41,-0.86,-0.358,1962,2,1,,,,,
1154,1962-03-01,-0.32,-0.939,-2.848,1962,3,1,,,,,
1155,1962-04-01,0.3,-0.767,1.169,1962,4,1,,,,,
1156,1962-05-01,1.1,-0.977,0.068,1962,5,1,,,,,
1157,1962-06-01,0.37,-1.694,0.287,1962,6,1,,,,,
1158,1962-07-01,-0.04,-1.484,-0.927,1962,7,1,,,,,
1159,1962-08-01,0.26,-0.58,0.152,1962,8,1,,,,,
1160,1962-09-01,0.53,-1.26,-0.056,1962,9,1,,,,,
1161,1962-10-01,0.95,-1.346,-0.016,1962,10,1,,,,,
1162,1962-11-01,0.27,-0.31,-1.112,1962,11,1,,,,,
1163,1962-12-01,-0.1,-0.239,-0.711,1962,12,1,,,,,
1164,1963-01-01,0.8,0.06,-3.311,1963,1,1,,,,,
1165,1963-02-01,0.26,0.374,-1.721,1963,2,1,,,,,
1166,1963-03-01,0.66,-0.045,0.724,1963,3,1,,,,,
1167,1963-04-01,0.51,-0.132,-0.348,1963,4,1,,,,,
1168,1963-05-01,0.14,-0.899,0.771,1963,5,1,,,,,
1169,1963-06-01,-1.3,-0.807,-0.585,1963,6,1,,,,,
1170,1963-07-01,-0.13,-0.982,-0.303,1963,7,1,,,,,
1171,1963-08-01,-0.43,-0.656,-0.625,1963,8,1,,,,,
1172,1963-09-01,-0.6,0.981,0.083,1963,9,1,,,,,
1173,1963-10-01,-1.46,0.235,1.069,1963,10,1,,,,,
1174,1963-11-01,-0.93,-0.444,-0.419,1963,11,1,,,,,
1175,1963-12-01,-1.35,0.244,-1.178,1963,12,1,,,,,
1176,1964-01-01,-0.53,0.205,0.385,1964,1,1,,,,,
1177,1964-02-01,-0.13,-0.063,-0.575,1964,2,1,,,,,
1178,1964-03-01,0.71,-0.752,-0.558,1964,3,1,,,,,
1179,1964-04-01,1.78,-1.21,0.663,1964,4,1,,,,,
1180,1964-05-01,-0.02,-2.026,1.174,1964,5,1,,,,,
1181,1964-06-01,0.72,-0.784,0.142,1964,6,1,,,,,
1182,1964-07-01,0.62,-1.041,0.734,1964,7,1,,,,,
1183,1964-08-01,1.32,-1.43,-1.207,1964,8,1,,,,,
1184,1964-09-01,1.29,-1.126,-0.227,1964,9,1,,,,,
1185,1964-10-01,1.26,-0.611,0.342,1964,10,1,,,,,
1186,1964-11-01,-0.06,-0.812,-0.344,1964,11,1,,,,,
1187,1964-12-01,-0.49,-0.889,-0.246,1964,12,1,,,,,
1188,1965-01-01,-0.52,-0.812,-1.046,1965,1,1,,,,,
1189,1965-02-01,0.01,-0.481,-2.084,1965,2,1,,,,,
1190,1965-03-01,0.24,-0.103,-0.905,1965,3,1,,,,,
1191,1965-04-01,-1.34,0.062,0.568,1965,4,1,,,,,
1192,1965-05-01,-0.03,-0.323,-0.153,1965,5,1,,,,,
1193,1965-06-01,-1.63,-0.562,0.038,1965,6,1,,,,,
1194,1965-07-01,-2.32,-0.476,-0.51,1965,7,1,,,,,
1195,1965-08-01,-1.37,0.687,-0.255,1965,8,1,,,,,
1196,1965-09-01,-1.41,1.118,-0.698,1965,9,1,,,,,
1197,1965-10-01,-1.22,0.674,0.394,1965,10,1,,,,,
1198,1965-11-01,-1.86,0.644,-1.341,1965,11,1,,,,,
1199,1965-12-01,0.02,0.095,0.163,1965,12,1,,,,,
1200,1966-01-01,-1.36,-0.651,-3.232,1966,1,1,,,,,
1201,1966-02-01,-0.54,-0.384,-1.438,1966,2,1,,,,,
1202,1966-03-01,-1.75,-0.749,-0.911,1966,3,1,,,,,
1203,1966-04-01,-0.9,-0.119,-1.837,1966,4,1,,,,,
1204,1966-05-01,-0.71,-0.313,1.124,1966,5,1,,,,,
1205,1966-06-01,0.14,0.076,0.408,1966,6,1,,,,,
1206,1966-07-01,-0.15,0.221,0.011,1966,7,1,,,,,
1207,1966-08-01,0.19,0.14,-0.945,1966,8,1,,,,,
1208,1966-09-01,-0.24,0.14,0.011,1966,9,1,,,,,
1209,1966-10-01,-0.33,-0.201,-1.077,1966,10,1,,,,,
1210,1966-11-01,-0.2,-0.468,0.111,1966,11,1,,,,,
1211,1966-12-01,-0.61,-0.209,-1.401,1966,12,1,,,,,
1212,1967-01-01,1.52,-0.299,-0.576,1967,1,1,,,,,
1213,1967-02-01,1.2,-0.397,1.18,1967,2,1,,,,,
1214,1967-03-01,0.65,-0.641,1.967,1967,3,1,,,,,
1215,1967-04-01,-0.12,-0.959,1.7,1967,4,1,,,,,
1216,1967-05-01,-0.41,-1.322,0.127,1967,5,1,,,,,
1217,1967-06-01,0.67,-1.146,0.647,1967,6,1,,,,,
1218,1967-07-01,0.18,-0.841,0.259,1967,7,1,,,,,
1219,1967-08-01,0.44,-1.011,-0.293,1967,8,1,,,,,
1220,1967-09-01,0.44,-0.257,0.133,1967,9,1,,,,,
1221,1967-10-01,-0.17,-0.069,1.299,1967,10,1,,,,,
1222,1967-11-01,-0.57,0.131,0.334,1967,11,1,,,,,
1223,1967-12-01,-0.78,-0.775,-0.347,1967,12,1,,,,,
1224,1968-01-01,0.47,-0.676,-0.409,1968,1,1,,,,,
1225,1968-02-01,0.77,-0.214,-2.154,1968,2,1,,,,,
1226,1968-03-01,-0.56,0.162,1.741,1968,3,1,,,,,
1227,1968-04-01,-0.31,-0.475,0.328,1968,4,1,,,,,
1228,1968-05-01,1.21,-0.359,-0.241,1968,5,1,,,,,
1229,1968-06-01,1.27,0.216,0.42,1968,6,1,,,,,
1230,1968-07-01,0.77,0.695,-0.836,1968,7,1,,,,,
1231,1968-08-01,-0.2,0.281,-0.671,1968,8,1,,,,,
1232,1968-09-01,-0.36,0.45,-1.009,1968,9,1,,,,,
1233,1968-10-01,-0.35,0.117,-1.013,1968,10,1,,,,,
1234,1968-11-01,-0.44,0.18,-2.183,1968,11,1,,,,,
1235,1968-12-01,0.13,-0.095,-0.783,1968,12,1,,,,,
1236,1969-01-01,-1.36,-0.543,-2.967,1969,1,1,,,,,
1237,1969-02-01,-0.85,-1.033,-3.114,1969,2,1,,,,,
1238,1969-03-01,-0.03,-0.995,-1.582,1969,3,1,,,,,
1239,1969-04-01,-0.9,-0.847,0.438,1969,4,1,,,,,
1240,1969-05-01,-0.78,-0.671,-0.72,1969,5,1,,,,,
1241,1969-06-01,-0.24,1.083,-0.348,1969,6,1,,,,,
1242,1969-07-01,-0.73,0.166,0.41,1969,7,1,,,,,
1243,1969-08-01,-0.71,-0.376,-0.782,1969,8,1,,,,,
1244,1969-09-01,-1.1,-0.561,-0.083,1969,9,1,,,,,
1245,1969-10-01,-1.35,1.153,0.098,1969,10,1,,,,,
1246,1969-11-01,-0.18,0.7,0.326,1969,11,1,,,,,
1247,1969-12-01,0.24,1.076,-1.856,1969,12,1,,,,,
1248,1970-01-01,-1.26,1.111,-2.412,1970,1,1,,,,,
1249,1970-02-01,-1.22,1.103,-1.325,1970,2,1,,,,,
1250,1970-03-01,0.06,1.261,-2.084,1970,3,1,,,,,
1251,1970-04-01,-0.56,0.372,0.302,1970,4,1,,,,,
1252,1970-05-01,0.04,-0.547,0.531,1970,5,1,,,,,
1253,1970-06-01,1.02,-0.062,0.875,1970,6,1,,,,,
1254,1970-07-01,-0.52,-0.548,0.139,1970,7,1,,,,,
1255,1970-08-01,0.31,-1.276,-0.263,1970,8,1,,,,,
1256,1970-09-01,1.18,-1.121,0.03,1970,9,1,,,,,
1257,1970-10-01,0.74,-0.877,0.098,1970,10,1,,,,,
1258,1970-11-01,1.85,-0.561,0.378,1970,11,1,,,,,
1259,1970-12-01,1.83,-0.932,-0.399,1970,12,1,,,,,
1260,1971-01-01,0.23,-1.234,-0.163,1971,1,1,,,,,
1261,1971-02-01,1.44,-1.278,-0.922,1971,2,1,,,,,
1262,1971-03-01,1.98,-1.224,-1.091,1971,3,1,,,,,
1263,1971-04-01,2.58,-1.355,-0.583,1971,4,1,,,,,
1264,1971-05-01,0.88,-1.355,0.679,1971,5,1,,,,,
1265,1971-06-01,0.21,-1.704,-0.668,1971,6,1,,,,,
1266,1971-07-01,0.17,-2.017,-0.578,1971,7,1,,,,,
1267,1971-08-01,1.42,-0.193,0.818,1971,8,1,,,,,
1268,1971-09-01,1.51,0.036,0.153,1971,9,1,,,,,
1269,1971-10-01,1.75,-0.319,1.185,1971,10,1,,,,,
1270,1971-11-01,0.55,-1.245,0.419,1971,11,1,,,,,
1271,1971-12-01,0.15,-1.766,0.824,1971,12,1,,,,,
1272,1972-01-01,0.33,-1.944,0.166,1972,1,1,,,,,
1273,1972-02-01,0.67,-1.801,-0.195,1972,2,1,,,,,
1274,1972-03-01,0.13,-1.285,-0.141,1972,3,1,,,,,
1275,1972-04-01,-0.46,-1.33,1.007,1972,4,1,,,,,
1276,1972-05-01,-1.52,-1.687,0.14,1972,5,1,,,,,
1277,1972-06-01,-1.68,-1.476,-0.049,1972,6,1,,,,,
1278,1972-07-01,-1.84,-0.869,-0.553,1972,7,1,,,,,
1279,1972-08-01,-1.12,0.29,-0.082,1972,8,1,,,,,
1280,1972-09-01,-1.48,0.189,-0.92,1972,9,1,,,,,
1281,1972-10-01,-1.13,0.1,0.392,1972,10,1,,,,,
1282,1972-11-01,-0.38,0.04,-0.38,1972,11,1,,,,,
1283,1972-12-01,-1.47,-0.271,1.238,1972,12,1,,,,,
1284,1973-01-01,-0.43,-0.274,1.232,1973,1,1,,,,,
1285,1973-02-01,-1.47,-0.525,0.786,1973,2,1,,,,,
1286,1973-03-01,-0.06,-0.66,0.537,1973,3,1,,,,,
1287,1973-04-01,-0.37,-0.873,-1.126,1973,4,1,,,,,
1288,1973-05-01,0.25,-1.018,0.073,1973,5,1,,,,,
1289,1973-06-01,1.22,-1.023,0.531,1973,6,1,,,,,
1290,1973-07-01,0.63,-0.683,0.27,1973,7,1,,,,,
1291,1973-08-01,1.18,-0.684,0.313,1973,8,1,,,,,
1292,1973-09-01,1.27,-0.399,0.114,1973,9,1,,,,,
1293,1973-10-01,0.85,-0.716,0.337,1973,10,1,,,,,
1294,1973-11-01,2.85,-1.08,0.002,1973,11,1,,,,,
1295,1973-12-01,1.76,-0.86,-0.181,1973,12,1,,,,,
1296,1974-01-01,2.16,-0.668,0.232,1974,1,1,,,,,
1297,1974-02-01,1.49,-1.097,-0.489,1974,2,1,,,,,
1298,1974-03-01,2.1,-0.963,-0.746,1974,3,1,,,,,
1299,1974-04-01,1.27,-0.421,0.309,1974,4,1,,,,,
1300,1974-05-01,1.24,-0.463,-0.507,1974,5,1,,,,,
1301,1974-06-01,0.14,-0.417,-0.048,1974,6,1,,,,,
1302,1974-07-01,1.23,0.169,0.39,1974,7,1,,,,,
1303,1974-08-01,0.56,0.313,-0.533,1974,8,1,,,,,
1304,1974-09-01,1.16,0.951,-0.136,1974,9,1,,,,,
1305,1974-10-01,0.72,0.44,-1.024,1974,10,1,,,,,
1306,1974-11-01,-0.42,0.593,-0.435,1974,11,1,,,,,
1307,1974-12-01,-0.14,0.195,0.556,1974,12,1,,,,,
1308,1975-01-01,-0.62,-0.5,1.595,1975,1,1,,,,,
1309,1975-02-01,0.46,-0.752,0.194,1975,2,1,,,,,
1310,1975-03-01,1.14,-0.899,0.151,1975,3,1,,,,,
1311,1975-04-01,1.48,-1.38,0.409,1975,4,1,,,,,
1312,1975-05-01,0.51,-1.661,-0.614,1975,5,1,,,,,
1313,1975-06-01,1.69,-1.235,-0.323,1975,6,1,,,,,
1314,1975-07-01,2.13,-0.564,0.345,1975,7,1,,,,,
1315,1975-08-01,2.03,-0.855,0.13,1975,8,1,,,,,
1316,1975-09-01,2.15,-0.823,1.278,1975,9,1,,,,,
1317,1975-10-01,1.67,-1.141,0.138,1975,10,1,,,,,
1318,1975-11-01,1.25,-1.438,0.619,1975,11,1,,,,,
1319,1975-12-01,2.05,-1.387,1.29,1975,12,1,,,,,
1320,1976-01-01,1.19,-0.919,0.034,1976,1,1,,,,,
1321,1976-02-01,1.18,-0.817,1.656,1976,2,1,,,,,
1322,1976-03-01,1.33,-1.071,0.587,1976,3,1,,,,,
1323,1976-04-01,0.24,-1.077,0.44,1976,4,1,,,,,
1324,1976-05-01,0.5,-0.826,0.06,1976,5,1,,,,,
1325,1976-06-01,-0.16,-1.044,0.328,1976,6,1,,,,,
1326,1976-07-01,-1.24,0.524,-0.325,1976,7,1,,,,,
1327,1976-08-01,-1.46,1.145,0.559,1976,8,1,,,,,
1328,1976-09-01,-1.29,0.807,-0.743,1976,9,1,,,,,
1329,1976-10-01,0.13,1.318,-0.804,1976,10,1,,,,,
1330,1976-11-01,0.76,1.392,-0.087,1976,11,1,,,,,
1331,1976-12-01,-0.48,1.138,-2.074,1976,12,1,,,,,
1332,1977-01-01,-0.39,1.195,-3.767,1977,1,1,,,,,
1333,1977-02-01,0.65,1.434,-2.01,1977,2,1,,,,,
1334,1977-03-01,-1.2,0.732,0.344,1977,3,1,,,,,
1335,1977-04-01,-1.17,0.123,1.329,1977,4,1,,,,,
1336,1977-05-01,-1.18,-0.056,0.104,1977,5,1,,,,,
1337,1977-06-01,-2.33,0.369,-0.226,1977,6,1,,,,,
1338,1977-07-01,-1.45,0.322,-0.492,1977,7,1,,,,,
1339,1977-08-01,-1.42,0.6,-1.412,1977,8,1,,,,,
1340,1977-09-01,-0.95,0.026,0.586,1977,9,1,,,,,
1341,1977-10-01,-1.39,-0.236,-0.009,1977,10,1,,,,,
1342,1977-11-01,-1.56,0.098,0.605,1977,11,1,,,,,
1343,1977-12-01,-1.23,0.183,-0.24,1977,12,1,,,,,
1344,1978-01-01,-0.48,0.805,-0.347,1978,1,1,,,,,
1345,1978-02-01,-2.63,1.01,-3.014,1978,2,1,,,,,
1346,1978-03-01,-0.82,1.392,0.502,1978,3,1,,,,,
1347,1978-04-01,-0.88,1.207,-0.967,1978,4,1,,,,,
1348,1978-05-01,1.5,1.12,0.059,1978,5,1,,,,,
1349,1978-06-01,0.4,0.605,0.635,1978,6,1,,,,,
1350,1978-07-01,0.53,-0.863,-0.604,1978,7,1,,,,,
1351,1978-08-01,0.12,-0.256,-0.354,1978,8,1,,,,,
1352,1978-09-01,0.06,-0.308,-0.099,1978,9,1,,,,,
1353,1978-10-01,-0.76,0.311,0.895,1978,10,1,,,,,
1354,1978-11-01,-0.28,0.238,2.47,1978,11,1,,,,,
1355,1978-12-01,-0.21,-0.334,-0.98,1978,12,1,,,,,
1356,1979-01-01,-0.45,-0.122,-2.233,1979,1,1,,,,,
1357,1979-02-01,0.61,-0.85,-0.697,1979,2,1,,,,,
1358,1979-03-01,-0.49,-0.298,-0.814,1979,3,1,,,,,
1359,1979-04-01,-0.65,0.1,-1.157,1979,4,1,,,,,
1360,1979-05-01,0.46,0.863,-0.25,1979,5,1,,,,,
1361,1979-06-01,0.58,0.483,0.933,1979,6,1,,,,,
1362,1979-07-01,-0.76,0.565,0.039,1979,7,1,,,,,
1363,1979-08-01,-0.69,0.624,-0.684,1979,8,1,,,,,
1364,1979-09-01,0.11,1.332,-0.046,1979,9,1,,,,,
1365,1979-10-01,-0.37,1.429,-1.243,1979,10,1,,,,,
1366,1979-11-01,-0.61,0.815,0.475,1979,11,1,,,,,
1367,1979-12-01,-0.9,0.466,1.295,1979,12,1,,,,,
1368,1980-01-01,0.28,0.394,-2.066,1980,1,1,,,,,
1369,1980-02-01,-0.02,0.973,-0.934,1980,2,1,,,,,
1370,1980-03-01,-1.06,0.904,-1.433,1980,3,1,,,,,
1371,1980-04-01,-1.6,1.077,-0.419,1980,4,1,,,,,
1372,1980-05-01,-0.35,1.1,-1.155,1980,5,1,,,,,
1373,1980-06-01,-0.68,-0.293,0.721,1980,6,1,,,,,
1374,1980-07-01,-0.14,0.088,-0.622,1980,7,1,,,,,
1375,1980-08-01,-0.06,0.333,-0.185,1980,8,1,,,,,
1376,1980-09-01,-0.54,0.266,0.313,1980,9,1,,,,,
1377,1980-10-01,-0.34,1.357,-0.521,1980,10,1,,,,,
1378,1980-11-01,-0.47,1.032,-1.361,1980,11,1,,,,,
1379,1980-12-01,-0.21,0.681,-0.057,1980,12,1,,,,,
1380,1981-01-01,0.27,1.378,-0.116,1981,1,1,,,,,
1381,1981-02-01,-0.47,1.498,-0.332,1981,2,1,,,,,
1382,1981-03-01,-2.01,1.486,-1.645,1981,3,1,,,,,
1383,1981-04-01,-0.6,1.385,0.43,1981,4,1,,,,,
1384,1981-05-01,0.82,1.55,0.18,1981,5,1,,,,,
1385,1981-06-01,1.28,1.971,-0.438,1981,6,1,,,,,
1386,1981-07-01,0.87,1.114,0.561,1981,7,1,,,,,
1387,1981-08-01,0.4,0.724,-0.244,1981,8,1,,,,,
1388,1981-09-01,0.52,0.926,-1.04,1981,9,1,,,,,
1389,1981-10-01,-0.71,0.198,-1.167,1981,10,1,,,,,
1390,1981-11-01,0.07,0.676,-0.188,1981,11,1,,,,,
1391,1981-12-01,0.41,0.679,-1.216,1981,12,1,,,,,
1392,1982-01-01,0.87,0.218,-0.883,1982,1,1,,,,,
1393,1982-02-01,-0.03,0.097,0.974,1982,2,1,,,,,
1394,1982-03-01,0.05,0.033,1.074,1982,3,1,,,,,
1395,1982-04-01,-0.46,-0.257,1.454,1982,4,1,,,,,
1396,1982-05-01,-0.74,-0.649,-0.209,1982,5,1,,,,,
1397,1982-06-01,-2.49,-0.523,-1.18,1982,6,1,,,,,
1398,1982-07-01,-1.89,0.675,0.005,1982,7,1,,,,,
1399,1982-08-01,-2.66,0.569,0.362,1982,8,1,,,,,
1400,1982-09-01,-2.12,1.089,0.558,1982,9,1,,,,,
1401,1982-10-01,-2.2,0.545,-0.211,1982,10,1,,,,,
1402,1982-11-01,-3.25,-0.211,0.661,1982,11,1,,,,,
1403,1982-12-01,-2.48,0.164,0.967,1982,12,1,,,,,
1404,1983-01-01,-3.36,0.42,1.359,1983,1,1,,,,,
1405,1983-02-01,-3.46,1.084,-1.806,1983,2,1,,,,,
1406,1983-03-01,-3.25,1.813,-0.567,1983,3,1,,,,,
1407,1983-04-01,-1.41,1.577,-0.738,1983,4,1,,,,,
1408,1983-05-01,0.79,1.351,-0.441,1983,5,1,,,,,
1409,1983-06-01,-0.58,1.904,0.313,1983,6,1,,,,,
1410,1983-07-01,-0.7,2.627,0.131,1983,7,1,,,,,
1411,1983-08-01,-0.37,1.572,1.098,1983,8,1,,,,,
1412,1983-09-01,0.91,0.757,0.167,1983,9,1,,,,,
1413,1983-10-01,0.34,0.865,1.369,1983,10,1,,,,,
1414,1983-11-01,-0.12,1.126,-0.688,1983,11,1,,,,,
1415,1983-12-01,-0.17,1.4,0.186,1983,12,1,,,,,
1416,1984-01-01,-0.03,1.286,0.905,1984,1,1,,,,,
1417,1984-02-01,0.43,1.129,-0.303,1984,2,1,,,,,
1418,1984-03-01,-0.85,1.461,-2.386,1984,3,1,,,,,
1419,1984-04-01,0.39,1.104,-0.284,1984,4,1,,,,,
1420,1984-05-01,-0.03,0.997,0.479,1984,5,1,,,,,
1421,1984-06-01,-1.22,0.095,0.007,1984,6,1,,,,,
1422,1984-07-01,0.12,0.075,0.019,1984,7,1,,,,,
1423,1984-08-01,0.1,0.558,0.466,1984,8,1,,,,,
1424,1984-09-01,0.17,0.622,-0.413,1984,9,1,,,,,
1425,1984-10-01,-0.61,0.703,-0.27,1984,10,1,,,,,
1426,1984-11-01,0.12,0.593,-0.966,1984,11,1,,,,,
1427,1984-12-01,-0.24,0.43,0.446,1984,12,1,,,,,
1428,1985-01-01,-0.55,0.875,-2.806,1985,1,1,,,,,
1429,1985-02-01,0.79,0.588,-1.44,1985,2,1,,,,,
1430,1985-03-01,0.2,-0.064,0.551,1985,3,1,,,,,
1431,1985-04-01,1.42,-0.131,0.652,1985,4,1,,,,,
1432,1985-05-01,-0.15,-0.279,-0.432,1985,5,1,,,,,
1433,1985-06-01,-1.39,0.345,-0.347,1985,6,1,,,,,
1434,1985-07-01,-0.2,0.957,-0.39,1985,7,1,,,,,
1435,1985-08-01,0.66,0.876,-0.001,1985,8,1,,,,,
1436,1985-09-01,0.0,0.655,0.114,1985,9,1,,,,,
1437,1985-10-01,-0.76,0.423,1.035,1985,10,1,,,,,
1438,1985-11-01,-0.35,-0.451,-1.218,1985,11,1,,,,,
1439,1985-12-01,0.12,0.395,-1.948,1985,12,1,,,,,
1440,1986-01-01,0.82,1.024,-0.568,1986,1,1,,,,,
1441,1986-02-01,-1.28,1.679,-2.904,1986,2,1,,,,,
1442,1986-03-01,-0.09,1.993,1.931,1986,3,1,,,,,
1443,1986-04-01,0.11,1.397,0.103,1986,4,1,,,,,
1444,1986-05-01,-0.63,1.034,0.367,1986,5,1,,,,,
1445,1986-06-01,1.01,1.045,0.535,1986,6,1,,,,,
1446,1986-07-01,0.24,1.444,-0.008,1986,7,1,,,,,
1447,1986-08-01,-0.85,0.699,-0.826,1986,8,1,,,,,
1448,1986-09-01,-0.53,0.761,-0.023,1986,9,1,,,,,
1449,1986-10-01,0.54,1.385,1.425,1986,10,1,,,,,
1450,1986-11-01,-1.57,1.813,0.926,1986,11,1,,,,,
1451,1986-12-01,-1.64,1.608,0.06,1986,12,1,,,,,
1452,1987-01-01,-0.75,1.591,-1.148,1987,1,1,,,,,
1453,1987-02-01,-1.41,1.708,-1.473,1987,2,1,,,,,
1454,1987-03-01,-2.03,1.584,-1.746,1987,3,1,,,,,
1455,1987-04-01,-2.69,1.726,0.387,1987,4,1,,,,,
1456,1987-05-01,-2.12,1.536,0.325,1987,5,1,,,,,
1457,1987-06-01,-2.69,0.769,-0.71,1987,6,1,,,,,
1458,1987-07-01,-1.82,1.807,-0.466,1987,7,1,,,,,
1459,1987-08-01,-1.67,2.171,-0.836,1987,8,1,,,,,
1460,1987-09-01,-1.13,1.984,0.287,1987,9,1,,,,,
1461,1987-10-01,-0.69,1.244,-0.08,1987,10,1,,,,,
1462,1987-11-01,-0.07,1.159,-0.536,1987,11,1,,,,,
1463,1987-12-01,-0.66,0.874,-0.534,1987,12,1,,,,,
1464,1988-01-01,-0.31,0.415,0.265,1988,1,1,,,,,
1465,1988-02-01,-0.65,0.575,-1.066,1988,2,1,,,,,
1466,1988-03-01,0.13,0.639,-0.197,1988,3,1,,,,,
1467,1988-04-01,-0.03,0.512,-0.561,1988,4,1,,,,,
1468,1988-05-01,1.09,0.595,-0.846,1988,5,1,,,,,
1469,1988-06-01,-0.2,0.295,0.061,1988,6,1,,,,,
1470,1988-07-01,1.17,0.204,-0.143,1988,7,1,,,,,
1471,1988-08-01,1.36,-0.121,0.255,1988,8,1,,,,,
1472,1988-09-01,1.92,-0.329,1.039,1988,9,1,,,,,
1473,1988-10-01,1.35,0.024,0.032,1988,10,1,,,,,
1474,1988-11-01,1.92,0.019,-0.035,1988,11,1,,,,,
1475,1988-12-01,1.09,-0.247,1.679,1988,12,1,,,,,
1476,1989-01-01,1.31,-1.162,3.106,1989,1,1,,,,,
1477,1989-02-01,0.8,-1.243,3.279,1989,2,1,,,,,
1478,1989-03-01,0.59,-0.958,1.53,1989,3,1,,,,,
1479,1989-04-01,2.18,-0.157,-0.25,1989,4,1,,,,,
1480,1989-05-01,1.45,0.054,0.889,1989,5,1,,,,,
1481,1989-06-01,0.81,0.1,0.345,1989,6,1,,,,,
1482,1989-07-01,0.95,0.499,0.866,1989,7,1,,,,,
1483,1989-08-01,-0.82,-0.0,0.551,1989,8,1,,,,,
1484,1989-09-01,0.52,-0.133,0.703,1989,9,1,,,,,
1485,1989-10-01,0.61,-0.227,0.991,1989,10,1,,,,,
1486,1989-11-01,-0.38,-0.526,0.034,1989,11,1,,,,,
1487,1989-12-01,-0.62,-0.099,-0.644,1989,12,1,,,,,
1488,1990-01-01,-0.21,-0.312,1.001,1990,1,1,,,,,
1489,1990-02-01,-1.79,-0.903,3.402,1990,2,1,,,,,
1490,1990-03-01,-1.09,-0.782,2.99,1990,3,1,,,,,
1491,1990-04-01,-0.01,0.088,1.879,1990,4,1,,,,,
1492,1990-05-01,1.41,0.004,0.943,1990,5,1,,,,,
1493,1990-06-01,-0.07,-0.077,0.304,1990,6,1,,,,,
1494,1990-07-01,0.57,-0.022,-0.296,1990,7,1,,,,,
1495,1990-08-01,-0.71,0.024,-0.18,1990,8,1,,,,,
1496,1990-09-01,-0.78,0.158,-0.21,1990,9,1,,,,,
1497,1990-10-01,-0.17,-0.764,0.66,1990,10,1,,,,,
1498,1990-11-01,-0.68,-1.47,0.521,1990,11,1,,,,,
1499,1990-12-01,-0.38,-1.841,1.277,1990,12,1,,,,,
1500,1991-01-01,0.45,-1.539,0.723,1991,1,1,,0.12526,-0.06945,0.14323,7.0
1501,1991-01-02,,,,1991,1,2,,0.18542,-0.04887,0.19175,7.0
1502,1991-01-03,,,,1991,1,3,,0.2396,-0.03933,0.24281,7.0
1503,1991-01-04,,,,1991,1,4,,0.27446,0.0199,0.27518,6.0
1504,1991-01-05,,,,1991,1,5,,0.27714,0.07555,0.28725,6.0
1505,1991-01-06,,,,1991,1,6,,0.37999,0.23959,0.44922,6.0
1506,1991-01-07,,,,1991,1,7,,0.42803,0.26655,0.50424,6.0
1507,1991-01-08,,,,1991,1,8,,0.49339,0.34553,0.60235,6.0
1508,1991-01-09,,,,1991,1,9,,0.50765,0.41978,0.65873,6.0
1509,1991-01-10,,,,1991,1,10,,0.46603,0.45432,0.65084,6.0
1510,1991-01-11,,,,1991,1,11,,0.43921,0.44696,0.62664,5.0
1511,1991-01-12,,,,1991,1,12,,0.38635,0.44401,0.58857,5.0
1512,1991-01-13,,,,1991,1,13,,0.36751,0.39319,0.5382,5.0
1513,1991-01-14,,,,1991,1,14,,0.41747,0.31856,0.52513,6.0
1514,1991-01-15,,,,1991,1,15,,0.42911,0.30929,0.52896,6.0
1515,1991-01-16,,,,1991,1,16,,0.38285,0.33681,0.50991,6.0
1516,1991-01-17,,,,1991,1,17,,0.30184,0.36904,0.47676,5.0
1517,1991-01-18,,,,1991,1,18,,0.20248,0.42847,0.4739,5.0
1518,1991-01-19,,,,1991,1,19,,0.18513,0.50673,0.53949,5.0
1519,1991-01-20,,,,1991,1,20,,0.18808,0.66463,0.69072,5.0
1520,1991-01-21,,,,1991,1,21,,0.16147,0.81402,0.82988,5.0
1521,1991-01-22,,,,1991,1,22,,0.09035,0.96613,0.97035,5.0
1522,1991-01-23,,,,1991,1,23,,-0.09186,1.09647,1.10031,4.0
1523,1991-01-24,,,,1991,1,24,,-0.25139,1.20131,1.22733,4.0
1524,1991-01-25,,,,1991,1,25,,-0.37571,1.24241,1.29798,4.0
1525,1991-01-26,,,,1991,1,26,,-0.56887,1.21328,1.34003,4.0
1526,1991-01-27,,,,1991,1,27,,-0.76543,1.21517,1.43615,4.0
1527,1991-01-28,,,,1991,1,28,,-0.87351,1.24032,1.51704,4.0
1528,1991-01-29,,,,1991,1,29,,-0.95656,1.20034,1.53487,4.0
1529,1991-01-30,,,,1991,1,30,,-1.05156,1.19385,1.59093,4.0
1530,1991-01-31,,,,1991,1,31,,-1.08804,1.21125,1.62817,4.0
1531,1991-02-01,-0.06,-0.743,-0.876,1991,2,1,,-1.03338,1.195,1.57984,4.0
1532,1991-02-02,,,,1991,2,2,,-0.93034,1.1398,1.47129,4.0
1533,1991-02-03,,,,1991,2,3,,-0.8099,1.07896,1.34911,4.0
1534,1991-02-04,,,,1991,2,4,,-0.65591,1.01386,1.20753,4.0
1535,1991-02-05,,,,1991,2,5,,-0.49684,0.91302,1.03945,4.0
1536,1991-02-06,,,,1991,2,6,,-0.43945,0.85056,0.95738,4.0
1537,1991-02-07,,,,1991,2,7,,-0.43217,0.78449,0.89565,4.0
1538,1991-02-08,,,,1991,2,8,,-0.36631,0.67238,0.76569,4.0
1539,1991-02-09,,,,1991,2,9,,-0.35186,0.49555,0.60776,4.0
1540,1991-02-10,,,,1991,2,10,,-0.3604,0.38286,0.5258,4.0
1541,1991-02-11,,,,1991,2,11,,-0.33645,0.30136,0.45168,3.0
1542,1991-02-12,,,,1991,2,12,,-0.35614,0.21646,0.41676,3.0
1543,1991-02-13,,,,1991,2,13,,-0.44102,0.14469,0.46414,3.0
1544,1991-02-14,,,,1991,2,14,,-0.54109,0.13614,0.55795,3.0
1545,1991-02-15,,,,1991,2,15,,-0.65824,0.06173,0.66113,3.0
1546,1991-02-16,,,,1991,2,16,,-0.77693,0.05366,0.77878,3.0
1547,1991-02-17,,,,1991,2,17,,-0.93492,0.10671,0.94099,3.0
1548,1991-02-18,,,,1991,2,18,,-1.03946,0.22089,1.06267,3.0
1549,1991-02-19,,,,1991,2,19,,-1.13048,0.31662,1.17398,3.0
1550,1991-02-20,,,,1991,2,20,,-1.27092,0.32433,1.31165,3.0
1551,1991-02-21,,,,1991,2,21,,-1.40854,0.22089,1.42575,3.0
1552,1991-02-22,,,,1991,2,22,,-1.46235,-0.01438,1.46242,2.0
1553,1991-02-23,,,,1991,2,23,,-1.45142,-0.37633,1.49941,2.0
1554,1991-02-24,,,,1991,2,24,,-1.39516,-0.73093,1.57503,2.0
1555,1991-02-25,,,,1991,2,25,,-1.26362,-1.06761,1.65424,2.0
1556,1991-02-26,,,,1991,2,26,,-1.05959,-1.35338,1.71883,1.0
1557,1991-02-27,,,,1991,2,27,,-0.81016,-1.60026,1.79365,1.0
1558,1991-02-28,,,,1991,2,28,,-0.58165,-1.81418,1.90514,1.0
1559,1991-03-01,-1.35,-0.772,-0.527,1991,3,1,,-0.55452,-1.92333,2.00167,1.0
1560,1991-03-02,,,,1991,3,2,,-0.52128,-1.98603,2.0533,1.0
1561,1991-03-03,,,,1991,3,3,,-0.54025,-1.98011,2.05249,1.0
1562,1991-03-04,,,,1991,3,4,,-0.50153,-1.90456,1.96949,1.0
1563,1991-03-05,,,,1991,3,5,,-0.34674,-1.85927,1.89132,1.0
1564,1991-03-06,,,,1991,3,6,,-0.20055,-1.80562,1.81673,1.0
1565,1991-03-07,,,,1991,3,7,,-0.0543,-1.75698,1.75782,1.0
1566,1991-03-08,,,,1991,3,8,,0.05201,-1.66984,1.67065,8.0
1567,1991-03-09,,,,1991,3,9,,0.13738,-1.511,1.51724,8.0
1568,1991-03-10,,,,1991,3,10,,0.2147,-1.37433,1.391,8.0
1569,1991-03-11,,,,1991,3,11,,0.27692,-1.26201,1.29204,8.0
1570,1991-03-12,,,,1991,3,12,,0.37888,-1.11143,1.17424,8.0
1571,1991-03-13,,,,1991,3,13,,0.51666,-0.951,1.08228,8.0
1572,1991-03-14,,,,1991,3,14,,0.64762,-0.76322,1.00096,8.0
1573,1991-03-15,,,,1991,3,15,,0.81565,-0.56306,0.99112,7.0
1574,1991-03-16,,,,1991,3,16,,0.97348,-0.33374,1.0291,7.0
1575,1991-03-17,,,,1991,3,17,,1.08924,-0.21192,1.10967,7.0
1576,1991-03-18,,,,1991,3,18,,1.19603,-0.19638,1.21204,7.0
1577,1991-03-19,,,,1991,3,19,,1.33177,-0.21759,1.34943,7.0
1578,1991-03-20,,,,1991,3,20,,1.45545,-0.22674,1.47301,7.0
1579,1991-03-21,,,,1991,3,21,,1.58408,-0.32073,1.61622,7.0
1580,1991-03-22,,,,1991,3,22,,1.63938,-0.49531,1.71257,7.0
1581,1991-03-23,,,,1991,3,23,,1.64463,-0.66851,1.77531,7.0
1582,1991-03-24,,,,1991,3,24,,1.59849,-0.75226,1.76665,7.0
1583,1991-03-25,,,,1991,3,25,,1.49085,-0.74149,1.66506,7.0
1584,1991-03-26,,,,1991,3,26,,1.36361,-0.65529,1.51289,7.0
1585,1991-03-27,,,,1991,3,27,,1.26646,-0.54175,1.37747,7.0
1586,1991-03-28,,,,1991,3,28,,1.22056,-0.39629,1.28328,7.0
1587,1991-03-29,,,,1991,3,29,,1.15872,-0.23477,1.18227,7.0
1588,1991-03-30,,,,1991,3,30,,1.1243,-0.05309,1.12555,7.0
1589,1991-03-31,,,,1991,3,31,,1.07125,0.16472,1.08384,6.0
1590,1991-04-01,-1.55,-1.284,0.53,1991,4,1,,1.00618,0.40023,1.08286,6.0
1591,1991-04-02,,,,1991,4,2,,0.90006,0.63962,1.10419,6.0
1592,1991-04-03,,,,1991,4,3,,0.85395,0.78517,1.16005,6.0
1593,1991-04-04,,,,1991,4,4,,0.84347,0.85659,1.20216,5.0
1594,1991-04-05,,,,1991,4,5,,0.81304,0.92048,1.22814,5.0
1595,1991-04-06,,,,1991,4,6,,0.74947,0.98866,1.24063,5.0
1596,1991-04-07,,,,1991,4,7,,0.67535,0.99394,1.20167,5.0
1597,1991-04-08,,,,1991,4,8,,0.64446,0.98328,1.17566,5.0
1598,1991-04-09,,,,1991,4,9,,0.63292,0.9789,1.16569,5.0
1599,1991-04-10,,,,1991,4,10,,0.66075,0.97552,1.17823,5.0
1600,1991-04-11,,,,1991,4,11,,0.68701,0.943,1.16672,5.0
1601,1991-04-12,,,,1991,4,12,,0.62461,0.90582,1.1003,5.0
1602,1991-04-13,,,,1991,4,13,,0.45742,0.93438,1.04034,5.0
1603,1991-04-14,,,,1991,4,14,,0.32852,0.95083,1.00598,5.0
1604,1991-04-15,,,,1991,4,15,,0.27053,0.89237,0.93248,5.0
1605,1991-04-16,,,,1991,4,16,,0.25043,0.88054,0.91546,5.0
1606,1991-04-17,,,,1991,4,17,,0.16036,0.91261,0.92659,5.0
1607,1991-04-18,,,,1991,4,18,,0.08746,1.00239,1.0062,5.0
1608,1991-04-19,,,,1991,4,19,,-0.0461,1.05202,1.05303,4.0
1609,1991-04-20,,,,1991,4,20,,-0.13376,1.02929,1.03795,4.0
1610,1991-04-21,,,,1991,4,21,,-0.19086,0.97532,0.99382,4.0
1611,1991-04-22,,,,1991,4,22,,-0.22272,0.90758,0.93451,4.0
1612,1991-04-23,,,,1991,4,23,,-0.3972,0.80013,0.89329,4.0
1613,1991-04-24,,,,1991,4,24,,-0.61164,0.72876,0.95142,4.0
1614,1991-04-25,,,,1991,4,25,,-0.7842,0.63006,1.00596,3.0
1615,1991-04-26,,,,1991,4,26,,-0.91664,0.48135,1.03534,3.0
1616,1991-04-27,,,,1991,4,27,,-1.03358,0.33284,1.08585,3.0
1617,1991-04-28,,,,1991,4,28,,-1.15833,0.18836,1.17355,3.0
1618,1991-04-29,,,,1991,4,29,,-1.23805,0.12155,1.244,3.0
1619,1991-04-30,,,,1991,4,30,,-1.28637,0.07191,1.28838,3.0
1620,1991-05-01,-1.74,-1.233,0.486,1991,5,1,,-1.25874,-0.02453,1.25897,2.0
1621,1991-05-02,,,,1991,5,2,,-1.1461,-0.12083,1.15245,2.0
1622,1991-05-03,,,,1991,5,3,,-1.1145,-0.22692,1.13737,2.0
1623,1991-05-04,,,,1991,5,4,,-1.13922,-0.33355,1.18704,2.0
1624,1991-05-05,,,,1991,5,5,,-1.16942,-0.45534,1.25494,2.0
1625,1991-05-06,,,,1991,5,6,,-1.13831,-0.69118,1.33172,2.0
1626,1991-05-07,,,,1991,5,7,,-1.01723,-0.91474,1.36803,2.0
1627,1991-05-08,,,,1991,5,8,,-0.94215,-1.15482,1.49039,1.0
1628,1991-05-09,,,,1991,5,9,,-0.90551,-1.40072,1.66792,1.0
1629,1991-05-10,,,,1991,5,10,,-0.92077,-1.64704,1.88694,1.0
1630,1991-05-11,,,,1991,5,11,,-0.85346,-1.87255,2.05787,1.0
1631,1991-05-12,,,,1991,5,12,,-0.6663,-2.05821,2.16337,1.0
1632,1991-05-13,,,,1991,5,13,,-0.44044,-2.19885,2.24253,1.0
1633,1991-05-14,,,,1991,5,14,,-0.17085,-2.27501,2.28142,1.0
1634,1991-05-15,,,,1991,5,15,,0.06489,-2.29126,2.29218,8.0
1635,1991-05-16,,,,1991,5,16,,0.2869,-2.15495,2.17397,8.0
1636,1991-05-17,,,,1991,5,17,,0.53374,-2.03022,2.09921,8.0
1637,1991-05-18,,,,1991,5,18,,0.77239,-1.90243,2.05325,8.0
1638,1991-05-19,,,,1991,5,19,,1.0466,-1.71672,2.0106,8.0
1639,1991-05-20,,,,1991,5,20,,1.27001,-1.4689,1.9418,8.0
1640,1991-05-21,,,,1991,5,21,,1.4101,-1.16381,1.82834,7.0
1641,1991-05-22,,,,1991,5,22,,1.52517,-0.93098,1.78686,7.0
1642,1991-05-23,,,,1991,5,23,,1.58607,-0.66315,1.71912,7.0
1643,1991-05-24,,,,1991,5,24,,1.6543,-0.459,1.71679,7.0
1644,1991-05-25,,,,1991,5,25,,1.70073,-0.39332,1.74562,7.0
1645,1991-05-26,,,,1991,5,26,,1.73089,-0.27377,1.75241,7.0
1646,1991-05-27,,,,1991,5,27,,1.79189,-0.09446,1.79437,7.0
1647,1991-05-28,,,,1991,5,28,,1.81966,0.12995,1.8243,6.0
1648,1991-05-29,,,,1991,5,29,,1.83271,0.36549,1.8688,6.0
1649,1991-05-30,,,,1991,5,30,,1.78732,0.55444,1.87134,6.0
1650,1991-05-31,,,,1991,5,31,,1.68757,0.79838,1.8669,6.0
1651,1991-06-01,-0.79,-1.946,-0.115,1991,6,1,,1.48194,0.97162,1.77206,6.0
1652,1991-06-02,,,,1991,6,2,,1.23091,1.13924,1.67721,6.0
1653,1991-06-03,,,,1991,6,3,,0.90897,1.27028,1.562,5.0
1654,1991-06-04,,,,1991,6,4,,0.50027,1.34201,1.43222,5.0
1655,1991-06-05,,,,1991,6,5,,-0.00741,1.35741,1.35743,4.0
1656,1991-06-06,,,,1991,6,6,,-0.5475,1.30394,1.41421,4.0
1657,1991-06-07,,,,1991,6,7,,-1.10713,1.14828,1.59508,4.0
1658,1991-06-08,,,,1991,6,8,,-1.60311,0.94549,1.86116,3.0
1659,1991-06-09,,,,1991,6,9,,-1.9243,0.66656,2.03647,3.0
1660,1991-06-10,,,,1991,6,10,,-2.08356,0.3524,2.11315,3.0
1661,1991-06-11,,,,1991,6,11,,-2.28936,0.19687,2.29781,3.0
1662,1991-06-12,,,,1991,6,12,,-2.42907,0.19424,2.43683,3.0
1663,1991-06-13,,,,1991,6,13,,-2.3953,0.20367,2.40394,3.0
1664,1991-06-14,,,,1991,6,14,,-2.21811,0.15456,2.22349,3.0
1665,1991-06-15,,,,1991,6,15,,-2.02958,-0.01031,2.0296,2.0
1666,1991-06-16,,,,1991,6,16,,-1.81317,-0.19524,1.82365,2.0
1667,1991-06-17,,,,1991,6,17,,-1.57285,-0.35431,1.61226,2.0
1668,1991-06-18,,,,1991,6,18,,-1.4152,-0.34492,1.45663,2.0
1669,1991-06-19,,,,1991,6,19,,-1.27523,-0.21939,1.29396,2.0
1670,1991-06-20,,,,1991,6,20,,-0.96275,-0.18089,0.9796,2.0
1671,1991-06-21,,,,1991,6,21,,-0.63283,-0.30958,0.70449,2.0
1672,1991-06-22,,,,1991,6,22,,-0.36965,-0.4437,0.5775,1.0
1673,1991-06-23,,,,1991,6,23,,-0.13488,-0.52606,0.54308,1.0
1674,1991-06-24,,,,1991,6,24,,0.13672,-0.51404,0.53191,8.0
1675,1991-06-25,,,,1991,6,25,,0.40364,-0.43118,0.59062,8.0
1676,1991-06-26,,,,1991,6,26,,0.57768,-0.34983,0.67535,7.0
1677,1991-06-27,,,,1991,6,27,,0.81103,-0.35165,0.88398,7.0
1678,1991-06-28,,,,1991,6,28,,1.04138,-0.36823,1.10456,7.0
1679,1991-06-29,,,,1991,6,29,,1.1065,-0.31453,1.15033,7.0
1680,1991-06-30,,,,1991,6,30,,1.14012,-0.14347,1.14911,7.0
1681,1991-07-01,-0.07,-1.083,-0.188,1991,7,1,,1.15172,0.01153,1.15178,6.0
1682,1991-07-02,,,,1991,7,2,,1.06132,0.16313,1.07378,6.0
1683,1991-07-03,,,,1991,7,3,,0.92164,0.37855,0.99635,6.0
1684,1991-07-04,,,,1991,7,4,,0.7942,0.54462,0.963,6.0
1685,1991-07-05,,,,1991,7,5,,0.76914,0.62499,0.99106,6.0
1686,1991-07-06,,,,1991,7,6,,0.59429,0.64162,0.87456,5.0
1687,1991-07-07,,,,1991,7,7,,0.36632,0.69668,0.78712,5.0
1688,1991-07-08,,,,1991,7,8,,0.23601,0.67032,0.71066,5.0
1689,1991-07-09,,,,1991,7,9,,0.17637,0.5171,0.54635,5.0
1690,1991-07-10,,,,1991,7,10,,0.08823,0.40006,0.40967,5.0
1691,1991-07-11,,,,1991,7,11,,0.05599,0.33709,0.34171,5.0
1692,1991-07-12,,,,1991,7,12,,0.04531,0.16968,0.17563,5.0
1693,1991-07-13,,,,1991,7,13,,-0.00546,-0.03381,0.03425,1.0
1694,1991-07-14,,,,1991,7,14,,-0.11894,-0.14598,0.1883,1.0
1695,1991-07-15,,,,1991,7,15,,-0.16096,-0.16177,0.22821,1.0
1696,1991-07-16,,,,1991,7,16,,-0.11302,-0.21629,0.24404,1.0
1697,1991-07-17,,,,1991,7,17,,-0.0488,-0.22567,0.23089,1.0
1698,1991-07-18,,,,1991,7,18,,-0.14612,-0.1926,0.24175,1.0
1699,1991-07-19,,,,1991,7,19,,-0.25042,-0.1161,0.27603,2.0
1700,1991-07-20,,,,1991,7,20,,-0.35254,-0.102,0.367,2.0
1701,1991-07-21,,,,1991,7,21,,-0.43608,-0.08729,0.44473,2.0
1702,1991-07-22,,,,1991,7,22,,-0.42146,-0.02333,0.42211,2.0
1703,1991-07-23,,,,1991,7,23,,-0.35515,0.05097,0.35879,3.0
1704,1991-07-24,,,,1991,7,24,,-0.31837,0.06775,0.3255,3.0
1705,1991-07-25,,,,1991,7,25,,-0.3578,-0.02656,0.35878,2.0
1706,1991-07-26,,,,1991,7,26,,-0.36726,-0.16096,0.40098,2.0
1707,1991-07-27,,,,1991,7,27,,-0.20875,-0.1734,0.27137,2.0
1708,1991-07-28,,,,1991,7,28,,-0.03943,-0.20567,0.20941,1.0
1709,1991-07-29,,,,1991,7,29,,0.06634,-0.23995,0.24896,8.0
1710,1991-07-30,,,,1991,7,30,,0.17235,-0.26264,0.31414,8.0
1711,1991-07-31,,,,1991,7,31,,0.24437,-0.24368,0.3451,7.0
1712,1991-08-01,-1.07,-0.277,0.797,1991,8,1,,0.22361,-0.19902,0.29935,7.0
1713,1991-08-02,,,,1991,8,2,,0.25058,-0.19879,0.31985,7.0
1714,1991-08-03,,,,1991,8,3,,0.30511,-0.10377,0.32227,7.0
1715,1991-08-04,,,,1991,8,4,,0.26226,-0.0002,0.26226,7.0
1716,1991-08-05,,,,1991,8,5,,0.11268,-0.01355,0.11349,7.0
1717,1991-08-06,,,,1991,8,6,,-0.07865,-0.08352,0.11473,1.0
1718,1991-08-07,,,,1991,8,7,,-0.20024,-0.08439,0.2173,2.0
1719,1991-08-08,,,,1991,8,8,,-0.32597,-0.03488,0.32783,2.0
1720,1991-08-09,,,,1991,8,9,,-0.45362,0.00827,0.45369,3.0
1721,1991-08-10,,,,1991,8,10,,-0.53118,-0.02838,0.53194,2.0
1722,1991-08-11,,,,1991,8,11,,-0.6404,0.02839,0.64103,3.0
1723,1991-08-12,,,,1991,8,12,,-0.71877,0.05375,0.72078,3.0
1724,1991-08-13,,,,1991,8,13,,-0.75255,0.12287,0.76252,3.0
1725,1991-08-14,,,,1991,8,14,,-0.70649,0.20621,0.73597,3.0
1726,1991-08-15,,,,1991,8,15,,-0.60382,0.30068,0.67454,3.0
1727,1991-08-16,,,,1991,8,16,,-0.5296,0.32805,0.62297,3.0
1728,1991-08-17,,,,1991,8,17,,-0.48057,0.30561,0.56951,3.0
1729,1991-08-18,,,,1991,8,18,,-0.39589,0.33324,0.51748,3.0
1730,1991-08-19,,,,1991,8,19,,-0.28731,0.42492,0.51294,4.0
1731,1991-08-20,,,,1991,8,20,,-0.23397,0.42457,0.48477,4.0
1732,1991-08-21,,,,1991,8,21,,-0.24507,0.42489,0.4905,4.0
1733,1991-08-22,,,,1991,8,22,,-0.24199,0.37276,0.44442,4.0
1734,1991-08-23,,,,1991,8,23,,-0.28634,0.38506,0.47986,4.0
1735,1991-08-24,,,,1991,8,24,,-0.24645,0.40496,0.47405,4.0
1736,1991-08-25,,,,1991,8,25,,-0.10535,0.45198,0.4641,4.0
1737,1991-08-26,,,,1991,8,26,,0.09684,0.46583,0.47579,5.0
1738,1991-08-27,,,,1991,8,27,,0.19673,0.37425,0.4228,5.0
1739,1991-08-28,,,,1991,8,28,,0.23517,0.31401,0.39231,5.0
1740,1991-08-29,,,,1991,8,29,,0.22401,0.28692,0.36401,5.0
1741,1991-08-30,,,,1991,8,30,,0.1164,0.28357,0.30654,5.0
1742,1991-08-31,,,,1991,8,31,,0.00742,0.23958,0.2397,5.0
1743,1991-09-01,-1.64,0.405,-0.112,1991,9,1,,-0.04464,0.1275,0.13509,4.0
1744,1991-09-02,,,,1991,9,2,,-0.13197,0.03807,0.13736,3.0
1745,1991-09-03,,,,1991,9,3,,-0.26439,-0.06895,0.27323,2.0
1746,1991-09-04,,,,1991,9,4,,-0.45865,-0.10428,0.47035,2.0
1747,1991-09-05,,,,1991,9,5,,-0.58561,-0.09074,0.5926,2.0
1748,1991-09-06,,,,1991,9,6,,-0.71682,-0.19161,0.74199,2.0
1749,1991-09-07,,,,1991,9,7,,-0.78303,-0.29147,0.83552,2.0
1750,1991-09-08,,,,1991,9,8,,-0.75,-0.36607,0.83457,2.0
1751,1991-09-09,,,,1991,9,9,,-0.7314,-0.39365,0.83061,2.0
1752,1991-09-10,,,,1991,9,10,,-0.73259,-0.45142,0.86051,2.0
1753,1991-09-11,,,,1991,9,11,,-0.73322,-0.53608,0.90829,2.0
1754,1991-09-12,,,,1991,9,12,,-0.74345,-0.5885,0.94819,2.0
1755,1991-09-13,,,,1991,9,13,,-0.65866,-0.65285,0.92738,2.0
1756,1991-09-14,,,,1991,9,14,,-0.53905,-0.70834,0.89012,1.0
1757,1991-09-15,,,,1991,9,15,,-0.39888,-0.65111,0.76357,1.0
1758,1991-09-16,,,,1991,9,16,,-0.18885,-0.52156,0.55469,1.0
1759,1991-09-17,,,,1991,9,17,,0.0327,-0.4638,0.46495,8.0
1760,1991-09-18,,,,1991,9,18,,0.28063,-0.45087,0.53107,8.0
1761,1991-09-19,,,,1991,9,19,,0.48853,-0.43104,0.65151,7.0
1762,1991-09-20,,,,1991,9,20,,0.64416,-0.34146,0.72907,7.0
1763,1991-09-21,,,,1991,9,21,,0.73373,-0.32252,0.80148,7.0
1764,1991-09-22,,,,1991,9,22,,0.74592,-0.28261,0.79766,7.0
1765,1991-09-23,,,,1991,9,23,,0.65694,-0.18118,0.68147,7.0
1766,1991-09-24,,,,1991,9,24,,0.51372,-0.11064,0.5255,7.0
1767,1991-09-25,,,,1991,9,25,,0.35969,-0.12703,0.38146,7.0
1768,1991-09-26,,,,1991,9,26,,0.29003,-0.13378,0.31939,7.0
1769,1991-09-27,,,,1991,9,27,,0.18927,-0.13815,0.23433,7.0
1770,1991-09-28,,,,1991,9,28,,0.07061,-0.14809,0.16406,8.0
1771,1991-09-29,,,,1991,9,29,,-0.04437,-0.2059,0.21062,1.0
1772,1991-09-30,,,,1991,9,30,,-0.08192,-0.24077,0.25433,1.0
1773,1991-10-01,-1.55,0.542,-0.252,1991,10,1,,-0.04146,-0.31361,0.31634,1.0
1774,1991-10-02,,,,1991,10,2,,0.06529,-0.46719,0.47173,8.0
1775,1991-10-03,,,,1991,10,3,,0.24547,-0.67544,0.71866,8.0
1776,1991-10-04,,,,1991,10,4,,0.39793,-0.85988,0.94749,8.0
1777,1991-10-05,,,,1991,10,5,,0.53826,-0.93756,1.08109,8.0
1778,1991-10-06,,,,1991,10,6,,0.70233,-0.86539,1.11452,8.0
1779,1991-10-07,,,,1991,10,7,,0.95885,-0.64175,1.1538,7.0
1780,1991-10-08,,,,1991,10,8,,1.19643,-0.42308,1.26903,7.0
1781,1991-10-09,,,,1991,10,9,,1.38601,-0.10573,1.39004,7.0
1782,1991-10-10,,,,1991,10,10,,1.42957,0.19588,1.44293,6.0
1783,1991-10-11,,,,1991,10,11,,1.43932,0.41063,1.49675,6.0
1784,1991-10-12,,,,1991,10,12,,1.41388,0.60096,1.5363,6.0
1785,1991-10-13,,,,1991,10,13,,1.29727,0.77055,1.50886,6.0
1786,1991-10-14,,,,1991,10,14,,1.11438,0.82648,1.38741,6.0
1787,1991-10-15,,,,1991,10,15,,0.94879,0.81764,1.25249,6.0
1788,1991-10-16,,,,1991,10,16,,0.76022,0.69716,1.03148,6.0
1789,1991-10-17,,,,1991,10,17,,0.59386,0.61633,0.85588,5.0
1790,1991-10-18,,,,1991,10,18,,0.41751,0.49014,0.64386,5.0
1791,1991-10-19,,,,1991,10,19,,0.31964,0.40087,0.51271,5.0
1792,1991-10-20,,,,1991,10,20,,0.20364,0.39329,0.44288,5.0
1793,1991-10-21,,,,1991,10,21,,0.0259,0.45733,0.45806,5.0
1794,1991-10-22,,,,1991,10,22,,-0.05696,0.47972,0.48309,4.0
1795,1991-10-23,,,,1991,10,23,,-0.11247,0.49913,0.51165,4.0
1796,1991-10-24,,,,1991,10,24,,-0.1316,0.47488,0.49277,4.0
1797,1991-10-25,,,,1991,10,25,,-0.11359,0.42343,0.4384,4.0
1798,1991-10-26,,,,1991,10,26,,-0.06551,0.29454,0.30173,4.0
1799,1991-10-27,,,,1991,10,27,,-0.04306,0.11757,0.1252,4.0
1800,1991-10-28,,,,1991,10,28,,-0.10272,-0.10585,0.1475,1.0
1801,1991-10-29,,,,1991,10,29,,-0.14217,-0.36716,0.39373,1.0
1802,1991-10-30,,,,1991,10,30,,-0.13655,-0.5955,0.61096,1.0
1803,1991-10-31,,,,1991,10,31,,-0.21382,-0.73704,0.76743,1.0
1804,1991-11-01,-0.77,0.57,0.285,1991,11,1,,-0.27208,-0.87296,0.91438,1.0
1805,1991-11-02,,,,1991,11,2,,-0.36438,-1.00471,1.06875,1.0
1806,1991-11-03,,,,1991,11,3,,-0.45642,-1.05404,1.14862,1.0
1807,1991-11-04,,,,1991,11,4,,-0.5544,-1.00692,1.14946,1.0
1808,1991-11-05,,,,1991,11,5,,-0.62063,-0.89035,1.08531,1.0
1809,1991-11-06,,,,1991,11,6,,-0.65866,-0.69323,0.95624,1.0
1810,1991-11-07,,,,1991,11,7,,-0.68766,-0.50836,0.85517,2.0
1811,1991-11-08,,,,1991,11,8,,-0.72404,-0.38759,0.82126,2.0
1812,1991-11-09,,,,1991,11,9,,-0.69063,-0.31025,0.75712,2.0
1813,1991-11-10,,,,1991,11,10,,-0.61587,-0.27139,0.67302,2.0
1814,1991-11-11,,,,1991,11,11,,-0.50427,-0.22296,0.55136,2.0
1815,1991-11-12,,,,1991,11,12,,-0.46607,-0.2595,0.53344,2.0
1816,1991-11-13,,,,1991,11,13,,-0.41449,-0.30935,0.5172,2.0
1817,1991-11-14,,,,1991,11,14,,-0.28359,-0.37801,0.47256,1.0
1818,1991-11-15,,,,1991,11,15,,-0.13794,-0.47118,0.49096,1.0
1819,1991-11-16,,,,1991,11,16,,0.01943,-0.57553,0.57586,8.0
1820,1991-11-17,,,,1991,11,17,,0.209,-0.67047,0.70229,8.0
1821,1991-11-18,,,,1991,11,18,,0.41429,-0.69735,0.81113,8.0
1822,1991-11-19,,,,1991,11,19,,0.57094,-0.6083,0.83427,8.0
1823,1991-11-20,,,,1991,11,20,,0.60984,-0.37016,0.71338,7.0
1824,1991-11-21,,,,1991,11,21,,0.6342,-0.10777,0.64329,7.0
1825,1991-11-22,,,,1991,11,22,,0.54324,0.07145,0.54792,6.0
1826,1991-11-23,,,,1991,11,23,,0.41021,0.19817,0.45557,6.0
1827,1991-11-24,,,,1991,11,24,,0.31427,0.28104,0.42161,6.0
1828,1991-11-25,,,,1991,11,25,,0.24147,0.36266,0.43569,5.0
1829,1991-11-26,,,,1991,11,26,,0.18611,0.38348,0.42626,5.0
1830,1991-11-27,,,,1991,11,27,,0.19345,0.32437,0.37768,5.0
1831,1991-11-28,,,,1991,11,28,,0.27307,0.27771,0.38947,5.0
1832,1991-11-29,,,,1991,11,29,,0.42248,0.20635,0.47018,6.0
1833,1991-11-30,,,,1991,11,30,,0.54948,0.09644,0.55788,6.0
1834,1991-12-01,-2.02,-0.121,1.613,1991,12,1,,0.65963,-0.03077,0.66035,7.0
1835,1991-12-02,,,,1991,12,2,,0.67535,-0.14416,0.69056,7.0
1836,1991-12-03,,,,1991,12,3,,0.59319,-0.21,0.62926,7.0
1837,1991-12-04,,,,1991,12,4,,0.43508,-0.21119,0.48363,7.0
1838,1991-12-05,,,,1991,12,5,,0.30548,-0.18034,0.35474,7.0
1839,1991-12-06,,,,1991,12,6,,0.14681,-0.13052,0.19644,7.0
1840,1991-12-07,,,,1991,12,7,,0.02218,-0.12631,0.12824,8.0
1841,1991-12-08,,,,1991,12,8,,-0.08461,-0.15384,0.17557,1.0
1842,1991-12-09,,,,1991,12,9,,-0.15597,-0.2101,0.26166,1.0
1843,1991-12-10,,,,1991,12,10,,-0.18687,-0.30643,0.35891,1.0
1844,1991-12-11,,,,1991,12,11,,-0.13283,-0.42303,0.44339,1.0
1845,1991-12-12,,,,1991,12,12,,0.05556,-0.60589,0.60843,8.0
1846,1991-12-13,,,,1991,12,13,,0.34292,-0.75603,0.83016,8.0
1847,1991-12-14,,,,1991,12,14,,0.66796,-0.83945,1.07278,8.0
1848,1991-12-15,,,,1991,12,15,,0.99538,-0.86981,1.32187,7.0
1849,1991-12-16,,,,1991,12,16,,1.27708,-0.82054,1.51796,7.0
1850,1991-12-17,,,,1991,12,17,,1.48117,-0.71655,1.64539,7.0
1851,1991-12-18,,,,1991,12,18,,1.68774,-0.51071,1.76332,7.0
1852,1991-12-19,,,,1991,12,19,,1.82967,-0.25479,1.84732,7.0
1853,1991-12-20,,,,1991,12,20,,1.87968,-0.04348,1.88018,7.0
1854,1991-12-21,,,,1991,12,21,,1.82201,0.15857,1.8289,6.0
1855,1991-12-22,,,,1991,12,22,,1.75201,0.38996,1.79488,6.0
1856,1991-12-23,,,,1991,12,23,,1.60349,0.56465,1.70001,6.0
1857,1991-12-24,,,,1991,12,24,,1.42793,0.69712,1.58901,6.0
1858,1991-12-25,,,,1991,12,25,,1.15354,0.81465,1.4122,6.0
1859,1991-12-26,,,,1991,12,26,,0.86921,0.8404,1.20905,6.0
1860,1991-12-27,,,,1991,12,27,,0.51649,0.76249,0.92095,5.0
1861,1991-12-28,,,,1991,12,28,,0.14051,0.70308,0.71698,5.0
1862,1991-12-29,,,,1991,12,29,,-0.24749,0.71134,0.75317,4.0
1863,1991-12-30,,,,1991,12,30,,-0.5734,0.66364,0.87704,4.0
1864,1991-12-31,,,,1991,12,31,,-0.85136,0.54125,1.00884,3.0
1865,1992-01-01,-2.85,0.132,0.55,1992,1,1,,-1.14801,0.42364,1.22368,3.0
1866,1992-01-02,,,,1992,1,2,,-1.46068,0.37069,1.50699,3.0
1867,1992-01-03,,,,1992,1,3,,-1.6885,0.27162,1.71021,3.0
1868,1992-01-04,,,,1992,1,4,,-1.84236,0.14576,1.84811,3.0
1869,1992-01-05,,,,1992,1,5,,-1.96952,-0.01003,1.96954,2.0
1870,1992-01-06,,,,1992,1,6,,-1.96644,-0.174,1.97412,2.0
1871,1992-01-07,,,,1992,1,7,,-1.83037,-0.38482,1.87039,2.0
1872,1992-01-08,,,,1992,1,8,,-1.71831,-0.59152,1.81727,2.0
1873,1992-01-09,,,,1992,1,9,,-1.6441,-0.84151,1.84695,2.0
1874,1992-01-10,,,,1992,1,10,,-1.43497,-1.07006,1.79002,2.0
1875,1992-01-11,,,,1992,1,11,,-1.08604,-1.30859,1.70055,1.0
1876,1992-01-12,,,,1992,1,12,,-0.69321,-1.5763,1.72199,1.0
1877,1992-01-13,,,,1992,1,13,,-0.33412,-1.7523,1.78387,1.0
1878,1992-01-14,,,,1992,1,14,,0.03305,-1.82921,1.82951,8.0
1879,1992-01-15,,,,1992,1,15,,0.39811,-1.95201,1.9922,8.0
1880,1992-01-16,,,,1992,1,16,,0.67541,-2.09284,2.19912,8.0
1881,1992-01-17,,,,1992,1,17,,0.87926,-2.09836,2.27513,8.0
1882,1992-01-18,,,,1992,1,18,,1.09982,-1.93729,2.22771,8.0
1883,1992-01-19,,,,1992,1,19,,1.25688,-1.7514,2.15573,8.0
1884,1992-01-20,,,,1992,1,20,,1.3487,-1.60236,2.09441,8.0
1885,1992-01-21,,,,1992,1,21,,1.4182,-1.4533,2.03061,8.0
1886,1992-01-22,,,,1992,1,22,,1.48188,-1.35397,2.00729,7.0
1887,1992-01-23,,,,1992,1,23,,1.51362,-1.26998,1.97583,7.0
1888,1992-01-24,,,,1992,1,24,,1.47182,-1.10738,1.84189,7.0
1889,1992-01-25,,,,1992,1,25,,1.4567,-0.86768,1.69553,7.0
1890,1992-01-26,,,,1992,1,26,,1.51556,-0.78541,1.70698,7.0
1891,1992-01-27,,,,1992,1,27,,1.59349,-0.79971,1.78291,7.0
1892,1992-01-28,,,,1992,1,28,,1.60429,-0.75189,1.77175,7.0
1893,1992-01-29,,,,1992,1,29,,1.55892,-0.64605,1.68749,7.0
1894,1992-01-30,,,,1992,1,30,,1.55014,-0.5054,1.63045,7.0
1895,1992-01-31,,,,1992,1,31,,1.59224,-0.31632,1.62335,7.0
1896,1992-02-01,-1.05,0.372,1.122,1992,2,1,,1.63195,-0.05523,1.63289,7.0
1897,1992-02-02,,,,1992,2,2,,1.59199,0.26052,1.61316,6.0
1898,1992-02-03,,,,1992,2,3,,1.52124,0.55703,1.62002,6.0
1899,1992-02-04,,,,1992,2,4,,1.47181,0.94139,1.74712,6.0
1900,1992-02-05,,,,1992,2,5,,1.35474,1.28305,1.86589,6.0
1901,1992-02-06,,,,1992,2,6,,1.24624,1.46465,1.9231,5.0
1902,1992-02-07,,,,1992,2,7,,1.10146,1.59747,1.94039,5.0
1903,1992-02-08,,,,1992,2,8,,0.9198,1.77337,1.99771,5.0
1904,1992-02-09,,,,1992,2,9,,0.74838,1.93121,2.07114,5.0
1905,1992-02-10,,,,1992,2,10,,0.61866,1.89331,1.99183,5.0
1906,1992-02-11,,,,1992,2,11,,0.49697,1.67876,1.75077,5.0
1907,1992-02-12,,,,1992,2,12,,0.3549,1.47893,1.52092,5.0
1908,1992-02-13,,,,1992,2,13,,0.13586,1.35266,1.35947,5.0
1909,1992-02-14,,,,1992,2,14,,-0.18106,1.28498,1.29767,4.0
1910,1992-02-15,,,,1992,2,15,,-0.49586,1.30444,1.39551,4.0
1911,1992-02-16,,,,1992,2,16,,-0.71046,1.36427,1.53818,4.0
1912,1992-02-17,,,,1992,2,17,,-0.8833,1.37662,1.63563,4.0
1913,1992-02-18,,,,1992,2,18,,-1.05081,1.37115,1.72751,4.0
1914,1992-02-19,,,,1992,2,19,,-1.19253,1.50781,1.92241,4.0
1915,1992-02-20,,,,1992,2,20,,-1.25606,1.69859,2.11255,4.0
1916,1992-02-21,,,,1992,2,21,,-1.42046,1.87993,2.35624,4.0
1917,1992-02-22,,,,1992,2,22,,-1.63211,1.94254,2.53717,4.0
1918,1992-02-23,,,,1992,2,23,,-1.81464,1.85908,2.59791,4.0
1919,1992-02-24,,,,1992,2,24,,-2.01123,1.58541,2.56097,3.0
1920,1992-02-25,,,,1992,2,25,,-2.1446,1.24176,2.47816,3.0
1921,1992-02-26,,,,1992,2,26,,-2.15802,0.93415,2.35152,3.0
1922,1992-02-27,,,,1992,2,27,,-2.10958,0.67731,2.21564,3.0
1923,1992-02-28,,,,1992,2,28,,-2.02325,0.46905,2.0769,3.0
1924,1992-02-29,,,,1992,2,29,,-1.94297,0.33744,1.97205,3.0
1925,1992-03-01,-2.85,0.274,0.984,1992,3,1,,-1.82719,0.19433,1.8375,3.0
1926,1992-03-02,,,,1992,3,2,,-1.76966,0.01646,1.76973,3.0
1927,1992-03-03,,,,1992,3,3,,-1.80952,-0.16329,1.81687,2.0
1928,1992-03-04,,,,1992,3,4,,-1.84352,-0.19089,1.85338,2.0
1929,1992-03-05,,,,1992,3,5,,-1.8167,-0.15878,1.82362,2.0
1930,1992-03-06,,,,1992,3,6,,-1.76222,-0.10784,1.76552,2.0
1931,1992-03-07,,,,1992,3,7,,-1.72935,-0.08816,1.7316,2.0
1932,1992-03-08,,,,1992,3,8,,-1.63368,-0.16241,1.64173,2.0
1933,1992-03-09,,,,1992,3,9,,-1.50704,-0.32743,1.5422,2.0
1934,1992-03-10,,,,1992,3,10,,-1.39737,-0.55278,1.50273,2.0
1935,1992-03-11,,,,1992,3,11,,-1.26986,-0.83259,1.51847,2.0
1936,1992-03-12,,,,1992,3,12,,-1.02961,-1.06082,1.47833,1.0
1937,1992-03-13,,,,1992,3,13,,-0.68573,-1.31735,1.48514,1.0
1938,1992-03-14,,,,1992,3,14,,-0.3028,-1.62451,1.65249,1.0
1939,1992-03-15,,,,1992,3,15,,0.13779,-1.84439,1.84953,8.0
1940,1992-03-16,,,,1992,3,16,,0.61749,-1.86634,1.96584,8.0
1941,1992-03-17,,,,1992,3,17,,0.97954,-1.7374,1.99451,8.0
1942,1992-03-18,,,,1992,3,18,,1.19677,-1.58417,1.98542,8.0
1943,1992-03-19,,,,1992,3,19,,1.42314,-1.39097,1.99001,7.0
1944,1992-03-20,,,,1992,3,20,,1.61328,-1.19008,2.00474,7.0
1945,1992-03-21,,,,1992,3,21,,1.67397,-1.07289,1.98828,7.0
1946,1992-03-22,,,,1992,3,22,,1.6745,-0.95623,1.9283,7.0
1947,1992-03-23,,,,1992,3,23,,1.68831,-0.81408,1.87433,7.0
1948,1992-03-24,,,,1992,3,24,,1.74505,-0.63374,1.85657,7.0
1949,1992-03-25,,,,1992,3,25,,1.76656,-0.43278,1.8188,7.0
1950,1992-03-26,,,,1992,3,26,,1.75199,-0.25942,1.77109,7.0
1951,1992-03-27,,,,1992,3,27,,1.69928,-0.06404,1.70049,7.0
1952,1992-03-28,,,,1992,3,28,,1.63367,0.15397,1.64091,6.0
1953,1992-03-29,,,,1992,3,29,,1.55263,0.39111,1.60113,6.0
1954,1992-03-30,,,,1992,3,30,,1.54457,0.61775,1.66352,6.0
1955,1992-03-31,,,,1992,3,31,,1.48528,0.81124,1.69239,6.0
1956,1992-04-01,-2.06,0.748,-0.521,1992,4,1,,1.36064,1.02503,1.70353,6.0
1957,1992-04-02,,,,1992,4,2,,1.16439,1.20191,1.67344,5.0
1958,1992-04-03,,,,1992,4,3,,0.90966,1.32836,1.60998,5.0
1959,1992-04-04,,,,1992,4,4,,0.69502,1.45287,1.61055,5.0
1960,1992-04-05,,,,1992,4,5,,0.46911,1.51596,1.58688,5.0
1961,1992-04-06,,,,1992,4,6,,0.14785,1.47117,1.47858,5.0
1962,1992-04-07,,,,1992,4,7,,-0.16649,1.40726,1.41708,4.0
1963,1992-04-08,,,,1992,4,8,,-0.47508,1.30809,1.39169,4.0
1964,1992-04-09,,,,1992,4,9,,-0.77609,1.16459,1.39949,4.0
1965,1992-04-10,,,,1992,4,10,,-1.05176,1.03195,1.47347,3.0
1966,1992-04-11,,,,1992,4,11,,-1.25829,0.89839,1.54609,3.0
1967,1992-04-12,,,,1992,4,12,,-1.34204,0.74255,1.53377,3.0
1968,1992-04-13,,,,1992,4,13,,-1.39549,0.53209,1.49349,3.0
1969,1992-04-14,,,,1992,4,14,,-1.39176,0.34874,1.43479,3.0
1970,1992-04-15,,,,1992,4,15,,-1.34825,0.24472,1.37028,3.0
1971,1992-04-16,,,,1992,4,16,,-1.28001,0.07315,1.2821,3.0
1972,1992-04-17,,,,1992,4,17,,-1.16637,-0.10039,1.17068,2.0
1973,1992-04-18,,,,1992,4,18,,-0.95332,-0.28529,0.99509,2.0
1974,1992-04-19,,,,1992,4,19,,-0.67981,-0.40488,0.79125,2.0
1975,1992-04-20,,,,1992,4,20,,-0.46182,-0.447,0.64272,2.0
1976,1992-04-21,,,,1992,4,21,,-0.28144,-0.45275,0.5331,1.0
1977,1992-04-22,,,,1992,4,22,,-0.13723,-0.44447,0.46517,1.0
1978,1992-04-23,,,,1992,4,23,,-0.02866,-0.4759,0.47677,1.0
1979,1992-04-24,,,,1992,4,24,,0.04708,-0.47004,0.47239,8.0
1980,1992-04-25,,,,1992,4,25,,0.14583,-0.4433,0.46667,8.0
1981,1992-04-26,,,,1992,4,26,,0.23109,-0.39751,0.4598,8.0
1982,1992-04-27,,,,1992,4,27,,0.29799,-0.24781,0.38757,7.0
1983,1992-04-28,,,,1992,4,28,,0.30332,-0.14491,0.33615,7.0
1984,1992-04-29,,,,1992,4,29,,0.34511,-0.08366,0.35511,7.0
1985,1992-04-30,,,,1992,4,30,,0.40383,0.01173,0.404,6.0
1986,1992-05-01,0.06,1.578,1.341,1992,5,1,,0.42025,0.12391,0.43813,6.0
1987,1992-05-02,,,,1992,5,2,,0.46004,0.297,0.54758,6.0
1988,1992-05-03,,,,1992,5,3,,0.49407,0.44806,0.66698,6.0
1989,1992-05-04,,,,1992,5,4,,0.47943,0.611,0.77665,5.0
1990,1992-05-05,,,,1992,5,5,,0.45255,0.80983,0.9277,5.0
1991,1992-05-06,,,,1992,5,6,,0.3931,0.91618,0.99696,5.0
1992,1992-05-07,,,,1992,5,7,,0.37203,1.02391,1.0894,5.0
1993,1992-05-08,,,,1992,5,8,,0.32767,1.04657,1.09666,5.0
1994,1992-05-09,,,,1992,5,9,,0.27283,1.04781,1.08275,5.0
1995,1992-05-10,,,,1992,5,10,,0.2255,1.06038,1.08409,5.0
1996,1992-05-11,,,,1992,5,11,,0.18318,1.02622,1.04244,5.0
1997,1992-05-12,,,,1992,5,12,,0.1276,0.92561,0.93436,5.0
1998,1992-05-13,,,,1992,5,13,,0.08213,0.82265,0.82674,5.0
1999,1992-05-14,,,,1992,5,14,,0.02841,0.61155,0.61221,5.0
2000,1992-05-15,,,,1992,5,15,,-0.06912,0.42858,0.43412,4.0
2001,1992-05-16,,,,1992,5,16,,-0.11896,0.21811,0.24845,4.0
2002,1992-05-17,,,,1992,5,17,,-0.16482,0.07501,0.18109,3.0
2003,1992-05-18,,,,1992,5,18,,-0.19517,-0.07925,0.21064,2.0
2004,1992-05-19,,,,1992,5,19,,-0.19126,-0.23411,0.30231,1.0
2005,1992-05-20,,,,1992,5,20,,-0.20771,-0.33433,0.3936,1.0
2006,1992-05-21,,,,1992,5,21,,-0.21558,-0.41996,0.47206,1.0
2007,1992-05-22,,,,1992,5,22,,-0.19984,-0.4509,0.4932,1.0
2008,1992-05-23,,,,1992,5,23,,-0.2231,-0.39917,0.45729,1.0
2009,1992-05-24,,,,1992,5,24,,-0.18554,-0.31689,0.36721,1.0
2010,1992-05-25,,,,1992,5,25,,-0.19683,-0.21624,0.29241,1.0
2011,1992-05-26,,,,1992,5,26,,-0.16674,-0.19937,0.2599,1.0
2012,1992-05-27,,,,1992,5,27,,-0.10201,-0.20458,0.2286,1.0
2013,1992-05-28,,,,1992,5,28,,-0.00231,-0.23751,0.23752,1.0
2014,1992-05-29,,,,1992,5,29,,0.08723,-0.25073,0.26547,8.0
2015,1992-05-30,,,,1992,5,30,,0.24602,-0.12008,0.27376,7.0
2016,1992-05-31,,,,1992,5,31,,0.42929,-0.04783,0.43194,7.0
2017,1992-06-01,-1.82,1.485,-0.302,1992,6,1,,0.62255,0.07033,0.62651,6.0
2018,1992-06-02,,,,1992,6,2,,0.76777,0.20648,0.79505,6.0
2019,1992-06-03,,,,1992,6,3,,0.87752,0.34068,0.94134,6.0
2020,1992-06-04,,,,1992,6,4,,0.92748,0.55565,1.08118,6.0
2021,1992-06-05,,,,1992,6,5,,0.91356,0.69082,1.14535,6.0
2022,1992-06-06,,,,1992,6,6,,0.85576,0.80666,1.17602,6.0
2023,1992-06-07,,,,1992,6,7,,0.79755,0.89729,1.20051,5.0
2024,1992-06-08,,,,1992,6,8,,0.71117,0.88374,1.13436,5.0
2025,1992-06-09,,,,1992,6,9,,0.57996,0.96951,1.12973,5.0
2026,1992-06-10,,,,1992,6,10,,0.48726,1.00603,1.11782,5.0
2027,1992-06-11,,,,1992,6,11,,0.42035,1.01977,1.10301,5.0
2028,1992-06-12,,,,1992,6,12,,0.31165,1.05091,1.09615,5.0
2029,1992-06-13,,,,1992,6,13,,0.16386,1.06034,1.07293,5.0
2030,1992-06-14,,,,1992,6,14,,0.01939,1.1796,1.17976,5.0
2031,1992-06-15,,,,1992,6,15,,-0.12481,1.29557,1.30157,4.0
2032,1992-06-16,,,,1992,6,16,,-0.27156,1.32172,1.34933,4.0
2033,1992-06-17,,,,1992,6,17,,-0.41128,1.32437,1.38676,4.0
2034,1992-06-18,,,,1992,6,18,,-0.60256,1.28057,1.41526,4.0
2035,1992-06-19,,,,1992,6,19,,-0.80991,1.21754,1.46231,4.0
2036,1992-06-20,,,,1992,6,20,,-1.08438,1.13673,1.57099,4.0
2037,1992-06-21,,,,1992,6,21,,-1.29452,1.05978,1.67299,3.0
2038,1992-06-22,,,,1992,6,22,,-1.4437,1.00856,1.7611,3.0
2039,1992-06-23,,,,1992,6,23,,-1.42747,0.85523,1.66406,3.0
2040,1992-06-24,,,,1992,6,24,,-1.41336,0.61226,1.54028,3.0
2041,1992-06-25,,,,1992,6,25,,-1.38829,0.37329,1.4376,3.0
2042,1992-06-26,,,,1992,6,26,,-1.36383,0.15173,1.37224,3.0
2043,1992-06-27,,,,1992,6,27,,-1.28988,-0.1013,1.29385,2.0
2044,1992-06-28,,,,1992,6,28,,-1.06427,-0.33605,1.11606,2.0
2045,1992-06-29,,,,1992,6,29,,-0.71433,-0.59132,0.92732,2.0
2046,1992-06-30,,,,1992,6,30,,-0.38053,-0.88883,0.96686,1.0
2047,1992-07-01,-0.63,1.856,0.191,1992,7,1,,-0.09497,-1.10689,1.11095,1.0
2048,1992-07-02,,,,1992,7,2,,0.06302,-1.25223,1.25381,8.0
2049,1992-07-03,,,,1992,7,3,,0.23443,-1.27258,1.294,8.0
2050,1992-07-04,,,,1992,7,4,,0.49563,-1.21311,1.31045,8.0
2051,1992-07-05,,,,1992,7,5,,0.69052,-1.15122,1.34243,8.0
2052,1992-07-06,,,,1992,7,6,,0.80046,-1.03761,1.31049,8.0
2053,1992-07-07,,,,1992,7,7,,0.82275,-0.91003,1.22681,8.0
2054,1992-07-08,,,,1992,7,8,,0.77385,-0.74681,1.07544,7.0
2055,1992-07-09,,,,1992,7,9,,0.7247,-0.53717,0.90207,7.0
2056,1992-07-10,,,,1992,7,10,,0.74631,-0.3669,0.83163,7.0
2057,1992-07-11,,,,1992,7,11,,0.8155,-0.19196,0.83779,7.0
2058,1992-07-12,,,,1992,7,12,,0.80568,-0.07808,0.80945,7.0
2059,1992-07-13,,,,1992,7,13,,0.65244,0.01289,0.65256,6.0
2060,1992-07-14,,,,1992,7,14,,0.59402,0.1345,0.60905,6.0
2061,1992-07-15,,,,1992,7,15,,0.61075,0.20957,0.64571,6.0
2062,1992-07-16,,,,1992,7,16,,0.52802,0.27979,0.59757,6.0
2063,1992-07-17,,,,1992,7,17,,0.47552,0.40912,0.6273,6.0
2064,1992-07-18,,,,1992,7,18,,0.44512,0.55703,0.71304,5.0
2065,1992-07-19,,,,1992,7,19,,0.32559,0.70202,0.77385,5.0
2066,1992-07-20,,,,1992,7,20,,0.18652,0.7792,0.80121,5.0
2067,1992-07-21,,,,1992,7,21,,0.07527,0.85026,0.85359,5.0
2068,1992-07-22,,,,1992,7,22,,-0.00966,0.92835,0.9284,4.0
2069,1992-07-23,,,,1992,7,23,,-0.09974,0.95086,0.95607,4.0
2070,1992-07-24,,,,1992,7,24,,-0.12302,0.95892,0.96678,4.0
2071,1992-07-25,,,,1992,7,25,,-0.07984,0.94641,0.94977,4.0
2072,1992-07-26,,,,1992,7,26,,-0.03949,0.84986,0.85078,4.0
2073,1992-07-27,,,,1992,7,27,,0.03613,0.74587,0.74674,5.0
2074,1992-07-28,,,,1992,7,28,,0.16138,0.66579,0.68507,5.0
2075,1992-07-29,,,,1992,7,29,,0.22101,0.61209,0.65077,5.0
2076,1992-07-30,,,,1992,7,30,,0.33977,0.5115,0.61406,5.0
2077,1992-07-31,,,,1992,7,31,,0.47786,0.4123,0.63115,6.0
2078,1992-08-01,-0.01,1.308,0.535,1992,8,1,,0.51185,0.32753,0.60767,6.0
2079,1992-08-02,,,,1992,8,2,,0.46516,0.25984,0.53281,6.0
2080,1992-08-03,,,,1992,8,3,,0.36135,0.15225,0.39211,6.0
2081,1992-08-04,,,,1992,8,4,,0.1595,0.1178,0.19829,6.0
2082,1992-08-05,,,,1992,8,5,,-0.01714,0.09714,0.09864,4.0
2083,1992-08-06,,,,1992,8,6,,-0.17432,0.14959,0.2297,3.0
2084,1992-08-07,,,,1992,8,7,,-0.26056,0.16699,0.30948,3.0
2085,1992-08-08,,,,1992,8,8,,-0.40584,0.17768,0.44303,3.0
2086,1992-08-09,,,,1992,8,9,,-0.56867,0.25006,0.62122,3.0
2087,1992-08-10,,,,1992,8,10,,-0.62807,0.332,0.71042,3.0
2088,1992-08-11,,,,1992,8,11,,-0.63792,0.3569,0.73097,3.0
2089,1992-08-12,,,,1992,8,12,,-0.55268,0.42192,0.69532,3.0
2090,1992-08-13,,,,1992,8,13,,-0.43577,0.40921,0.59779,3.0
2091,1992-08-14,,,,1992,8,14,,-0.37117,0.35268,0.512,3.0
2092,1992-08-15,,,,1992,8,15,,-0.31545,0.17566,0.36106,3.0
2093,1992-08-16,,,,1992,8,16,,-0.33291,0.01468,0.33323,3.0
2094,1992-08-17,,,,1992,8,17,,-0.32525,-0.09995,0.34027,2.0
2095,1992-08-18,,,,1992,8,18,,-0.25854,-0.25618,0.36396,2.0
2096,1992-08-19,,,,1992,8,19,,-0.15243,-0.43452,0.46048,1.0
2097,1992-08-20,,,,1992,8,20,,-0.13841,-0.54015,0.5576,1.0
2098,1992-08-21,,,,1992,8,21,,-0.21824,-0.64821,0.68396,1.0
2099,1992-08-22,,,,1992,8,22,,-0.29606,-0.71069,0.76989,1.0
2100,1992-08-23,,,,1992,8,23,,-0.34743,-0.7032,0.78434,1.0
2101,1992-08-24,,,,1992,8,24,,-0.3554,-0.67602,0.76375,1.0
2102,1992-08-25,,,,1992,8,25,,-0.27561,-0.5994,0.65973,1.0
2103,1992-08-26,,,,1992,8,26,,-0.23595,-0.49732,0.55046,1.0
2104,1992-08-27,,,,1992,8,27,,-0.17874,-0.39205,0.43087,1.0
2105,1992-08-28,,,,1992,8,28,,-0.1327,-0.29279,0.32146,1.0
2106,1992-08-29,,,,1992,8,29,,-0.05938,-0.23872,0.24599,1.0
2107,1992-08-30,,,,1992,8,30,,0.07212,-0.14956,0.16604,8.0
2108,1992-08-31,,,,1992,8,31,,0.24818,-0.13888,0.2844,7.0
2109,1992-09-01,0.06,0.961,-0.64,1992,9,1,,0.29776,-0.1353,0.32706,7.0
2110,1992-09-02,,,,1992,9,2,,0.29675,-0.10282,0.31406,7.0
2111,1992-09-03,,,,1992,9,3,,0.23876,-0.05631,0.24531,7.0
2112,1992-09-04,,,,1992,9,4,,0.23954,-0.00769,0.23967,7.0
2113,1992-09-05,,,,1992,9,5,,0.13411,-0.04605,0.1418,7.0
2114,1992-09-06,,,,1992,9,6,,0.01881,-0.09809,0.09988,8.0
2115,1992-09-07,,,,1992,9,7,,0.00479,-0.13977,0.13985,8.0
2116,1992-09-08,,,,1992,9,8,,-0.00404,-0.25942,0.25945,1.0
2117,1992-09-09,,,,1992,9,9,,-0.05949,-0.31975,0.32524,1.0
2118,1992-09-10,,,,1992,9,10,,-0.01817,-0.43307,0.43345,1.0
2119,1992-09-11,,,,1992,9,11,,0.00115,-0.56034,0.56034,8.0
2120,1992-09-12,,,,1992,9,12,,-0.03436,-0.65604,0.65694,1.0
2121,1992-09-13,,,,1992,9,13,,-0.12341,-0.72795,0.73834,1.0
2122,1992-09-14,,,,1992,9,14,,-0.14594,-0.70525,0.72019,1.0
2123,1992-09-15,,,,1992,9,15,,-0.22581,-0.67528,0.71204,1.0
2124,1992-09-16,,,,1992,9,16,,-0.32717,-0.58714,0.67213,1.0
2125,1992-09-17,,,,1992,9,17,,-0.33181,-0.46042,0.56752,1.0
2126,1992-09-18,,,,1992,9,18,,-0.22859,-0.36972,0.43468,1.0
2127,1992-09-19,,,,1992,9,19,,-0.06915,-0.25201,0.26133,1.0
2128,1992-09-20,,,,1992,9,20,,0.12926,-0.0783,0.15112,7.0
2129,1992-09-21,,,,1992,9,21,,0.4088,0.0791,0.41638,6.0
2130,1992-09-22,,,,1992,9,22,,0.69108,0.22576,0.72702,6.0
2131,1992-09-23,,,,1992,9,23,,0.89031,0.33129,0.94995,6.0
2132,1992-09-24,,,,1992,9,24,,1.09784,0.46669,1.19292,6.0
2133,1992-09-25,,,,1992,9,25,,1.29379,0.49636,1.38574,6.0
2134,1992-09-26,,,,1992,9,26,,1.34834,0.53838,1.45185,6.0
2135,1992-09-27,,,,1992,9,27,,1.2697,0.58545,1.39817,6.0
2136,1992-09-28,,,,1992,9,28,,1.12871,0.59848,1.27757,6.0
2137,1992-09-29,,,,1992,9,29,,0.95717,0.59139,1.12513,6.0
2138,1992-09-30,,,,1992,9,30,,0.77576,0.59881,0.97999,6.0
2139,1992-10-01,-2.03,1.34,-0.366,1992,10,1,,0.66294,0.63293,0.91656,6.0
2140,1992-10-02,,,,1992,10,2,,0.58604,0.62003,0.85316,5.0
2141,1992-10-03,,,,1992,10,3,,0.48585,0.56684,0.74656,5.0
2142,1992-10-04,,,,1992,10,4,,0.36441,0.60352,0.705,5.0
2143,1992-10-05,,,,1992,10,5,,0.25923,0.6485,0.69839,5.0
2144,1992-10-06,,,,1992,10,6,,0.23611,0.72218,0.7598,5.0
2145,1992-10-07,,,,1992,10,7,,0.20443,0.79697,0.82277,5.0
2146,1992-10-08,,,,1992,10,8,,0.1185,0.83419,0.84256,5.0
2147,1992-10-09,,,,1992,10,9,,-0.03364,0.88236,0.883,4.0
2148,1992-10-10,,,,1992,10,10,,-0.25893,0.81552,0.85564,4.0
2149,1992-10-11,,,,1992,10,11,,-0.46026,0.78761,0.91223,4.0
2150,1992-10-12,,,,1992,10,12,,-0.69408,0.75467,1.02531,4.0
2151,1992-10-13,,,,1992,10,13,,-0.9207,0.63514,1.11852,3.0
2152,1992-10-14,,,,1992,10,14,,-1.12089,0.4965,1.22593,3.0
2153,1992-10-15,,,,1992,10,15,,-1.28887,0.34978,1.33549,3.0
2154,1992-10-16,,,,1992,10,16,,-1.46568,0.20162,1.47948,3.0
2155,1992-10-17,,,,1992,10,17,,-1.6075,0.00227,1.6075,3.0
2156,1992-10-18,,,,1992,10,18,,-1.74034,-0.22117,1.75434,2.0
2157,1992-10-19,,,,1992,10,19,,-1.78682,-0.31074,1.81364,2.0
2158,1992-10-20,,,,1992,10,20,,-1.81004,-0.37878,1.84925,2.0
2159,1992-10-21,,,,1992,10,21,,-1.78921,-0.49543,1.85653,2.0
2160,1992-10-22,,,,1992,10,22,,-1.74634,-0.54812,1.83034,2.0
2161,1992-10-23,,,,1992,10,23,,-1.65167,-0.5969,1.75622,2.0
2162,1992-10-24,,,,1992,10,24,,-1.56739,-0.62941,1.68904,2.0
2163,1992-10-25,,,,1992,10,25,,-1.52437,-0.66957,1.66495,2.0
2164,1992-10-26,,,,1992,10,26,,-1.45117,-0.67446,1.60025,2.0
2165,1992-10-27,,,,1992,10,27,,-1.36451,-0.73611,1.5504,2.0
2166,1992-10-28,,,,1992,10,28,,-1.33608,-0.82741,1.57153,2.0
2167,1992-10-29,,,,1992,10,29,,-1.29759,-0.89456,1.57607,2.0
2168,1992-10-30,,,,1992,10,30,,-1.19676,-0.97074,1.54096,2.0
2169,1992-10-31,,,,1992,10,31,,-0.99922,-1.04899,1.44873,1.0
2170,1992-11-01,-0.84,1.3,0.717,1992,11,1,,-0.7799,-1.08703,1.33787,1.0
2171,1992-11-02,,,,1992,11,2,,-0.52721,-1.09147,1.21212,1.0
2172,1992-11-03,,,,1992,11,3,,-0.21489,-1.05169,1.07342,1.0
2173,1992-11-04,,,,1992,11,4,,0.0702,-0.91547,0.91816,8.0
2174,1992-11-05,,,,1992,11,5,,0.30382,-0.70902,0.77138,8.0
2175,1992-11-06,,,,1992,11,6,,0.48949,-0.55509,0.74009,8.0
2176,1992-11-07,,,,1992,11,7,,0.71194,-0.46385,0.84972,7.0
2177,1992-11-08,,,,1992,11,8,,0.93875,-0.38288,1.01383,7.0
2178,1992-11-09,,,,1992,11,9,,1.06126,-0.27529,1.09638,7.0
2179,1992-11-10,,,,1992,11,10,,1.13766,-0.21596,1.15798,7.0
2180,1992-11-11,,,,1992,11,11,,1.14944,-0.28729,1.1848,7.0
2181,1992-11-12,,,,1992,11,12,,1.16072,-0.37773,1.22063,7.0
2182,1992-11-13,,,,1992,11,13,,1.07444,-0.48328,1.17812,7.0
2183,1992-11-14,,,,1992,11,14,,0.99641,-0.59646,1.16129,7.0
2184,1992-11-15,,,,1992,11,15,,0.93761,-0.69663,1.16808,7.0
2185,1992-11-16,,,,1992,11,16,,0.8459,-0.70628,1.10199,7.0
2186,1992-11-17,,,,1992,11,17,,0.77231,-0.63781,1.00163,7.0
2187,1992-11-18,,,,1992,11,18,,0.65137,-0.57237,0.86711,7.0
2188,1992-11-19,,,,1992,11,19,,0.5519,-0.44634,0.7098,7.0
2189,1992-11-20,,,,1992,11,20,,0.53805,-0.26229,0.59858,7.0
2190,1992-11-21,,,,1992,11,21,,0.47791,-0.07448,0.48368,7.0
2191,1992-11-22,,,,1992,11,22,,0.51674,0.0615,0.52039,6.0
2192,1992-11-23,,,,1992,11,23,,0.57973,0.09494,0.58746,6.0
2193,1992-11-24,,,,1992,11,24,,0.66465,0.10948,0.6736,6.0
2194,1992-11-25,,,,1992,11,25,,0.74468,0.09557,0.75078,6.0
2195,1992-11-26,,,,1992,11,26,,0.8902,0.04057,0.89113,6.0
2196,1992-11-27,,,,1992,11,27,,1.09007,0.01652,1.0902,6.0
2197,1992-11-28,,,,1992,11,28,,1.22054,0.01012,1.22058,6.0
2198,1992-11-29,,,,1992,11,29,,1.25904,-0.03451,1.25951,7.0
2199,1992-11-30,,,,1992,11,30,,1.2991,-0.10327,1.3032,7.0
2200,1992-12-01,-0.71,0.454,1.627,1992,12,1,,1.23918,-0.0897,1.24242,7.0
2201,1992-12-02,,,,1992,12,2,,1.17828,0.03067,1.17867,6.0
2202,1992-12-03,,,,1992,12,3,,1.02645,0.07997,1.02956,6.0
2203,1992-12-04,,,,1992,12,4,,0.89284,0.13352,0.90277,6.0
2204,1992-12-05,,,,1992,12,5,,0.70279,0.24455,0.74412,6.0
2205,1992-12-06,,,,1992,12,6,,0.49853,0.35426,0.61158,6.0
2206,1992-12-07,,,,1992,12,7,,0.33898,0.33776,0.47853,6.0
2207,1992-12-08,,,,1992,12,8,,0.20165,0.26977,0.33681,5.0
2208,1992-12-09,,,,1992,12,9,,0.06791,0.26727,0.27576,5.0
2209,1992-12-10,,,,1992,12,10,,-0.07665,0.21848,0.23154,4.0
2210,1992-12-11,,,,1992,12,11,,-0.20961,0.16725,0.26816,3.0
2211,1992-12-12,,,,1992,12,12,,-0.2374,0.18483,0.30087,3.0
2212,1992-12-13,,,,1992,12,13,,-0.31779,0.17644,0.36349,3.0
2213,1992-12-14,,,,1992,12,14,,-0.38906,0.13219,0.41091,3.0
2214,1992-12-15,,,,1992,12,15,,-0.41832,0.09524,0.42902,3.0
2215,1992-12-16,,,,1992,12,16,,-0.47955,0.10593,0.49111,3.0
2216,1992-12-17,,,,1992,12,17,,-0.65293,0.10434,0.66121,3.0
2217,1992-12-18,,,,1992,12,18,,-0.85918,0.0587,0.86118,3.0
2218,1992-12-19,,,,1992,12,19,,-0.97911,0.01507,0.97923,3.0
2219,1992-12-20,,,,1992,12,20,,-1.10234,-0.06743,1.1044,2.0
2220,1992-12-21,,,,1992,12,21,,-1.24924,-0.21947,1.26837,2.0
2221,1992-12-22,,,,1992,12,22,,-1.2888,-0.36172,1.33859,2.0
2222,1992-12-23,,,,1992,12,23,,-1.37918,-0.49109,1.464,2.0
2223,1992-12-24,,,,1992,12,24,,-1.46885,-0.63968,1.60209,2.0
2224,1992-12-25,,,,1992,12,25,,-1.48341,-0.80688,1.68866,2.0
2225,1992-12-26,,,,1992,12,26,,-1.37943,-0.97779,1.69083,2.0
2226,1992-12-27,,,,1992,12,27,,-1.27766,-1.17026,1.73261,2.0
2227,1992-12-28,,,,1992,12,28,,-1.24002,-1.3838,1.8581,1.0
2228,1992-12-29,,,,1992,12,29,,-1.17689,-1.60254,1.98826,1.0
2229,1992-12-30,,,,1992,12,30,,-1.02545,-1.79918,2.07089,1.0
2230,1992-12-31,,,,1992,12,31,,-0.9486,-1.93881,2.15843,1.0
2231,1993-01-01,-0.93,-0.103,3.495,1993,1,1,,-0.71188,-2.04465,2.16503,1.0
2232,1993-01-02,,,,1993,1,2,,-0.35872,-2.1035,2.13387,1.0
2233,1993-01-03,,,,1993,1,3,,0.01555,-2.07686,2.07692,8.0
2234,1993-01-04,,,,1993,1,4,,0.33221,-2.0145,2.04171,8.0
2235,1993-01-05,,,,1993,1,5,,0.66325,-1.9659,2.07477,8.0
2236,1993-01-06,,,,1993,1,6,,1.11302,-1.91814,2.21768,8.0
2237,1993-01-07,,,,1993,1,7,,1.57665,-1.85799,2.4368,8.0
2238,1993-01-08,,,,1993,1,8,,1.9808,-1.62988,2.56516,7.0
2239,1993-01-09,,,,1993,1,9,,2.35147,-1.31942,2.69635,7.0
2240,1993-01-10,,,,1993,1,10,,2.66098,-0.96919,2.83199,7.0
2241,1993-01-11,,,,1993,1,11,,2.85265,-0.60124,2.91532,7.0
2242,1993-01-12,,,,1993,1,12,,2.94076,-0.26408,2.95259,7.0
2243,1993-01-13,,,,1993,1,13,,3.01455,0.09142,3.01594,6.0
2244,1993-01-14,,,,1993,1,14,,3.03276,0.50973,3.0753,6.0
2245,1993-01-15,,,,1993,1,15,,2.90726,1.0219,3.08162,6.0
2246,1993-01-16,,,,1993,1,16,,2.73482,1.56896,3.15292,6.0
2247,1993-01-17,,,,1993,1,17,,2.51611,1.99045,3.20822,6.0
2248,1993-01-18,,,,1993,1,18,,2.21111,2.28514,3.17976,5.0
2249,1993-01-19,,,,1993,1,19,,1.83219,2.48378,3.08643,5.0
2250,1993-01-20,,,,1993,1,20,,1.37368,2.59533,2.93645,5.0
2251,1993-01-21,,,,1993,1,21,,0.91977,2.65413,2.80898,5.0
2252,1993-01-22,,,,1993,1,22,,0.44102,2.67275,2.7089,5.0
2253,1993-01-23,,,,1993,1,23,,0.05502,2.64515,2.64573,5.0
2254,1993-01-24,,,,1993,1,24,,-0.29674,2.48633,2.50398,4.0
2255,1993-01-25,,,,1993,1,25,,-0.62654,2.23512,2.32128,4.0
2256,1993-01-26,,,,1993,1,26,,-0.89201,1.94565,2.14038,4.0
2257,1993-01-27,,,,1993,1,27,,-1.1716,1.64303,2.01797,4.0
2258,1993-01-28,,,,1993,1,28,,-1.48681,1.2985,1.97401,3.0
2259,1993-01-29,,,,1993,1,29,,-1.75512,0.97202,2.0063,3.0
2260,1993-01-30,,,,1993,1,30,,-1.93634,0.65149,2.043,3.0
2261,1993-01-31,,,,1993,1,31,,-2.02397,0.31131,2.04778,3.0
2262,1993-02-01,-0.96,0.273,0.184,1993,2,1,,-2.03858,-0.01459,2.03863,2.0
2263,1993-02-02,,,,1993,2,2,,-1.98059,-0.33379,2.00852,2.0
2264,1993-02-03,,,,1993,2,3,,-1.89848,-0.66509,2.01161,2.0
2265,1993-02-04,,,,1993,2,4,,-1.76818,-0.90001,1.98406,2.0
2266,1993-02-05,,,,1993,2,5,,-1.5529,-1.09508,1.90019,2.0
2267,1993-02-06,,,,1993,2,6,,-1.29251,-1.16128,1.73757,2.0
2268,1993-02-07,,,,1993,2,7,,-1.10046,-1.14888,1.59089,1.0
2269,1993-02-08,,,,1993,2,8,,-0.96222,-1.09438,1.45724,1.0
2270,1993-02-09,,,,1993,2,9,,-0.86413,-1.00151,1.32278,1.0
2271,1993-02-10,,,,1993,2,10,,-0.82774,-0.95121,1.26093,1.0
2272,1993-02-11,,,,1993,2,11,,-0.81932,-0.87456,1.19839,1.0
2273,1993-02-12,,,,1993,2,12,,-0.78077,-0.71334,1.05757,2.0
2274,1993-02-13,,,,1993,2,13,,-0.75099,-0.64634,0.99083,2.0
2275,1993-02-14,,,,1993,2,14,,-0.72916,-0.61201,0.95196,2.0
2276,1993-02-15,,,,1993,2,15,,-0.71342,-0.56698,0.91129,2.0
2277,1993-02-16,,,,1993,2,16,,-0.65591,-0.50633,0.82861,2.0
2278,1993-02-17,,,,1993,2,17,,-0.65757,-0.45568,0.80003,2.0
2279,1993-02-18,,,,1993,2,18,,-0.64516,-0.37586,0.74666,2.0
2280,1993-02-19,,,,1993,2,19,,-0.57436,-0.27024,0.63476,2.0
2281,1993-02-20,,,,1993,2,20,,-0.51567,-0.17657,0.54506,2.0
2282,1993-02-21,,,,1993,2,21,,-0.48638,-0.08784,0.49425,2.0
2283,1993-02-22,,,,1993,2,22,,-0.4158,0.03688,0.41743,3.0
2284,1993-02-23,,,,1993,2,23,,-0.30367,0.23371,0.38319,3.0
2285,1993-02-24,,,,1993,2,24,,-0.26232,0.33241,0.42345,4.0
2286,1993-02-25,,,,1993,2,25,,-0.1894,0.37271,0.41807,4.0
2287,1993-02-26,,,,1993,2,26,,-0.01765,0.47213,0.47246,4.0
2288,1993-02-27,,,,1993,2,27,,0.11125,0.46302,0.4762,5.0
2289,1993-02-28,,,,1993,2,28,,0.19093,0.38876,0.43312,5.0
2290,1993-03-01,-1.13,0.62,0.764,1993,3,1,,0.30395,0.32535,0.44523,5.0
2291,1993-03-02,,,,1993,3,2,,0.37363,0.25442,0.45202,6.0
2292,1993-03-03,,,,1993,3,3,,0.41426,0.17465,0.44957,6.0
2293,1993-03-04,,,,1993,3,4,,0.42093,0.09195,0.43086,6.0
2294,1993-03-05,,,,1993,3,5,,0.50132,0.10702,0.51262,6.0
2295,1993-03-06,,,,1993,3,6,,0.56686,0.15098,0.58662,6.0
2296,1993-03-07,,,,1993,3,7,,0.56992,0.20702,0.60636,6.0
2297,1993-03-08,,,,1993,3,8,,0.67223,0.33309,0.75023,6.0
2298,1993-03-09,,,,1993,3,9,,0.83577,0.41693,0.93399,6.0
2299,1993-03-10,,,,1993,3,10,,0.95025,0.42592,1.04134,6.0
2300,1993-03-11,,,,1993,3,11,,1.00879,0.34309,1.06553,6.0
2301,1993-03-12,,,,1993,3,12,,0.93984,0.2783,0.98018,6.0
2302,1993-03-13,,,,1993,3,13,,0.79068,0.2197,0.82064,6.0
2303,1993-03-14,,,,1993,3,14,,0.6188,0.13927,0.63428,6.0
2304,1993-03-15,,,,1993,3,15,,0.41898,0.06613,0.42416,6.0
2305,1993-03-16,,,,1993,3,16,,0.23559,-0.06791,0.24519,7.0
2306,1993-03-17,,,,1993,3,17,,0.08962,-0.26538,0.2801,8.0
2307,1993-03-18,,,,1993,3,18,,-0.03315,-0.46485,0.46603,1.0
2308,1993-03-19,,,,1993,3,19,,-0.12505,-0.54271,0.55693,1.0
2309,1993-03-20,,,,1993,3,20,,-0.15066,-0.53049,0.55147,1.0
2310,1993-03-21,,,,1993,3,21,,-0.07338,-0.4694,0.4751,1.0
2311,1993-03-22,,,,1993,3,22,,0.0196,-0.33675,0.33732,8.0
2312,1993-03-23,,,,1993,3,23,,0.09135,-0.19108,0.21179,8.0
2313,1993-03-24,,,,1993,3,24,,0.23805,-0.0802,0.2512,7.0
2314,1993-03-25,,,,1993,3,25,,0.40329,0.02055,0.40381,6.0
2315,1993-03-26,,,,1993,3,26,,0.51808,0.07145,0.52298,6.0
2316,1993-03-27,,,,1993,3,27,,0.51554,0.11273,0.52772,6.0
2317,1993-03-28,,,,1993,3,28,,0.46286,0.08944,0.47142,6.0
2318,1993-03-29,,,,1993,3,29,,0.31121,0.14586,0.34369,6.0
2319,1993-03-30,,,,1993,3,30,,0.16404,0.2287,0.28144,5.0
2320,1993-03-31,,,,1993,3,31,,0.04166,0.23899,0.24259,5.0
2321,1993-04-01,-2.29,1.158,-0.435,1993,4,1,,-0.07241,0.262,0.27182,4.0
2322,1993-04-02,,,,1993,4,2,,-0.16555,0.25115,0.30081,4.0
2323,1993-04-03,,,,1993,4,3,,-0.2771,0.23503,0.36335,3.0
2324,1993-04-04,,,,1993,4,4,,-0.37991,0.29051,0.47826,3.0
2325,1993-04-05,,,,1993,4,5,,-0.46804,0.36608,0.5942,3.0
2326,1993-04-06,,,,1993,4,6,,-0.59708,0.46113,0.75441,3.0
2327,1993-04-07,,,,1993,4,7,,-0.66731,0.49832,0.83284,3.0
2328,1993-04-08,,,,1993,4,8,,-0.75737,0.49751,0.90616,3.0
2329,1993-04-09,,,,1993,4,9,,-0.85123,0.52878,1.00209,3.0
2330,1993-04-10,,,,1993,4,10,,-0.91112,0.4904,1.03471,3.0
2331,1993-04-11,,,,1993,4,11,,-1.02407,0.51856,1.14787,3.0
2332,1993-04-12,,,,1993,4,12,,-1.03489,0.46182,1.13326,3.0
2333,1993-04-13,,,,1993,4,13,,-0.9975,0.32384,1.04875,3.0
2334,1993-04-14,,,,1993,4,14,,-0.9243,0.1998,0.94565,3.0
2335,1993-04-15,,,,1993,4,15,,-0.75621,0.04698,0.75767,3.0
2336,1993-04-16,,,,1993,4,16,,-0.59486,-0.09596,0.60255,2.0
2337,1993-04-17,,,,1993,4,17,,-0.37693,-0.28784,0.47427,2.0
2338,1993-04-18,,,,1993,4,18,,-0.18482,-0.49726,0.53049,1.0
2339,1993-04-19,,,,1993,4,19,,-0.0658,-0.60543,0.60899,1.0
2340,1993-04-20,,,,1993,4,20,,0.04848,-0.72272,0.72435,8.0
2341,1993-04-21,,,,1993,4,21,,0.13663,-0.7617,0.77385,8.0
2342,1993-04-22,,,,1993,4,22,,0.28363,-0.77346,0.82383,8.0
2343,1993-04-23,,,,1993,4,23,,0.47165,-0.84052,0.96381,8.0
2344,1993-04-24,,,,1993,4,24,,0.5972,-0.8911,1.07271,8.0
2345,1993-04-25,,,,1993,4,25,,0.70765,-0.8591,1.11302,8.0
2346,1993-04-26,,,,1993,4,26,,0.70251,-0.74128,1.02128,8.0
2347,1993-04-27,,,,1993,4,27,,0.68145,-0.62727,0.9262,7.0
2348,1993-04-28,,,,1993,4,28,,0.67944,-0.61883,0.91901,7.0
2349,1993-04-29,,,,1993,4,29,,0.69295,-0.65577,0.95406,7.0
2350,1993-04-30,,,,1993,4,30,,0.69732,-0.7032,0.99032,8.0
2351,1993-05-01,-0.59,1.787,-1.607,1993,5,1,,0.58593,-0.66004,0.88259,8.0
2352,1993-05-02,,,,1993,5,2,,0.39875,-0.61227,0.73067,8.0
2353,1993-05-03,,,,1993,5,3,,0.19744,-0.48942,0.52774,8.0
2354,1993-05-04,,,,1993,5,4,,0.0199,-0.44011,0.44056,8.0
2355,1993-05-05,,,,1993,5,5,,-0.12216,-0.46301,0.47885,1.0
2356,1993-05-06,,,,1993,5,6,,-0.24841,-0.43517,0.50108,1.0
2357,1993-05-07,,,,1993,5,7,,-0.34658,-0.36089,0.50035,1.0
2358,1993-05-08,,,,1993,5,8,,-0.50533,-0.2456,0.56185,2.0
2359,1993-05-09,,,,1993,5,9,,-0.68299,-0.17768,0.70573,2.0
2360,1993-05-10,,,,1993,5,10,,-0.76887,-0.10234,0.77565,2.0
2361,1993-05-11,,,,1993,5,11,,-0.78229,0.04018,0.78332,3.0
2362,1993-05-12,,,,1993,5,12,,-0.72156,0.02048,0.72185,3.0
2363,1993-05-13,,,,1993,5,13,,-0.66861,0.00014,0.66861,3.0
2364,1993-05-14,,,,1993,5,14,,-0.59164,0.03103,0.59245,3.0
2365,1993-05-15,,,,1993,5,15,,-0.43177,0.04648,0.43427,3.0
2366,1993-05-16,,,,1993,5,16,,-0.21871,0.11897,0.24897,3.0
2367,1993-05-17,,,,1993,5,17,,0.06462,0.12922,0.14448,5.0
2368,1993-05-18,,,,1993,5,18,,0.28697,0.20768,0.35424,6.0
2369,1993-05-19,,,,1993,5,19,,0.51299,0.20969,0.5542,6.0
2370,1993-05-20,,,,1993,5,20,,0.70853,0.17162,0.72902,6.0
2371,1993-05-21,,,,1993,5,21,,0.81521,0.26509,0.85723,6.0
2372,1993-05-22,,,,1993,5,22,,0.95088,0.35779,1.01596,6.0
2373,1993-05-23,,,,1993,5,23,,1.0057,0.41665,1.08859,6.0
2374,1993-05-24,,,,1993,5,24,,1.0163,0.45188,1.11223,6.0
2375,1993-05-25,,,,1993,5,25,,1.04149,0.45551,1.13674,6.0
2376,1993-05-26,,,,1993,5,26,,1.0947,0.54084,1.22102,6.0
2377,1993-05-27,,,,1993,5,27,,1.2056,0.6407,1.36527,6.0
2378,1993-05-28,,,,1993,5,28,,1.23828,0.71414,1.42945,6.0
2379,1993-05-29,,,,1993,5,29,,1.23972,0.80872,1.48019,6.0
2380,1993-05-30,,,,1993,5,30,,1.24454,0.86279,1.51436,6.0
2381,1993-05-31,,,,1993,5,31,,1.17711,0.88921,1.47522,6.0
2382,1993-06-01,-2.18,2.128,-0.52,1993,6,1,,1.16916,0.92377,1.49006,6.0
2383,1993-06-02,,,,1993,6,2,,1.13734,0.92524,1.46616,6.0
2384,1993-06-03,,,,1993,6,3,,0.95524,0.88349,1.30117,6.0
2385,1993-06-04,,,,1993,6,4,,0.69872,0.80592,1.06664,5.0
2386,1993-06-05,,,,1993,6,5,,0.39497,0.72295,0.8238,5.0
2387,1993-06-06,,,,1993,6,6,,0.06083,0.68702,0.6897,5.0
2388,1993-06-07,,,,1993,6,7,,-0.27297,0.64116,0.69684,4.0
2389,1993-06-08,,,,1993,6,8,,-0.58516,0.58394,0.82668,3.0
2390,1993-06-09,,,,1993,6,9,,-0.88137,0.59048,1.06089,3.0
2391,1993-06-10,,,,1993,6,10,,-1.11484,0.58071,1.25702,3.0
2392,1993-06-11,,,,1993,6,11,,-1.36065,0.51054,1.45328,3.0
2393,1993-06-12,,,,1993,6,12,,-1.55128,0.46498,1.61946,3.0
2394,1993-06-13,,,,1993,6,13,,-1.64739,0.44101,1.7054,3.0
2395,1993-06-14,,,,1993,6,14,,-1.63111,0.33645,1.66544,3.0
2396,1993-06-15,,,,1993,6,15,,-1.58575,0.14278,1.59217,3.0
2397,1993-06-16,,,,1993,6,16,,-1.51106,-0.04317,1.51168,2.0
2398,1993-06-17,,,,1993,6,17,,-1.39166,-0.24003,1.41221,2.0
2399,1993-06-18,,,,1993,6,18,,-1.26747,-0.46377,1.34965,2.0
2400,1993-06-19,,,,1993,6,19,,-1.2028,-0.64446,1.36457,2.0
2401,1993-06-20,,,,1993,6,20,,-1.09391,-0.7079,1.30298,2.0
2402,1993-06-21,,,,1993,6,21,,-0.89969,-0.76001,1.17774,2.0
2403,1993-06-22,,,,1993,6,22,,-0.74507,-0.84686,1.12796,1.0
2404,1993-06-23,,,,1993,6,23,,-0.60152,-0.84992,1.04125,1.0
2405,1993-06-24,,,,1993,6,24,,-0.33072,-0.80836,0.8734,1.0
2406,1993-06-25,,,,1993,6,25,,-0.03688,-0.76466,0.76555,1.0
2407,1993-06-26,,,,1993,6,26,,0.19586,-0.66505,0.69329,8.0
2408,1993-06-27,,,,1993,6,27,,0.39532,-0.53324,0.66379,8.0
2409,1993-06-28,,,,1993,6,28,,0.62628,-0.35626,0.72052,7.0
2410,1993-06-29,,,,1993,6,29,,0.78189,-0.2064,0.80867,7.0
2411,1993-06-30,,,,1993,6,30,,0.88559,-0.08355,0.88952,7.0
2412,1993-07-01,-1.06,1.707,-0.511,1993,7,1,,0.90639,0.05693,0.90818,6.0
2413,1993-07-02,,,,1993,7,2,,0.82535,0.18507,0.84585,6.0
2414,1993-07-03,,,,1993,7,3,,0.68303,0.34558,0.76547,6.0
2415,1993-07-04,,,,1993,7,4,,0.50176,0.45136,0.6749,6.0
2416,1993-07-05,,,,1993,7,5,,0.29264,0.49789,0.57752,5.0
2417,1993-07-06,,,,1993,7,6,,0.13024,0.53344,0.54911,5.0
2418,1993-07-07,,,,1993,7,7,,0.02255,0.48732,0.48784,5.0
2419,1993-07-08,,,,1993,7,8,,-0.00888,0.43661,0.4367,4.0
2420,1993-07-09,,,,1993,7,9,,-0.05331,0.36307,0.36696,4.0
2421,1993-07-10,,,,1993,7,10,,-0.03977,0.30795,0.31051,4.0
2422,1993-07-11,,,,1993,7,11,,0.00342,0.20997,0.21,5.0
2423,1993-07-12,,,,1993,7,12,,0.03899,0.03672,0.05356,6.0
2424,1993-07-13,,,,1993,7,13,,0.10662,-0.17314,0.20334,8.0
2425,1993-07-14,,,,1993,7,14,,0.25748,-0.37122,0.45178,8.0
2426,1993-07-15,,,,1993,7,15,,0.3903,-0.55918,0.68192,8.0
2427,1993-07-16,,,,1993,7,16,,0.41069,-0.58732,0.71667,8.0
2428,1993-07-17,,,,1993,7,17,,0.38444,-0.56564,0.68392,8.0
2429,1993-07-18,,,,1993,7,18,,0.37478,-0.50622,0.62986,8.0
2430,1993-07-19,,,,1993,7,19,,0.33708,-0.37321,0.5029,8.0
2431,1993-07-20,,,,1993,7,20,,0.33632,-0.17364,0.3785,7.0
2432,1993-07-21,,,,1993,7,21,,0.26958,0.04362,0.27309,6.0
2433,1993-07-22,,,,1993,7,22,,0.21385,0.27495,0.34832,5.0
2434,1993-07-23,,,,1993,7,23,,0.0594,0.51087,0.51431,5.0
2435,1993-07-24,,,,1993,7,24,,-0.1465,0.70387,0.71895,4.0
2436,1993-07-25,,,,1993,7,25,,-0.29088,0.78538,0.83751,4.0
2437,1993-07-26,,,,1993,7,26,,-0.38222,0.84658,0.92886,4.0
2438,1993-07-27,,,,1993,7,27,,-0.53715,0.9099,1.05662,4.0
2439,1993-07-28,,,,1993,7,28,,-0.70026,0.89811,1.13884,4.0
2440,1993-07-29,,,,1993,7,29,,-0.82804,0.78218,1.13906,3.0
2441,1993-07-30,,,,1993,7,30,,-0.94747,0.61456,1.12933,3.0
2442,1993-07-31,,,,1993,7,31,,-1.13773,0.49037,1.23891,3.0
2443,1993-08-01,-1.73,2.158,-0.393,1993,8,1,,-1.26956,0.38716,1.32728,3.0
2444,1993-08-02,,,,1993,8,2,,-1.2934,0.2454,1.31648,3.0
2445,1993-08-03,,,,1993,8,3,,-1.27314,0.02002,1.27329,3.0
2446,1993-08-04,,,,1993,8,4,,-1.26213,-0.17832,1.27466,2.0
2447,1993-08-05,,,,1993,8,5,,-1.26056,-0.36611,1.31265,2.0
2448,1993-08-06,,,,1993,8,6,,-1.22742,-0.5443,1.34269,2.0
2449,1993-08-07,,,,1993,8,7,,-1.19554,-0.65304,1.36227,2.0
2450,1993-08-08,,,,1993,8,8,,-1.12072,-0.6831,1.31249,2.0
2451,1993-08-09,,,,1993,8,9,,-1.04198,-0.72198,1.26767,2.0
2452,1993-08-10,,,,1993,8,10,,-0.8639,-0.77519,1.16071,2.0
2453,1993-08-11,,,,1993,8,11,,-0.70896,-0.80208,1.0705,1.0
2454,1993-08-12,,,,1993,8,12,,-0.54165,-0.71356,0.89586,1.0
2455,1993-08-13,,,,1993,8,13,,-0.46389,-0.67877,0.82215,1.0
2456,1993-08-14,,,,1993,8,14,,-0.40621,-0.63386,0.75285,1.0
2457,1993-08-15,,,,1993,8,15,,-0.27886,-0.60925,0.67003,1.0
2458,1993-08-16,,,,1993,8,16,,-0.15039,-0.61462,0.63275,1.0
2459,1993-08-17,,,,1993,8,17,,-0.05192,-0.65134,0.65341,1.0
2460,1993-08-18,,,,1993,8,18,,0.08185,-0.67632,0.68125,8.0
2461,1993-08-19,,,,1993,8,19,,0.19486,-0.66244,0.6905,8.0
2462,1993-08-20,,,,1993,8,20,,0.31431,-0.59545,0.67332,8.0
2463,1993-08-21,,,,1993,8,21,,0.36924,-0.49589,0.61826,8.0
2464,1993-08-22,,,,1993,8,22,,0.45225,-0.31431,0.55074,7.0
2465,1993-08-23,,,,1993,8,23,,0.58869,-0.16527,0.61145,7.0
2466,1993-08-24,,,,1993,8,24,,0.71202,-0.03405,0.71283,7.0
2467,1993-08-25,,,,1993,8,25,,0.78766,0.09163,0.79297,6.0
2468,1993-08-26,,,,1993,8,26,,0.79723,0.2074,0.82376,6.0
2469,1993-08-27,,,,1993,8,27,,0.79554,0.30181,0.85086,6.0
2470,1993-08-28,,,,1993,8,28,,0.80601,0.30367,0.86132,6.0
2471,1993-08-29,,,,1993,8,29,,0.77965,0.30852,0.83847,6.0
2472,1993-08-30,,,,1993,8,30,,0.81538,0.26511,0.85739,6.0
2473,1993-08-31,,,,1993,8,31,,0.82136,0.22167,0.85075,6.0
2474,1993-09-01,-0.78,1.506,-0.361,1993,9,1,,0.88651,0.19801,0.90835,6.0
2475,1993-09-02,,,,1993,9,2,,0.85642,0.199,0.87923,6.0
2476,1993-09-03,,,,1993,9,3,,0.73933,0.1976,0.76528,6.0
2477,1993-09-04,,,,1993,9,4,,0.67033,0.21283,0.7033,6.0
2478,1993-09-05,,,,1993,9,5,,0.63505,0.20922,0.66862,6.0
2479,1993-09-06,,,,1993,9,6,,0.55879,0.1993,0.59327,6.0
2480,1993-09-07,,,,1993,9,7,,0.40242,0.15395,0.43086,6.0
2481,1993-09-08,,,,1993,9,8,,0.21125,0.19313,0.28623,6.0
2482,1993-09-09,,,,1993,9,9,,0.14934,0.25002,0.29123,5.0
2483,1993-09-10,,,,1993,9,10,,-0.02433,0.26597,0.26708,4.0
2484,1993-09-11,,,,1993,9,11,,-0.19004,0.24827,0.31265,4.0
2485,1993-09-12,,,,1993,9,12,,-0.23575,0.2412,0.33728,4.0
2486,1993-09-13,,,,1993,9,13,,-0.1885,0.323,0.37398,4.0
2487,1993-09-14,,,,1993,9,14,,-0.15386,0.43121,0.45783,4.0
2488,1993-09-15,,,,1993,9,15,,-0.18622,0.54986,0.58053,4.0
2489,1993-09-16,,,,1993,9,16,,-0.11922,0.59131,0.6032,4.0
2490,1993-09-17,,,,1993,9,17,,-0.0427,0.49341,0.49526,4.0
2491,1993-09-18,,,,1993,9,18,,-0.01727,0.33088,0.33133,4.0
2492,1993-09-19,,,,1993,9,19,,0.01776,0.19236,0.19318,5.0
2493,1993-09-20,,,,1993,9,20,,0.12906,0.12297,0.17826,6.0
2494,1993-09-21,,,,1993,9,21,,0.26568,0.09362,0.2817,6.0
2495,1993-09-22,,,,1993,9,22,,0.30471,-0.0116,0.30493,7.0
2496,1993-09-23,,,,1993,9,23,,0.29298,-0.07896,0.30343,7.0
2497,1993-09-24,,,,1993,9,24,,0.29374,-0.10514,0.31198,7.0
2498,1993-09-25,,,,1993,9,25,,0.25647,-0.10217,0.27607,7.0
2499,1993-09-26,,,,1993,9,26,,0.12205,-0.023,0.1242,7.0
2500,1993-09-27,,,,1993,9,27,,-0.04079,0.03878,0.05628,3.0
2501,1993-09-28,,,,1993,9,28,,-0.17065,0.16943,0.24047,3.0
2502,1993-09-29,,,,1993,9,29,,-0.32522,0.27303,0.42463,3.0
2503,1993-09-30,,,,1993,9,30,,-0.48781,0.32704,0.58729,3.0
2504,1993-10-01,-1.57,1.516,-0.565,1993,10,1,,-0.58651,0.37949,0.69858,3.0
2505,1993-10-02,,,,1993,10,2,,-0.67728,0.40552,0.7894,3.0
2506,1993-10-03,,,,1993,10,3,,-0.69033,0.44306,0.82027,3.0
2507,1993-10-04,,,,1993,10,4,,-0.72089,0.51993,0.88882,3.0
2508,1993-10-05,,,,1993,10,5,,-0.65306,0.50511,0.8256,3.0
2509,1993-10-06,,,,1993,10,6,,-0.55131,0.49548,0.74125,3.0
2510,1993-10-07,,,,1993,10,7,,-0.42375,0.47039,0.63311,4.0
2511,1993-10-08,,,,1993,10,8,,-0.33097,0.43477,0.54641,4.0
2512,1993-10-09,,,,1993,10,9,,-0.24595,0.38108,0.45356,4.0
2513,1993-10-10,,,,1993,10,10,,-0.19155,0.32302,0.37555,4.0
2514,1993-10-11,,,,1993,10,11,,-0.1162,0.24888,0.27467,4.0
2515,1993-10-12,,,,1993,10,12,,-0.07727,0.15671,0.17473,4.0
2516,1993-10-13,,,,1993,10,13,,-0.03793,0.03493,0.05156,3.0
2517,1993-10-14,,,,1993,10,14,,-0.0526,-0.05425,0.07556,1.0
2518,1993-10-15,,,,1993,10,15,,-0.04496,-0.16777,0.17369,1.0
2519,1993-10-16,,,,1993,10,16,,-0.0642,-0.36708,0.37265,1.0
2520,1993-10-17,,,,1993,10,17,,-0.09132,-0.52873,0.53656,1.0
2521,1993-10-18,,,,1993,10,18,,-0.15024,-0.62512,0.64292,1.0
2522,1993-10-19,,,,1993,10,19,,-0.28747,-0.65518,0.71547,1.0
2523,1993-10-20,,,,1993,10,20,,-0.43585,-0.70667,0.83027,1.0
2524,1993-10-21,,,,1993,10,21,,-0.46935,-0.83638,0.95907,1.0
2525,1993-10-22,,,,1993,10,22,,-0.37343,-0.95929,1.02941,1.0
2526,1993-10-23,,,,1993,10,23,,-0.25535,-1.08864,1.11819,1.0
2527,1993-10-24,,,,1993,10,24,,-0.12848,-1.19279,1.19969,1.0
2528,1993-10-25,,,,1993,10,25,,0.06153,-1.23347,1.235,8.0
2529,1993-10-26,,,,1993,10,26,,0.25746,-1.19998,1.22729,8.0
2530,1993-10-27,,,,1993,10,27,,0.46587,-1.15784,1.24805,8.0
2531,1993-10-28,,,,1993,10,28,,0.80133,-1.16922,1.41747,8.0
2532,1993-10-29,,,,1993,10,29,,1.19981,-1.10158,1.62881,7.0
2533,1993-10-30,,,,1993,10,30,,1.5256,-0.92517,1.7842,7.0
2534,1993-10-31,,,,1993,10,31,,1.77166,-0.69354,1.90257,7.0
2535,1993-11-01,-0.13,1.133,1.002,1993,11,1,,1.98704,-0.40135,2.02717,7.0
2536,1993-11-02,,,,1993,11,2,,2.12152,-0.08857,2.12337,7.0
2537,1993-11-03,,,,1993,11,3,,2.1724,0.17308,2.17928,6.0
2538,1993-11-04,,,,1993,11,4,,2.20574,0.3706,2.23665,6.0
2539,1993-11-05,,,,1993,11,5,,2.16626,0.49615,2.22235,6.0
2540,1993-11-06,,,,1993,11,6,,2.00311,0.636,2.10165,6.0
2541,1993-11-07,,,,1993,11,7,,1.69826,0.78113,1.86929,6.0
2542,1993-11-08,,,,1993,11,8,,1.33018,0.83269,1.56932,6.0
2543,1993-11-09,,,,1993,11,9,,0.89779,0.80156,1.20355,6.0
2544,1993-11-10,,,,1993,11,10,,0.46179,0.71492,0.85109,5.0
2545,1993-11-11,,,,1993,11,11,,0.09445,0.56939,0.57717,5.0
2546,1993-11-12,,,,1993,11,12,,-0.25575,0.53838,0.59604,4.0
2547,1993-11-13,,,,1993,11,13,,-0.58245,0.53273,0.78934,3.0
2548,1993-11-14,,,,1993,11,14,,-0.84001,0.56474,1.0122,3.0
2549,1993-11-15,,,,1993,11,15,,-1.00856,0.58482,1.16585,3.0
2550,1993-11-16,,,,1993,11,16,,-1.05916,0.53661,1.18734,3.0
2551,1993-11-17,,,,1993,11,17,,-1.05692,0.49386,1.16661,3.0
2552,1993-11-18,,,,1993,11,18,,-0.934,0.43591,1.03071,3.0
2553,1993-11-19,,,,1993,11,19,,-0.75304,0.34956,0.83022,3.0
2554,1993-11-20,,,,1993,11,20,,-0.53206,0.32168,0.62175,3.0
2555,1993-11-21,,,,1993,11,21,,-0.35461,0.3393,0.49079,3.0
2556,1993-11-22,,,,1993,11,22,,-0.21866,0.46009,0.50941,4.0
2557,1993-11-23,,,,1993,11,23,,-0.13892,0.64311,0.65794,4.0
2558,1993-11-24,,,,1993,11,24,,-0.07136,0.82844,0.8315,4.0
2559,1993-11-25,,,,1993,11,25,,-0.04666,0.96946,0.97058,4.0
2560,1993-11-26,,,,1993,11,26,,0.03448,1.07878,1.07934,5.0
2561,1993-11-27,,,,1993,11,27,,0.04189,1.08726,1.08807,5.0
2562,1993-11-28,,,,1993,11,28,,0.03044,1.01114,1.0116,5.0
2563,1993-11-29,,,,1993,11,29,,-0.01796,0.93622,0.93639,4.0
2564,1993-11-30,,,,1993,11,30,,-0.0842,0.80757,0.81195,4.0
2565,1993-12-01,0.07,0.738,-0.104,1993,12,1,,-0.21254,0.6825,0.71483,4.0
2566,1993-12-02,,,,1993,12,2,,-0.25056,0.62436,0.67276,4.0
2567,1993-12-03,,,,1993,12,3,,-0.24027,0.579,0.62688,4.0
2568,1993-12-04,,,,1993,12,4,,-0.22561,0.53468,0.58033,4.0
2569,1993-12-05,,,,1993,12,5,,-0.28131,0.50711,0.57991,4.0
2570,1993-12-06,,,,1993,12,6,,-0.28456,0.46919,0.54874,4.0
2571,1993-12-07,,,,1993,12,7,,-0.2674,0.47617,0.54612,4.0
2572,1993-12-08,,,,1993,12,8,,-0.28601,0.49364,0.57051,4.0
2573,1993-12-09,,,,1993,12,9,,-0.2434,0.53184,0.5849,4.0
2574,1993-12-10,,,,1993,12,10,,-0.21905,0.51754,0.56199,4.0
2575,1993-12-11,,,,1993,12,11,,-0.28727,0.44246,0.52754,4.0
2576,1993-12-12,,,,1993,12,12,,-0.47649,0.3707,0.6037,3.0
2577,1993-12-13,,,,1993,12,13,,-0.63642,0.29688,0.70225,3.0
2578,1993-12-14,,,,1993,12,14,,-0.74055,0.2143,0.77093,3.0
2579,1993-12-15,,,,1993,12,15,,-0.81165,0.16752,0.82875,3.0
2580,1993-12-16,,,,1993,12,16,,-0.85172,0.20417,0.87585,3.0
2581,1993-12-17,,,,1993,12,17,,-0.85549,0.23225,0.88646,3.0
2582,1993-12-18,,,,1993,12,18,,-0.90364,0.24492,0.93624,3.0
2583,1993-12-19,,,,1993,12,19,,-0.95616,0.2344,0.98447,3.0
2584,1993-12-20,,,,1993,12,20,,-0.99928,0.22816,1.025,3.0
2585,1993-12-21,,,,1993,12,21,,-0.98892,0.20522,1.00999,3.0
2586,1993-12-22,,,,1993,12,22,,-0.985,0.10259,0.99033,3.0
2587,1993-12-23,,,,1993,12,23,,-1.02118,-0.01496,1.02129,2.0
2588,1993-12-24,,,,1993,12,24,,-1.06553,-0.05571,1.06699,2.0
2589,1993-12-25,,,,1993,12,25,,-1.19842,-0.09998,1.20259,2.0
2590,1993-12-26,,,,1993,12,26,,-1.31102,-0.1359,1.31805,2.0
2591,1993-12-27,,,,1993,12,27,,-1.34147,-0.13591,1.34833,2.0
2592,1993-12-28,,,,1993,12,28,,-1.28414,-0.08375,1.28687,2.0
2593,1993-12-29,,,,1993,12,29,,-1.19926,-0.05774,1.20064,2.0
2594,1993-12-30,,,,1993,12,30,,-1.08077,-0.06298,1.08261,2.0
2595,1993-12-31,,,,1993,12,31,,-0.91753,-0.00451,0.91755,2.0
2596,1994-01-01,-0.25,0.968,-0.288,1994,1,1,,-0.69679,-0.04291,0.69811,2.0
2597,1994-01-02,,,,1994,1,2,,-0.47575,-0.16886,0.50483,2.0
2598,1994-01-03,,,,1994,1,3,,-0.17948,-0.35915,0.4015,1.0
2599,1994-01-04,,,,1994,1,4,,0.08698,-0.54882,0.55567,8.0
2600,1994-01-05,,,,1994,1,5,,0.26651,-0.72573,0.77311,8.0
2601,1994-01-06,,,,1994,1,6,,0.40793,-0.8322,0.9268,8.0
2602,1994-01-07,,,,1994,1,7,,0.52901,-0.9348,1.07411,8.0
2603,1994-01-08,,,,1994,1,8,,0.66381,-1.02162,1.21834,8.0
2604,1994-01-09,,,,1994,1,9,,0.82781,-1.09145,1.36987,8.0
2605,1994-01-10,,,,1994,1,10,,0.94461,-1.00253,1.37745,8.0
2606,1994-01-11,,,,1994,1,11,,0.99787,-0.87069,1.32433,7.0
2607,1994-01-12,,,,1994,1,12,,0.99671,-0.73352,1.23753,7.0
2608,1994-01-13,,,,1994,1,13,,0.94662,-0.57589,1.10803,7.0
2609,1994-01-14,,,,1994,1,14,,0.87422,-0.41649,0.96837,7.0
2610,1994-01-15,,,,1994,1,15,,0.84724,-0.33856,0.91238,7.0
2611,1994-01-16,,,,1994,1,16,,0.81239,-0.20758,0.83849,7.0
2612,1994-01-17,,,,1994,1,17,,0.73519,-0.03403,0.73598,7.0
2613,1994-01-18,,,,1994,1,18,,0.59714,0.19724,0.62887,6.0
2614,1994-01-19,,,,1994,1,19,,0.41899,0.35116,0.54669,6.0
2615,1994-01-20,,,,1994,1,20,,0.32083,0.51122,0.60355,5.0
2616,1994-01-21,,,,1994,1,21,,0.24243,0.68252,0.72429,5.0
2617,1994-01-22,,,,1994,1,22,,0.24533,0.76748,0.80574,5.0
2618,1994-01-23,,,,1994,1,23,,0.30171,0.82512,0.87855,5.0
2619,1994-01-24,,,,1994,1,24,,0.30171,0.87659,0.92706,5.0
2620,1994-01-25,,,,1994,1,25,,0.29412,0.8544,0.90361,5.0
2621,1994-01-26,,,,1994,1,26,,0.24623,0.79234,0.82971,5.0
2622,1994-01-27,,,,1994,1,27,,0.20758,0.64808,0.68051,5.0
2623,1994-01-28,,,,1994,1,28,,0.25837,0.47918,0.5444,5.0
2624,1994-01-29,,,,1994,1,29,,0.32886,0.32002,0.45887,6.0
2625,1994-01-30,,,,1994,1,30,,0.43519,0.04825,0.43786,6.0
2626,1994-01-31,,,,1994,1,31,,0.55335,-0.12356,0.56698,7.0
2627,1994-02-01,-0.06,0.496,-0.862,1994,2,1,,0.70646,-0.28336,0.76117,7.0
2628,1994-02-02,,,,1994,2,2,,0.85125,-0.41937,0.94895,7.0
2629,1994-02-03,,,,1994,2,3,,1.00246,-0.39563,1.07771,7.0
2630,1994-02-04,,,,1994,2,4,,1.22133,-0.29667,1.25685,7.0
2631,1994-02-05,,,,1994,2,5,,1.43199,-0.13869,1.43869,7.0
2632,1994-02-06,,,,1994,2,6,,1.5559,0.07498,1.55771,6.0
2633,1994-02-07,,,,1994,2,7,,1.56533,0.25962,1.58672,6.0
2634,1994-02-08,,,,1994,2,8,,1.45881,0.55912,1.56228,6.0
2635,1994-02-09,,,,1994,2,9,,1.34804,0.84035,1.58852,6.0
2636,1994-02-10,,,,1994,2,10,,1.18301,1.08253,1.60355,6.0
2637,1994-02-11,,,,1994,2,11,,1.10974,1.33711,1.73764,5.0
2638,1994-02-12,,,,1994,2,12,,1.06437,1.55064,1.88079,5.0
2639,1994-02-13,,,,1994,2,13,,1.01674,1.7295,2.00622,5.0
2640,1994-02-14,,,,1994,2,14,,0.89067,1.92432,2.12044,5.0
2641,1994-02-15,,,,1994,2,15,,0.77215,2.02061,2.16312,5.0
2642,1994-02-16,,,,1994,2,16,,0.66354,2.09772,2.20016,5.0
2643,1994-02-17,,,,1994,2,17,,0.5828,2.08805,2.16785,5.0
2644,1994-02-18,,,,1994,2,18,,0.43024,2.00371,2.04938,5.0
2645,1994-02-19,,,,1994,2,19,,0.2345,1.90033,1.91474,5.0
2646,1994-02-20,,,,1994,2,20,,-0.05173,1.77832,1.77907,4.0
2647,1994-02-21,,,,1994,2,21,,-0.36561,1.6185,1.65928,4.0
2648,1994-02-22,,,,1994,2,22,,-0.68355,1.38713,1.5464,4.0
2649,1994-02-23,,,,1994,2,23,,-0.90426,1.02325,1.36555,4.0
2650,1994-02-24,,,,1994,2,24,,-1.04073,0.7044,1.25671,3.0
2651,1994-02-25,,,,1994,2,25,,-1.00427,0.42255,1.08954,3.0
2652,1994-02-26,,,,1994,2,26,,-0.87769,0.25778,0.91476,3.0
2653,1994-02-27,,,,1994,2,27,,-0.68724,0.16354,0.70643,3.0
2654,1994-02-28,,,,1994,2,28,,-0.5006,0.08509,0.50778,3.0
2655,1994-03-01,-1.35,0.485,1.881,1994,3,1,,-0.33778,0.00981,0.33793,3.0
2656,1994-03-02,,,,1994,3,2,,-0.21961,-0.17814,0.28278,2.0
2657,1994-03-03,,,,1994,3,3,,-0.18855,-0.33524,0.38463,1.0
2658,1994-03-04,,,,1994,3,4,,-0.1823,-0.41381,0.45218,1.0
2659,1994-03-05,,,,1994,3,5,,-0.20727,-0.47754,0.52058,1.0
2660,1994-03-06,,,,1994,3,6,,-0.27945,-0.50088,0.57356,1.0
2661,1994-03-07,,,,1994,3,7,,-0.37558,-0.51471,0.63717,1.0
2662,1994-03-08,,,,1994,3,8,,-0.46994,-0.48778,0.67733,1.0
2663,1994-03-09,,,,1994,3,9,,-0.47109,-0.42339,0.6334,2.0
2664,1994-03-10,,,,1994,3,10,,-0.40064,-0.35772,0.5371,2.0
2665,1994-03-11,,,,1994,3,11,,-0.30531,-0.30699,0.43297,1.0
2666,1994-03-12,,,,1994,3,12,,-0.14447,-0.30254,0.33527,1.0
2667,1994-03-13,,,,1994,3,13,,-0.05588,-0.27801,0.28357,1.0
2668,1994-03-14,,,,1994,3,14,,0.0077,-0.25685,0.25697,8.0
2669,1994-03-15,,,,1994,3,15,,0.02755,-0.26846,0.26987,8.0
2670,1994-03-16,,,,1994,3,16,,0.02007,-0.32023,0.32086,8.0
2671,1994-03-17,,,,1994,3,17,,-0.02446,-0.44737,0.44804,1.0
2672,1994-03-18,,,,1994,3,18,,-0.16828,-0.56603,0.59051,1.0
2673,1994-03-19,,,,1994,3,19,,-0.3454,-0.56249,0.66007,1.0
2674,1994-03-20,,,,1994,3,20,,-0.50309,-0.5039,0.71205,1.0
2675,1994-03-21,,,,1994,3,21,,-0.70672,-0.43661,0.83071,2.0
2676,1994-03-22,,,,1994,3,22,,-0.86833,-0.33323,0.93007,2.0
2677,1994-03-23,,,,1994,3,23,,-1.00385,-0.22191,1.02809,2.0
2678,1994-03-24,,,,1994,3,24,,-1.08625,-0.1099,1.09179,2.0
2679,1994-03-25,,,,1994,3,25,,-1.07531,-0.03017,1.07573,2.0
2680,1994-03-26,,,,1994,3,26,,-1.05071,0.09635,1.05512,3.0
2681,1994-03-27,,,,1994,3,27,,-0.95938,0.09889,0.96446,3.0
2682,1994-03-28,,,,1994,3,28,,-0.91699,-0.00055,0.91699,2.0
2683,1994-03-29,,,,1994,3,29,,-0.88021,-0.12271,0.88872,2.0
2684,1994-03-30,,,,1994,3,30,,-0.84008,-0.28409,0.88681,2.0
2685,1994-03-31,,,,1994,3,31,,-0.80971,-0.48478,0.94374,2.0
2686,1994-04-01,-2.63,0.749,0.225,1994,4,1,,-0.68395,-0.67397,0.96022,2.0
2687,1994-04-02,,,,1994,4,2,,-0.52953,-0.80715,0.96535,1.0
2688,1994-04-03,,,,1994,4,3,,-0.47741,-0.89533,1.01466,1.0
2689,1994-04-04,,,,1994,4,4,,-0.38584,-0.98927,1.06185,1.0
2690,1994-04-05,,,,1994,4,5,,-0.33194,-0.98404,1.03852,1.0
2691,1994-04-06,,,,1994,4,6,,-0.26082,-0.97028,1.00472,1.0
2692,1994-04-07,,,,1994,4,7,,-0.17077,-0.96371,0.97873,1.0
2693,1994-04-08,,,,1994,4,8,,-0.1093,-0.93487,0.94124,1.0
2694,1994-04-09,,,,1994,4,9,,-0.0482,-0.93153,0.93278,1.0
2695,1994-04-10,,,,1994,4,10,,-0.02994,-0.94647,0.94694,1.0
2696,1994-04-11,,,,1994,4,11,,-0.04193,-0.93553,0.93647,1.0
2697,1994-04-12,,,,1994,4,12,,-0.02051,-0.938,0.93823,1.0
2698,1994-04-13,,,,1994,4,13,,-0.01922,-0.91343,0.91363,1.0
2699,1994-04-14,,,,1994,4,14,,0.01672,-0.84568,0.84584,8.0
2700,1994-04-15,,,,1994,4,15,,-0.00548,-0.79433,0.79435,1.0
2701,1994-04-16,,,,1994,4,16,,-0.08044,-0.71583,0.72034,1.0
2702,1994-04-17,,,,1994,4,17,,-0.16804,-0.61483,0.63738,1.0
2703,1994-04-18,,,,1994,4,18,,-0.17547,-0.50468,0.53431,1.0
2704,1994-04-19,,,,1994,4,19,,-0.17231,-0.42806,0.46144,1.0
2705,1994-04-20,,,,1994,4,20,,-0.13327,-0.37511,0.39808,1.0
2706,1994-04-21,,,,1994,4,21,,-0.08217,-0.27444,0.28648,1.0
2707,1994-04-22,,,,1994,4,22,,-0.02682,-0.24283,0.24431,1.0
2708,1994-04-23,,,,1994,4,23,,0.07868,-0.24252,0.25497,8.0
2709,1994-04-24,,,,1994,4,24,,0.21328,-0.21933,0.30593,8.0
2710,1994-04-25,,,,1994,4,25,,0.30194,-0.1493,0.33684,7.0
2711,1994-04-26,,,,1994,4,26,,0.36549,-0.0944,0.37748,7.0
2712,1994-04-27,,,,1994,4,27,,0.35759,-0.0379,0.35959,7.0
2713,1994-04-28,,,,1994,4,28,,0.29759,0.01778,0.29812,6.0
2714,1994-04-29,,,,1994,4,29,,0.21249,0.04271,0.21674,6.0
2715,1994-04-30,,,,1994,4,30,,0.1163,0.11424,0.16302,6.0
2716,1994-05-01,-1.26,0.691,-0.115,1994,5,1,,0.02834,0.31409,0.31536,5.0
2717,1994-05-02,,,,1994,5,2,,-0.1536,0.54447,0.56572,4.0
2718,1994-05-03,,,,1994,5,3,,-0.25177,0.71399,0.75708,4.0
2719,1994-05-04,,,,1994,5,4,,-0.30621,0.83496,0.88933,4.0
2720,1994-05-05,,,,1994,5,5,,-0.34177,0.95892,1.018,4.0
2721,1994-05-06,,,,1994,5,6,,-0.46133,1.06241,1.15825,4.0
2722,1994-05-07,,,,1994,5,7,,-0.57871,1.12319,1.26351,4.0
2723,1994-05-08,,,,1994,5,8,,-0.75466,1.1013,1.33505,4.0
2724,1994-05-09,,,,1994,5,9,,-0.88345,0.96016,1.30476,4.0
2725,1994-05-10,,,,1994,5,10,,-0.97762,0.72635,1.21792,3.0
2726,1994-05-11,,,,1994,5,11,,-1.02128,0.39304,1.0943,3.0
2727,1994-05-12,,,,1994,5,12,,-1.07639,0.03999,1.07713,3.0
2728,1994-05-13,,,,1994,5,13,,-1.07351,-0.28396,1.11043,2.0
2729,1994-05-14,,,,1994,5,14,,-1.02171,-0.58011,1.17491,2.0
2730,1994-05-15,,,,1994,5,15,,-0.82878,-0.85918,1.19376,1.0
2731,1994-05-16,,,,1994,5,16,,-0.58477,-1.07187,1.22101,1.0
2732,1994-05-17,,,,1994,5,17,,-0.26745,-1.11632,1.14791,1.0
2733,1994-05-18,,,,1994,5,18,,0.00119,-1.07466,1.07466,8.0
2734,1994-05-19,,,,1994,5,19,,0.23705,-1.03627,1.06304,8.0
2735,1994-05-20,,,,1994,5,20,,0.40506,-0.93373,1.01781,8.0
2736,1994-05-21,,,,1994,5,21,,0.52774,-0.79027,0.95028,8.0
2737,1994-05-22,,,,1994,5,22,,0.6509,-0.62588,0.903,7.0
2738,1994-05-23,,,,1994,5,23,,0.74199,-0.51605,0.9038,7.0
2739,1994-05-24,,,,1994,5,24,,0.83288,-0.43208,0.93829,7.0
2740,1994-05-25,,,,1994,5,25,,0.93826,-0.39928,1.01969,7.0
2741,1994-05-26,,,,1994,5,26,,0.98911,-0.44459,1.08443,7.0
2742,1994-05-27,,,,1994,5,27,,1.01909,-0.45561,1.1163,7.0
2743,1994-05-28,,,,1994,5,28,,1.08665,-0.40231,1.15873,7.0
2744,1994-05-29,,,,1994,5,29,,1.18593,-0.32556,1.2298,7.0
2745,1994-05-30,,,,1994,5,30,,1.2951,-0.22846,1.31509,7.0
2746,1994-05-31,,,,1994,5,31,,1.34933,-0.18854,1.36244,7.0
2747,1994-06-01,-1.46,0.088,1.606,1994,6,1,,1.35485,-0.09964,1.35851,7.0
2748,1994-06-02,,,,1994,6,2,,1.33442,0.03648,1.33491,6.0
2749,1994-06-03,,,,1994,6,3,,1.22625,0.23603,1.24876,6.0
2750,1994-06-04,,,,1994,6,4,,1.09008,0.45658,1.18184,6.0
2751,1994-06-05,,,,1994,6,5,,0.97119,0.70992,1.20299,6.0
2752,1994-06-06,,,,1994,6,6,,0.77531,0.82344,1.131,5.0
2753,1994-06-07,,,,1994,6,7,,0.61188,0.81734,1.021,5.0
2754,1994-06-08,,,,1994,6,8,,0.38533,0.7536,0.8464,5.0
2755,1994-06-09,,,,1994,6,9,,0.16861,0.73166,0.75084,5.0
2756,1994-06-10,,,,1994,6,10,,0.00316,0.69625,0.69626,5.0
2757,1994-06-11,,,,1994,6,11,,-0.20383,0.64933,0.68057,4.0
2758,1994-06-12,,,,1994,6,12,,-0.43194,0.52348,0.67868,4.0
2759,1994-06-13,,,,1994,6,13,,-0.61929,0.43522,0.75692,3.0
2760,1994-06-14,,,,1994,6,14,,-0.79015,0.32661,0.85499,3.0
2761,1994-06-15,,,,1994,6,15,,-0.92288,0.27257,0.96228,3.0
2762,1994-06-16,,,,1994,6,16,,-1.04742,0.26952,1.08154,3.0
2763,1994-06-17,,,,1994,6,17,,-1.07066,0.24901,1.09924,3.0
2764,1994-06-18,,,,1994,6,18,,-1.17121,0.18858,1.18629,3.0
2765,1994-06-19,,,,1994,6,19,,-1.21663,0.11637,1.22218,3.0
2766,1994-06-20,,,,1994,6,20,,-1.18465,0.04011,1.18532,3.0
2767,1994-06-21,,,,1994,6,21,,-1.04495,0.01579,1.04507,3.0
2768,1994-06-22,,,,1994,6,22,,-0.86012,-0.05717,0.86202,2.0
2769,1994-06-23,,,,1994,6,23,,-0.68297,-0.17779,0.70574,2.0
2770,1994-06-24,,,,1994,6,24,,-0.45054,-0.26462,0.5225,2.0
2771,1994-06-25,,,,1994,6,25,,-0.22958,-0.29825,0.37638,1.0
2772,1994-06-26,,,,1994,6,26,,-0.07464,-0.29752,0.30674,1.0
2773,1994-06-27,,,,1994,6,27,,0.11145,-0.2599,0.28279,8.0
2774,1994-06-28,,,,1994,6,28,,0.26267,-0.24493,0.35915,7.0
2775,1994-06-29,,,,1994,6,29,,0.3238,-0.19817,0.37962,7.0
2776,1994-06-30,,,,1994,6,30,,0.30427,-0.20039,0.36433,7.0
2777,1994-07-01,-1.7,-0.376,0.351,1994,7,1,,0.21149,-0.19039,0.28457,7.0
2778,1994-07-02,,,,1994,7,2,,0.1109,-0.10158,0.15039,7.0
2779,1994-07-03,,,,1994,7,3,,-0.10306,-0.00793,0.10336,2.0
2780,1994-07-04,,,,1994,7,4,,-0.28621,0.04472,0.28969,3.0
2781,1994-07-05,,,,1994,7,5,,-0.39944,0.07424,0.40628,3.0
2782,1994-07-06,,,,1994,7,6,,-0.47241,0.11989,0.48739,3.0
2783,1994-07-07,,,,1994,7,7,,-0.55623,0.20962,0.59442,3.0
2784,1994-07-08,,,,1994,7,8,,-0.63337,0.28414,0.69419,3.0
2785,1994-07-09,,,,1994,7,9,,-0.6544,0.39192,0.76278,3.0
2786,1994-07-10,,,,1994,7,10,,-0.68044,0.45792,0.82017,3.0
2787,1994-07-11,,,,1994,7,11,,-0.69312,0.4249,0.81299,3.0
2788,1994-07-12,,,,1994,7,12,,-0.61557,0.27268,0.67326,3.0
2789,1994-07-13,,,,1994,7,13,,-0.57976,0.06021,0.58287,3.0
2790,1994-07-14,,,,1994,7,14,,-0.57004,-0.08437,0.57625,2.0
2791,1994-07-15,,,,1994,7,15,,-0.54888,-0.1556,0.57051,2.0
2792,1994-07-16,,,,1994,7,16,,-0.43354,-0.23167,0.49155,2.0
2793,1994-07-17,,,,1994,7,17,,-0.25443,-0.36429,0.44434,1.0
2794,1994-07-18,,,,1994,7,18,,-0.16749,-0.47644,0.50503,1.0
2795,1994-07-19,,,,1994,7,19,,-0.07753,-0.55292,0.55833,1.0
2796,1994-07-20,,,,1994,7,20,,-0.03033,-0.64503,0.64575,1.0
2797,1994-07-21,,,,1994,7,21,,0.02437,-0.71157,0.71199,8.0
2798,1994-07-22,,,,1994,7,22,,0.07448,-0.65472,0.65894,8.0
2799,1994-07-23,,,,1994,7,23,,0.06585,-0.56403,0.56786,8.0
2800,1994-07-24,,,,1994,7,24,,0.04146,-0.5222,0.52384,8.0
2801,1994-07-25,,,,1994,7,25,,0.0261,-0.48486,0.48557,8.0
2802,1994-07-26,,,,1994,7,26,,-0.07134,-0.42881,0.43471,1.0
2803,1994-07-27,,,,1994,7,27,,-0.07491,-0.37256,0.38002,1.0
2804,1994-07-28,,,,1994,7,28,,-0.03846,-0.3632,0.36523,1.0
2805,1994-07-29,,,,1994,7,29,,0.04969,-0.31228,0.31621,8.0
2806,1994-07-30,,,,1994,7,30,,0.08662,-0.24357,0.25851,8.0
2807,1994-07-31,,,,1994,7,31,,0.16028,-0.24171,0.29002,8.0
2808,1994-08-01,-2.03,-0.546,0.828,1994,8,1,,0.31514,-0.3247,0.45248,8.0
2809,1994-08-02,,,,1994,8,2,,0.54548,-0.42002,0.68845,7.0
2810,1994-08-03,,,,1994,8,3,,0.63617,-0.52562,0.82522,7.0
2811,1994-08-04,,,,1994,8,4,,0.76575,-0.60555,0.97625,7.0
2812,1994-08-05,,,,1994,8,5,,0.9429,-0.65387,1.14743,7.0
2813,1994-08-06,,,,1994,8,6,,1.11847,-0.70816,1.3238,7.0
2814,1994-08-07,,,,1994,8,7,,1.27699,-0.78057,1.49666,7.0
2815,1994-08-08,,,,1994,8,8,,1.41507,-0.77444,1.61313,7.0
2816,1994-08-09,,,,1994,8,9,,1.49678,-0.71565,1.65907,7.0
2817,1994-08-10,,,,1994,8,10,,1.385,-0.64895,1.5295,7.0
2818,1994-08-11,,,,1994,8,11,,1.20187,-0.56132,1.32649,7.0
2819,1994-08-12,,,,1994,8,12,,1.13203,-0.42362,1.2087,7.0
2820,1994-08-13,,,,1994,8,13,,1.05882,-0.29044,1.09794,7.0
2821,1994-08-14,,,,1994,8,14,,0.91297,-0.16213,0.92725,7.0
2822,1994-08-15,,,,1994,8,15,,0.71858,-0.03515,0.71944,7.0
2823,1994-08-16,,,,1994,8,16,,0.50728,0.14905,0.52873,6.0
2824,1994-08-17,,,,1994,8,17,,0.33017,0.30221,0.44759,6.0
2825,1994-08-18,,,,1994,8,18,,0.16168,0.43983,0.46861,5.0
2826,1994-08-19,,,,1994,8,19,,0.07143,0.60111,0.60534,5.0
2827,1994-08-20,,,,1994,8,20,,-0.021,0.71666,0.71697,4.0
2828,1994-08-21,,,,1994,8,21,,-0.14167,0.79058,0.80318,4.0
2829,1994-08-22,,,,1994,8,22,,-0.25504,0.83007,0.86836,4.0
2830,1994-08-23,,,,1994,8,23,,-0.39633,0.84854,0.93654,4.0
2831,1994-08-24,,,,1994,8,24,,-0.51057,0.92381,1.05551,4.0
2832,1994-08-25,,,,1994,8,25,,-0.58739,1.00312,1.16245,4.0
2833,1994-08-26,,,,1994,8,26,,-0.63746,1.05546,1.23302,4.0
2834,1994-08-27,,,,1994,8,27,,-0.69816,1.10374,1.30601,4.0
2835,1994-08-28,,,,1994,8,28,,-0.74142,1.1282,1.35002,4.0
2836,1994-08-29,,,,1994,8,29,,-0.71779,1.16537,1.36869,4.0
2837,1994-08-30,,,,1994,8,30,,-0.70115,1.17628,1.3694,4.0
2838,1994-08-31,,,,1994,8,31,,-0.73454,1.143,1.35868,4.0
2839,1994-09-01,-1.7,-0.905,-0.084,1994,9,1,,-0.76408,1.09216,1.3329,4.0
2840,1994-09-02,,,,1994,9,2,,-0.7867,1.00447,1.27588,4.0
2841,1994-09-03,,,,1994,9,3,,-0.7932,0.81383,1.13644,4.0
2842,1994-09-04,,,,1994,9,4,,-0.82255,0.61112,1.02473,3.0
2843,1994-09-05,,,,1994,9,5,,-0.86863,0.38718,0.95101,3.0
2844,1994-09-06,,,,1994,9,6,,-0.8553,0.15748,0.86967,3.0
2845,1994-09-07,,,,1994,9,7,,-0.85611,-0.06848,0.85885,2.0
2846,1994-09-08,,,,1994,9,8,,-0.92064,-0.28321,0.96321,2.0
2847,1994-09-09,,,,1994,9,9,,-0.93965,-0.44119,1.03808,2.0
2848,1994-09-10,,,,1994,9,10,,-0.94373,-0.61449,1.12616,2.0
2849,1994-09-11,,,,1994,9,11,,-0.92023,-0.72416,1.17099,2.0
2850,1994-09-12,,,,1994,9,12,,-0.98072,-0.70037,1.20512,2.0
2851,1994-09-13,,,,1994,9,13,,-1.06733,-0.67841,1.26469,2.0
2852,1994-09-14,,,,1994,9,14,,-1.02904,-0.62446,1.20369,2.0
2853,1994-09-15,,,,1994,9,15,,-1.0103,-0.62139,1.1861,2.0
2854,1994-09-16,,,,1994,9,16,,-0.96225,-0.70959,1.19559,2.0
2855,1994-09-17,,,,1994,9,17,,-0.85995,-0.84442,1.20523,2.0
2856,1994-09-18,,,,1994,9,18,,-0.7872,-0.92555,1.21504,1.0
2857,1994-09-19,,,,1994,9,19,,-0.70673,-1.01233,1.23461,1.0
2858,1994-09-20,,,,1994,9,20,,-0.6035,-1.13013,1.28117,1.0
2859,1994-09-21,,,,1994,9,21,,-0.45684,-1.26097,1.34117,1.0
2860,1994-09-22,,,,1994,9,22,,-0.22955,-1.3345,1.3541,1.0
2861,1994-09-23,,,,1994,9,23,,-0.04819,-1.35037,1.35123,1.0
2862,1994-09-24,,,,1994,9,24,,0.17505,-1.2667,1.27874,8.0
2863,1994-09-25,,,,1994,9,25,,0.3253,-1.12704,1.17305,8.0
2864,1994-09-26,,,,1994,9,26,,0.46909,-0.97771,1.08441,8.0
2865,1994-09-27,,,,1994,9,27,,0.63424,-0.84642,1.05768,8.0
2866,1994-09-28,,,,1994,9,28,,0.80615,-0.66906,1.04763,7.0
2867,1994-09-29,,,,1994,9,29,,0.96474,-0.48011,1.0776,7.0
2868,1994-09-30,,,,1994,9,30,,1.15663,-0.37444,1.21573,7.0
2869,1994-10-01,-1.58,-0.76,0.174,1994,10,1,,1.30244,-0.35108,1.34893,7.0
2870,1994-10-02,,,,1994,10,2,,1.41524,-0.36555,1.46169,7.0
2871,1994-10-03,,,,1994,10,3,,1.44572,-0.46975,1.52013,7.0
2872,1994-10-04,,,,1994,10,4,,1.52174,-0.56199,1.6222,7.0
2873,1994-10-05,,,,1994,10,5,,1.62694,-0.5897,1.73052,7.0
2874,1994-10-06,,,,1994,10,6,,1.67673,-0.58506,1.77588,7.0
2875,1994-10-07,,,,1994,10,7,,1.68574,-0.51927,1.7639,7.0
2876,1994-10-08,,,,1994,10,8,,1.60422,-0.43436,1.66199,7.0
2877,1994-10-09,,,,1994,10,9,,1.48093,-0.28422,1.50796,7.0
2878,1994-10-10,,,,1994,10,10,,1.32755,-0.11842,1.33282,7.0
2879,1994-10-11,,,,1994,10,11,,1.18744,0.00832,1.18747,6.0
2880,1994-10-12,,,,1994,10,12,,1.03155,0.14977,1.04237,6.0
2881,1994-10-13,,,,1994,10,13,,0.88986,0.24062,0.92182,6.0
2882,1994-10-14,,,,1994,10,14,,0.73522,0.24656,0.77546,6.0
2883,1994-10-15,,,,1994,10,15,,0.58096,0.22674,0.62364,6.0
2884,1994-10-16,,,,1994,10,16,,0.42784,0.21789,0.48012,6.0
2885,1994-10-17,,,,1994,10,17,,0.33605,0.21611,0.39954,6.0
2886,1994-10-18,,,,1994,10,18,,0.27081,0.24105,0.36255,6.0
2887,1994-10-19,,,,1994,10,19,,0.26107,0.26715,0.37353,5.0
2888,1994-10-20,,,,1994,10,20,,0.20782,0.26945,0.34028,5.0
2889,1994-10-21,,,,1994,10,21,,0.18003,0.33451,0.37988,5.0
2890,1994-10-22,,,,1994,10,22,,0.12947,0.46628,0.48392,5.0
2891,1994-10-23,,,,1994,10,23,,0.08235,0.59071,0.59642,5.0
2892,1994-10-24,,,,1994,10,24,,0.0812,0.69433,0.69907,5.0
2893,1994-10-25,,,,1994,10,25,,0.06436,0.65737,0.66052,5.0
2894,1994-10-26,,,,1994,10,26,,0.06401,0.61648,0.61979,5.0
2895,1994-10-27,,,,1994,10,27,,0.11716,0.52826,0.54109,5.0
2896,1994-10-28,,,,1994,10,28,,0.14241,0.50515,0.52484,5.0
2897,1994-10-29,,,,1994,10,29,,0.18718,0.50891,0.54224,5.0
2898,1994-10-30,,,,1994,10,30,,0.223,0.43374,0.4877,5.0
2899,1994-10-31,,,,1994,10,31,,0.2509,0.25423,0.35719,5.0
2900,1994-11-01,-0.81,-1.759,1.779,1994,11,1,,0.32134,0.11081,0.33991,6.0
2901,1994-11-02,,,,1994,11,2,,0.38628,-0.03743,0.38809,7.0
2902,1994-11-03,,,,1994,11,3,,0.49191,-0.09703,0.50139,7.0
2903,1994-11-04,,,,1994,11,4,,0.61496,-0.17904,0.6405,7.0
2904,1994-11-05,,,,1994,11,5,,0.69231,-0.237,0.73176,7.0
2905,1994-11-06,,,,1994,11,6,,0.82076,-0.33545,0.88667,7.0
2906,1994-11-07,,,,1994,11,7,,0.99328,-0.3854,1.06543,7.0
2907,1994-11-08,,,,1994,11,8,,1.15977,-0.38021,1.2205,7.0
2908,1994-11-09,,,,1994,11,9,,1.28769,-0.27833,1.31743,7.0
2909,1994-11-10,,,,1994,11,10,,1.37107,-0.13647,1.37785,7.0
2910,1994-11-11,,,,1994,11,11,,1.44123,-0.08047,1.44347,7.0
2911,1994-11-12,,,,1994,11,12,,1.50481,-0.11728,1.50938,7.0
2912,1994-11-13,,,,1994,11,13,,1.47798,-0.14755,1.48533,7.0
2913,1994-11-14,,,,1994,11,14,,1.44303,-0.13619,1.44944,7.0
2914,1994-11-15,,,,1994,11,15,,1.34348,-0.11825,1.34867,7.0
2915,1994-11-16,,,,1994,11,16,,1.25024,-0.15999,1.26044,7.0
2916,1994-11-17,,,,1994,11,17,,1.16062,-0.10169,1.16506,7.0
2917,1994-11-18,,,,1994,11,18,,1.10328,0.03663,1.10389,6.0
2918,1994-11-19,,,,1994,11,19,,0.99836,0.21495,1.02123,6.0
2919,1994-11-20,,,,1994,11,20,,0.80875,0.38526,0.89582,6.0
2920,1994-11-21,,,,1994,11,21,,0.5254,0.6083,0.80379,5.0
2921,1994-11-22,,,,1994,11,22,,0.29046,0.75712,0.81093,5.0
2922,1994-11-23,,,,1994,11,23,,0.19139,0.8254,0.8473,5.0
2923,1994-11-24,,,,1994,11,24,,0.05835,0.90354,0.90543,5.0
2924,1994-11-25,,,,1994,11,25,,-0.13695,1.06175,1.07055,4.0
2925,1994-11-26,,,,1994,11,26,,-0.31235,1.15321,1.19476,4.0
2926,1994-11-27,,,,1994,11,27,,-0.54508,1.20313,1.32084,4.0
2927,1994-11-28,,,,1994,11,28,,-0.79354,1.2591,1.4883,4.0
2928,1994-11-29,,,,1994,11,29,,-0.98278,1.39999,1.7105,4.0
2929,1994-11-30,,,,1994,11,30,,-1.17272,1.49491,1.90001,4.0
2930,1994-12-01,-1.41,-2.11,0.894,1994,12,1,,-1.13674,1.51338,1.89275,4.0
2931,1994-12-02,,,,1994,12,2,,-1.18156,1.56774,1.96313,4.0
2932,1994-12-03,,,,1994,12,3,,-1.29092,1.5573,2.02278,4.0
2933,1994-12-04,,,,1994,12,4,,-1.4641,1.43161,2.0477,3.0
2934,1994-12-05,,,,1994,12,5,,-1.6338,1.30982,2.09402,3.0
2935,1994-12-06,,,,1994,12,6,,-1.68293,1.13803,2.03159,3.0
2936,1994-12-07,,,,1994,12,7,,-1.61047,0.95396,1.87181,3.0
2937,1994-12-08,,,,1994,12,8,,-1.61735,0.72843,1.77382,3.0
2938,1994-12-09,,,,1994,12,9,,-1.58807,0.46185,1.65387,3.0
2939,1994-12-10,,,,1994,12,10,,-1.7404,0.33185,1.77175,3.0
2940,1994-12-11,,,,1994,12,11,,-1.89452,0.21163,1.90631,3.0
2941,1994-12-12,,,,1994,12,12,,-1.96892,0.11935,1.97253,3.0
2942,1994-12-13,,,,1994,12,13,,-1.99075,0.06741,1.9919,3.0
2943,1994-12-14,,,,1994,12,14,,-2.05744,-0.05792,2.05825,2.0
2944,1994-12-15,,,,1994,12,15,,-2.152,-0.24047,2.1654,2.0
2945,1994-12-16,,,,1994,12,16,,-2.28079,-0.51125,2.33739,2.0
2946,1994-12-17,,,,1994,12,17,,-2.2608,-0.8357,2.41031,2.0
2947,1994-12-18,,,,1994,12,18,,-2.13144,-1.18122,2.43687,2.0
2948,1994-12-19,,,,1994,12,19,,-1.85062,-1.50451,2.38502,2.0
2949,1994-12-20,,,,1994,12,20,,-1.50476,-1.79467,2.34204,1.0
2950,1994-12-21,,,,1994,12,21,,-1.05527,-2.09963,2.3499,1.0
2951,1994-12-22,,,,1994,12,22,,-0.66364,-2.38672,2.47727,1.0
2952,1994-12-23,,,,1994,12,23,,-0.22805,-2.59662,2.60662,1.0
2953,1994-12-24,,,,1994,12,24,,0.16292,-2.78193,2.7867,8.0
2954,1994-12-25,,,,1994,12,25,,0.59022,-2.8996,2.95906,8.0
2955,1994-12-26,,,,1994,12,26,,0.9752,-2.88138,3.04194,8.0
2956,1994-12-27,,,,1994,12,27,,1.29155,-2.72723,3.01759,8.0
2957,1994-12-28,,,,1994,12,28,,1.53205,-2.49152,2.92487,8.0
2958,1994-12-29,,,,1994,12,29,,1.68347,-2.26083,2.81877,8.0
2959,1994-12-30,,,,1994,12,30,,1.73223,-2.03035,2.66889,8.0
2960,1994-12-31,,,,1994,12,31,,1.7517,-1.85593,2.55204,8.0
2961,1995-01-01,-0.51,-0.768,-0.154,1995,1,1,,1.78457,-1.58876,2.38932,7.0
2962,1995-01-02,,,,1995,1,2,,1.83732,-1.28315,2.24103,7.0
2963,1995-01-03,,,,1995,1,3,,1.84388,-0.89894,2.05134,7.0
2964,1995-01-04,,,,1995,1,4,,1.75286,-0.50914,1.8253,7.0
2965,1995-01-05,,,,1995,1,5,,1.62622,-0.15834,1.63391,7.0
2966,1995-01-06,,,,1995,1,6,,1.47417,0.11256,1.47846,6.0
2967,1995-01-07,,,,1995,1,7,,1.38896,0.38376,1.441,6.0
2968,1995-01-08,,,,1995,1,8,,1.2224,0.74351,1.43076,6.0
2969,1995-01-09,,,,1995,1,9,,1.08255,1.16433,1.58984,5.0
2970,1995-01-10,,,,1995,1,10,,0.94852,1.54202,1.81039,5.0
2971,1995-01-11,,,,1995,1,11,,0.79227,1.89621,2.05506,5.0
2972,1995-01-12,,,,1995,1,12,,0.61036,2.16503,2.24942,5.0
2973,1995-01-13,,,,1995,1,13,,0.51364,2.36508,2.42022,5.0
2974,1995-01-14,,,,1995,1,14,,0.47389,2.51422,2.55849,5.0
2975,1995-01-15,,,,1995,1,15,,0.44839,2.62672,2.66471,5.0
2976,1995-01-16,,,,1995,1,16,,0.3519,2.62111,2.64463,5.0
2977,1995-01-17,,,,1995,1,17,,0.3008,2.56326,2.58085,5.0
2978,1995-01-18,,,,1995,1,18,,0.22823,2.41668,2.42743,5.0
2979,1995-01-19,,,,1995,1,19,,0.14504,2.24888,2.25356,5.0
2980,1995-01-20,,,,1995,1,20,,0.05757,2.08905,2.08985,5.0
2981,1995-01-21,,,,1995,1,21,,-0.02261,1.98245,1.98258,4.0
2982,1995-01-22,,,,1995,1,22,,-0.17331,1.85881,1.86687,4.0
2983,1995-01-23,,,,1995,1,23,,-0.33304,1.76,1.79123,4.0
2984,1995-01-24,,,,1995,1,24,,-0.5016,1.65516,1.72949,4.0
2985,1995-01-25,,,,1995,1,25,,-0.60612,1.58021,1.69247,4.0
2986,1995-01-26,,,,1995,1,26,,-0.65347,1.42204,1.565,4.0
2987,1995-01-27,,,,1995,1,27,,-0.61374,1.31565,1.45176,4.0
2988,1995-01-28,,,,1995,1,28,,-0.56491,1.23123,1.35464,4.0
2989,1995-01-29,,,,1995,1,29,,-0.48848,1.05943,1.16662,4.0
2990,1995-01-30,,,,1995,1,30,,-0.35988,0.84227,0.91593,4.0
2991,1995-01-31,,,,1995,1,31,,-0.19575,0.69714,0.7241,4.0
2992,1995-02-01,-0.35,0.049,1.429,1995,2,1,,-0.08683,0.50045,0.50793,4.0
2993,1995-02-02,,,,1995,2,2,,-0.03714,0.33027,0.33235,4.0
2994,1995-02-03,,,,1995,2,3,,-0.02469,0.21272,0.21415,4.0
2995,1995-02-04,,,,1995,2,4,,0.09418,0.0911,0.13103,6.0
2996,1995-02-05,,,,1995,2,5,,0.19424,0.01546,0.19485,6.0
2997,1995-02-06,,,,1995,2,6,,0.35384,0.00307,0.35385,6.0
2998,1995-02-07,,,,1995,2,7,,0.45753,0.05141,0.46041,6.0
2999,1995-02-08,,,,1995,2,8,,0.44062,0.10563,0.4531,6.0
3000,1995-02-09,,,,1995,2,9,,0.45092,0.07555,0.4572,6.0
3001,1995-02-10,,,,1995,2,10,,0.44223,0.09204,0.4517,6.0
3002,1995-02-11,,,,1995,2,11,,0.49749,0.11627,0.51089,6.0
3003,1995-02-12,,,,1995,2,12,,0.52849,0.15797,0.5516,6.0
3004,1995-02-13,,,,1995,2,13,,0.49888,0.27995,0.57206,6.0
3005,1995-02-14,,,,1995,2,14,,0.45335,0.36259,0.58051,6.0
3006,1995-02-15,,,,1995,2,15,,0.41707,0.38415,0.56702,6.0
3007,1995-02-16,,,,1995,2,16,,0.39834,0.43161,0.58733,5.0
3008,1995-02-17,,,,1995,2,17,,0.40829,0.41488,0.58209,5.0
3009,1995-02-18,,,,1995,2,18,,0.39057,0.36171,0.53234,6.0
3010,1995-02-19,,,,1995,2,19,,0.35202,0.36766,0.50901,5.0
3011,1995-02-20,,,,1995,2,20,,0.31976,0.42947,0.53544,5.0
3012,1995-02-21,,,,1995,2,21,,0.35973,0.46498,0.58789,5.0
3013,1995-02-22,,,,1995,2,22,,0.33599,0.50921,0.61007,5.0
3014,1995-02-23,,,,1995,2,23,,0.25774,0.60795,0.66033,5.0
3015,1995-02-24,,,,1995,2,24,,0.09651,0.73983,0.7461,5.0
3016,1995-02-25,,,,1995,2,25,,-0.03257,0.88043,0.88103,4.0
3017,1995-02-26,,,,1995,2,26,,-0.14004,1.05782,1.06705,4.0
3018,1995-02-27,,,,1995,2,27,,-0.31008,1.28097,1.31796,4.0
3019,1995-02-28,,,,1995,2,28,,-0.41133,1.48481,1.54073,4.0
3020,1995-03-01,0.24,0.571,0.393,1995,3,1,,-0.41628,1.70951,1.75946,4.0
3021,1995-03-02,,,,1995,3,2,,-0.54124,1.89198,1.96788,4.0
3022,1995-03-03,,,,1995,3,3,,-0.76096,1.95707,2.09981,4.0
3023,1995-03-04,,,,1995,3,4,,-0.95754,1.85376,2.08646,4.0
3024,1995-03-05,,,,1995,3,5,,-1.12977,1.66,2.00798,4.0
3025,1995-03-06,,,,1995,3,6,,-1.33935,1.3939,1.93308,4.0
3026,1995-03-07,,,,1995,3,7,,-1.53172,1.103,1.88753,3.0
3027,1995-03-08,,,,1995,3,8,,-1.70716,0.85072,1.90738,3.0
3028,1995-03-09,,,,1995,3,9,,-1.88346,0.57266,1.96859,3.0
3029,1995-03-10,,,,1995,3,10,,-2.01937,0.26516,2.0367,3.0
3030,1995-03-11,,,,1995,3,11,,-2.01126,-0.06712,2.01238,2.0
3031,1995-03-12,,,,1995,3,12,,-1.84756,-0.41943,1.89457,2.0
3032,1995-03-13,,,,1995,3,13,,-1.64381,-0.69311,1.78396,2.0
3033,1995-03-14,,,,1995,3,14,,-1.39441,-0.90568,1.66272,2.0
3034,1995-03-15,,,,1995,3,15,,-1.09279,-1.11137,1.55864,1.0
3035,1995-03-16,,,,1995,3,16,,-0.78245,-1.21717,1.44698,1.0
3036,1995-03-17,,,,1995,3,17,,-0.44747,-1.25284,1.33035,1.0
3037,1995-03-18,,,,1995,3,18,,-0.19205,-1.20854,1.22371,1.0
3038,1995-03-19,,,,1995,3,19,,-0.00806,-1.12975,1.12978,1.0
3039,1995-03-20,,,,1995,3,20,,0.07727,-1.08544,1.08819,8.0
3040,1995-03-21,,,,1995,3,21,,0.12924,-0.97781,0.98631,8.0
3041,1995-03-22,,,,1995,3,22,,0.23874,-0.84253,0.8757,8.0
3042,1995-03-23,,,,1995,3,23,,0.40584,-0.75158,0.85416,8.0
3043,1995-03-24,,,,1995,3,24,,0.47467,-0.66601,0.81785,8.0
3044,1995-03-25,,,,1995,3,25,,0.4899,-0.51871,0.71349,8.0
3045,1995-03-26,,,,1995,3,26,,0.49315,-0.29616,0.57525,7.0
3046,1995-03-27,,,,1995,3,27,,0.57125,-0.07583,0.57626,7.0
3047,1995-03-28,,,,1995,3,28,,0.59847,0.05063,0.60061,6.0
3048,1995-03-29,,,,1995,3,29,,0.59803,0.19459,0.62889,6.0
3049,1995-03-30,,,,1995,3,30,,0.57745,0.30131,0.65133,6.0
3050,1995-03-31,,,,1995,3,31,,0.4769,0.44524,0.65244,6.0
3051,1995-04-01,-1.72,0.671,-0.963,1995,4,1,,0.36704,0.5867,0.69205,5.0
3052,1995-04-02,,,,1995,4,2,,0.37019,0.7314,0.81975,5.0
3053,1995-04-03,,,,1995,4,3,,0.31308,0.8045,0.86328,5.0
3054,1995-04-04,,,,1995,4,4,,0.15218,0.75064,0.76591,5.0
3055,1995-04-05,,,,1995,4,5,,-0.04874,0.64746,0.64929,4.0
3056,1995-04-06,,,,1995,4,6,,-0.22832,0.57083,0.6148,4.0
3057,1995-04-07,,,,1995,4,7,,-0.38948,0.47639,0.61534,4.0
3058,1995-04-08,,,,1995,4,8,,-0.51867,0.4043,0.65763,3.0
3059,1995-04-09,,,,1995,4,9,,-0.52936,0.23679,0.5799,3.0
3060,1995-04-10,,,,1995,4,10,,-0.53777,0.05783,0.54087,3.0
3061,1995-04-11,,,,1995,4,11,,-0.52806,-0.14689,0.54811,2.0
3062,1995-04-12,,,,1995,4,12,,-0.48078,-0.3419,0.58996,2.0
3063,1995-04-13,,,,1995,4,13,,-0.42836,-0.49535,0.65488,1.0
3064,1995-04-14,,,,1995,4,14,,-0.38344,-0.66266,0.7656,1.0
3065,1995-04-15,,,,1995,4,15,,-0.31191,-0.78224,0.84213,1.0
3066,1995-04-16,,,,1995,4,16,,-0.21592,-0.98406,1.00747,1.0
3067,1995-04-17,,,,1995,4,17,,-0.13575,-1.18157,1.18934,1.0
3068,1995-04-18,,,,1995,4,18,,-0.08503,-1.31178,1.31453,1.0
3069,1995-04-19,,,,1995,4,19,,-0.06439,-1.42512,1.42658,1.0
3070,1995-04-20,,,,1995,4,20,,-0.10125,-1.46891,1.4724,1.0
3071,1995-04-21,,,,1995,4,21,,-0.09459,-1.49259,1.49558,1.0
3072,1995-04-22,,,,1995,4,22,,-0.0099,-1.47461,1.47465,1.0
3073,1995-04-23,,,,1995,4,23,,0.09193,-1.40185,1.40486,8.0
3074,1995-04-24,,,,1995,4,24,,0.21141,-1.36133,1.37765,8.0
3075,1995-04-25,,,,1995,4,25,,0.38381,-1.28127,1.33752,8.0
3076,1995-04-26,,,,1995,4,26,,0.61592,-1.17034,1.32252,8.0
3077,1995-04-27,,,,1995,4,27,,0.77209,-1.08658,1.33295,8.0
3078,1995-04-28,,,,1995,4,28,,0.99029,-0.99031,1.40049,8.0
3079,1995-04-29,,,,1995,4,29,,1.2819,-0.96573,1.60496,7.0
3080,1995-04-30,,,,1995,4,30,,1.56685,-0.88105,1.79758,7.0
3081,1995-05-01,-0.91,1.139,-0.891,1995,5,1,,1.75063,-0.80985,1.92888,7.0
3082,1995-05-02,,,,1995,5,2,,1.9033,-0.72053,2.03512,7.0
3083,1995-05-03,,,,1995,5,3,,2.01098,-0.60752,2.10074,7.0
3084,1995-05-04,,,,1995,5,4,,2.04274,-0.40213,2.08195,7.0
3085,1995-05-05,,,,1995,5,5,,1.94889,-0.20379,1.95952,7.0
3086,1995-05-06,,,,1995,5,6,,1.81113,0.06642,1.81235,6.0
3087,1995-05-07,,,,1995,5,7,,1.55563,0.31099,1.58641,6.0
3088,1995-05-08,,,,1995,5,8,,1.18723,0.5627,1.31383,6.0
3089,1995-05-09,,,,1995,5,9,,0.78964,0.78139,1.1109,6.0
3090,1995-05-10,,,,1995,5,10,,0.38974,0.95195,1.02864,5.0
3091,1995-05-11,,,,1995,5,11,,-0.00012,1.03208,1.03208,4.0
3092,1995-05-12,,,,1995,5,12,,-0.41861,1.034,1.11553,4.0
3093,1995-05-13,,,,1995,5,13,,-0.85309,0.9965,1.31178,4.0
3094,1995-05-14,,,,1995,5,14,,-1.14458,0.87438,1.44034,3.0
3095,1995-05-15,,,,1995,5,15,,-1.31553,0.65128,1.46792,3.0
3096,1995-05-16,,,,1995,5,16,,-1.47654,0.3369,1.51449,3.0
3097,1995-05-17,,,,1995,5,17,,-1.50955,-0.00374,1.50956,2.0
3098,1995-05-18,,,,1995,5,18,,-1.53372,-0.36562,1.5767,2.0
3099,1995-05-19,,,,1995,5,19,,-1.48274,-0.59355,1.59713,2.0
3100,1995-05-20,,,,1995,5,20,,-1.42632,-0.79981,1.63526,2.0
3101,1995-05-21,,,,1995,5,21,,-1.36784,-0.95395,1.66764,2.0
3102,1995-05-22,,,,1995,5,22,,-1.23484,-1.12345,1.66942,2.0
3103,1995-05-23,,,,1995,5,23,,-1.12981,-1.19403,1.64383,1.0
3104,1995-05-24,,,,1995,5,24,,-0.9731,-1.17236,1.5236,1.0
3105,1995-05-25,,,,1995,5,25,,-0.76896,-1.00007,1.26152,1.0
3106,1995-05-26,,,,1995,5,26,,-0.63375,-0.78634,1.00993,1.0
3107,1995-05-27,,,,1995,5,27,,-0.46598,-0.55292,0.72309,1.0
3108,1995-05-28,,,,1995,5,28,,-0.26518,-0.44852,0.52104,1.0
3109,1995-05-29,,,,1995,5,29,,-0.07615,-0.29029,0.30011,1.0
3110,1995-05-30,,,,1995,5,30,,0.1653,-0.1474,0.22147,7.0
3111,1995-05-31,,,,1995,5,31,,0.37695,0.02424,0.37773,6.0
3112,1995-06-01,-0.31,1.108,-0.112,1995,6,1,,0.52905,0.15529,0.55137,6.0
3113,1995-06-02,,,,1995,6,2,,0.58024,0.26948,0.63977,6.0
3114,1995-06-03,,,,1995,6,3,,0.61594,0.29869,0.68454,6.0
3115,1995-06-04,,,,1995,6,4,,0.65711,0.32546,0.7333,6.0
3116,1995-06-05,,,,1995,6,5,,0.67394,0.35151,0.7601,6.0
3117,1995-06-06,,,,1995,6,6,,0.63168,0.44839,0.77465,6.0
3118,1995-06-07,,,,1995,6,7,,0.5754,0.4981,0.76105,6.0
3119,1995-06-08,,,,1995,6,8,,0.4823,0.49828,0.69346,5.0
3120,1995-06-09,,,,1995,6,9,,0.45884,0.45162,0.64382,6.0
3121,1995-06-10,,,,1995,6,10,,0.44016,0.40399,0.59745,6.0
3122,1995-06-11,,,,1995,6,11,,0.40832,0.36802,0.54969,6.0
3123,1995-06-12,,,,1995,6,12,,0.34957,0.39585,0.52811,5.0
3124,1995-06-13,,,,1995,6,13,,0.29202,0.41273,0.50559,5.0
3125,1995-06-14,,,,1995,6,14,,0.31324,0.3922,0.50193,5.0
3126,1995-06-15,,,,1995,6,15,,0.31349,0.32878,0.45428,5.0
3127,1995-06-16,,,,1995,6,16,,0.41118,0.32982,0.52711,6.0
3128,1995-06-17,,,,1995,6,17,,0.51159,0.40461,0.65226,6.0
3129,1995-06-18,,,,1995,6,18,,0.47458,0.53482,0.71502,5.0
3130,1995-06-19,,,,1995,6,19,,0.39829,0.63816,0.75225,5.0
3131,1995-06-20,,,,1995,6,20,,0.335,0.68089,0.75883,5.0
3132,1995-06-21,,,,1995,6,21,,0.26275,0.7032,0.75069,5.0
3133,1995-06-22,,,,1995,6,22,,0.23039,0.72696,0.7626,5.0
3134,1995-06-23,,,,1995,6,23,,0.20213,0.76845,0.79459,5.0
3135,1995-06-24,,,,1995,6,24,,0.20267,0.80275,0.82794,5.0
3136,1995-06-25,,,,1995,6,25,,0.10285,0.767,0.77386,5.0
3137,1995-06-26,,,,1995,6,26,,-0.00815,0.69356,0.69361,4.0
3138,1995-06-27,,,,1995,6,27,,-0.07248,0.57879,0.58332,4.0
3139,1995-06-28,,,,1995,6,28,,-0.01816,0.4013,0.40172,4.0
3140,1995-06-29,,,,1995,6,29,,0.02658,0.30005,0.30122,5.0
3141,1995-06-30,,,,1995,6,30,,0.12537,0.23245,0.2641,5.0
3142,1995-07-01,0.44,1.433,-0.217,1995,7,1,,0.24921,0.22037,0.33267,6.0
3143,1995-07-02,,,,1995,7,2,,0.26863,0.18593,0.3267,6.0
3144,1995-07-03,,,,1995,7,3,,0.19426,0.11626,0.22639,6.0
3145,1995-07-04,,,,1995,7,4,,0.0737,0.10306,0.1267,5.0
3146,1995-07-05,,,,1995,7,5,,-0.05232,0.19265,0.19963,4.0
3147,1995-07-06,,,,1995,7,6,,-0.18425,0.30493,0.35627,4.0
3148,1995-07-07,,,,1995,7,7,,-0.35914,0.4127,0.54709,4.0
3149,1995-07-08,,,,1995,7,8,,-0.5029,0.4257,0.65889,3.0
3150,1995-07-09,,,,1995,7,9,,-0.65984,0.3748,0.75886,3.0
3151,1995-07-10,,,,1995,7,10,,-0.86518,0.31273,0.91996,3.0
3152,1995-07-11,,,,1995,7,11,,-0.94649,0.2926,0.99069,3.0
3153,1995-07-12,,,,1995,7,12,,-0.85943,0.33534,0.92253,3.0
3154,1995-07-13,,,,1995,7,13,,-0.70736,0.27694,0.75965,3.0
3155,1995-07-14,,,,1995,7,14,,-0.58984,0.16335,0.61204,3.0
3156,1995-07-15,,,,1995,7,15,,-0.49021,0.0444,0.49222,3.0
3157,1995-07-16,,,,1995,7,16,,-0.38232,-0.02559,0.38317,2.0
3158,1995-07-17,,,,1995,7,17,,-0.2935,-0.10059,0.31026,2.0
3159,1995-07-18,,,,1995,7,18,,-0.17263,-0.19277,0.25877,1.0
3160,1995-07-19,,,,1995,7,19,,-0.01052,-0.29497,0.29516,1.0
3161,1995-07-20,,,,1995,7,20,,0.1219,-0.3838,0.4027,8.0
3162,1995-07-21,,,,1995,7,21,,0.11444,-0.41024,0.42591,8.0
3163,1995-07-22,,,,1995,7,22,,0.09366,-0.39054,0.40162,8.0
3164,1995-07-23,,,,1995,7,23,,0.08487,-0.42574,0.43411,8.0
3165,1995-07-24,,,,1995,7,24,,0.04085,-0.45419,0.45602,8.0
3166,1995-07-25,,,,1995,7,25,,-0.02812,-0.45728,0.45815,1.0
3167,1995-07-26,,,,1995,7,26,,-0.02252,-0.34913,0.34985,1.0
3168,1995-07-27,,,,1995,7,27,,0.03899,-0.22587,0.22921,8.0
3169,1995-07-28,,,,1995,7,28,,0.05257,-0.16487,0.17305,8.0
3170,1995-07-29,,,,1995,7,29,,0.04114,-0.12203,0.12878,8.0
3171,1995-07-30,,,,1995,7,30,,0.12054,-0.15459,0.19603,8.0
3172,1995-07-31,,,,1995,7,31,,0.23945,-0.15986,0.28791,7.0
3173,1995-08-01,-0.11,0.332,0.544,1995,8,1,,0.34465,-0.10202,0.35943,7.0
3174,1995-08-02,,,,1995,8,2,,0.49217,-0.05547,0.49528,7.0
3175,1995-08-03,,,,1995,8,3,,0.57777,-0.06089,0.58097,7.0
3176,1995-08-04,,,,1995,8,4,,0.71787,-0.13686,0.7308,7.0
3177,1995-08-05,,,,1995,8,5,,0.74971,-0.24843,0.7898,7.0
3178,1995-08-06,,,,1995,8,6,,0.76805,-0.35646,0.84674,7.0
3179,1995-08-07,,,,1995,8,7,,0.71947,-0.40102,0.82368,7.0
3180,1995-08-08,,,,1995,8,8,,0.69554,-0.41611,0.81051,7.0
3181,1995-08-09,,,,1995,8,9,,0.64705,-0.41245,0.76733,7.0
3182,1995-08-10,,,,1995,8,10,,0.62393,-0.43372,0.75987,7.0
3183,1995-08-11,,,,1995,8,11,,0.60972,-0.40262,0.73065,7.0
3184,1995-08-12,,,,1995,8,12,,0.65239,-0.40623,0.76853,7.0
3185,1995-08-13,,,,1995,8,13,,0.60347,-0.41381,0.73172,7.0
3186,1995-08-14,,,,1995,8,14,,0.60382,-0.33144,0.6888,7.0
3187,1995-08-15,,,,1995,8,15,,0.62983,-0.16532,0.65116,7.0
3188,1995-08-16,,,,1995,8,16,,0.66234,-0.08473,0.66773,7.0
3189,1995-08-17,,,,1995,8,17,,0.68848,0.02772,0.68904,6.0
3190,1995-08-18,,,,1995,8,18,,0.64469,0.14407,0.66059,6.0
3191,1995-08-19,,,,1995,8,19,,0.49636,0.26158,0.56107,6.0
3192,1995-08-20,,,,1995,8,20,,0.32838,0.3467,0.47753,5.0
3193,1995-08-21,,,,1995,8,21,,0.16355,0.46584,0.49372,5.0
3194,1995-08-22,,,,1995,8,22,,-0.02039,0.61956,0.6199,4.0
3195,1995-08-23,,,,1995,8,23,,-0.22569,0.71548,0.75023,4.0
3196,1995-08-24,,,,1995,8,24,,-0.40987,0.76054,0.86396,4.0
3197,1995-08-25,,,,1995,8,25,,-0.53186,0.84221,0.99609,4.0
3198,1995-08-26,,,,1995,8,26,,-0.68963,0.86433,1.10574,4.0
3199,1995-08-27,,,,1995,8,27,,-0.84899,0.92944,1.25883,4.0
3200,1995-08-28,,,,1995,8,28,,-0.92035,0.99117,1.35257,4.0
3201,1995-08-29,,,,1995,8,29,,-0.97738,1.03889,1.42638,4.0
3202,1995-08-30,,,,1995,8,30,,-0.97182,1.10428,1.47101,4.0
3203,1995-08-31,,,,1995,8,31,,-0.92661,1.10481,1.44194,4.0
3204,1995-09-01,0.28,1.48,-0.549,1995,9,1,,-0.90206,1.05927,1.39132,4.0
3205,1995-09-02,,,,1995,9,2,,-0.91301,0.99446,1.35001,4.0
3206,1995-09-03,,,,1995,9,3,,-0.9635,0.89905,1.31782,3.0
3207,1995-09-04,,,,1995,9,4,,-1.0095,0.80183,1.28919,3.0
3208,1995-09-05,,,,1995,9,5,,-1.02799,0.65183,1.21723,3.0
3209,1995-09-06,,,,1995,9,6,,-1.04281,0.50529,1.15879,3.0
3210,1995-09-07,,,,1995,9,7,,-0.9405,0.32329,0.99451,3.0
3211,1995-09-08,,,,1995,9,8,,-0.8761,0.04594,0.8773,3.0
3212,1995-09-09,,,,1995,9,9,,-0.85295,-0.21816,0.88041,2.0
3213,1995-09-10,,,,1995,9,10,,-0.85128,-0.40608,0.94317,2.0
3214,1995-09-11,,,,1995,9,11,,-0.82854,-0.46236,0.94882,2.0
3215,1995-09-12,,,,1995,9,12,,-0.71598,-0.42676,0.83352,2.0
3216,1995-09-13,,,,1995,9,13,,-0.62594,-0.42525,0.75673,2.0
3217,1995-09-14,,,,1995,9,14,,-0.49183,-0.42453,0.6497,2.0
3218,1995-09-15,,,,1995,9,15,,-0.37288,-0.37688,0.53017,1.0
3219,1995-09-16,,,,1995,9,16,,-0.32014,-0.30048,0.43906,2.0
3220,1995-09-17,,,,1995,9,17,,-0.30024,-0.16065,0.34052,2.0
3221,1995-09-18,,,,1995,9,18,,-0.21861,-0.03534,0.22145,2.0
3222,1995-09-19,,,,1995,9,19,,-0.16564,0.07773,0.18297,3.0
3223,1995-09-20,,,,1995,9,20,,-0.07887,0.14675,0.1666,4.0
3224,1995-09-21,,,,1995,9,21,,-0.00049,0.1266,0.1266,4.0
3225,1995-09-22,,,,1995,9,22,,0.08693,0.1153,0.1444,5.0
3226,1995-09-23,,,,1995,9,23,,0.17582,0.07076,0.18952,6.0
3227,1995-09-24,,,,1995,9,24,,0.25355,0.00944,0.25373,6.0
3228,1995-09-25,,,,1995,9,25,,0.31072,0.00215,0.31072,6.0
3229,1995-09-26,,,,1995,9,26,,0.32247,-0.00163,0.32248,7.0
3230,1995-09-27,,,,1995,9,27,,0.24669,0.05411,0.25256,6.0
3231,1995-09-28,,,,1995,9,28,,0.27177,0.11348,0.29451,6.0
3232,1995-09-29,,,,1995,9,29,,0.31651,0.11915,0.33819,6.0
3233,1995-09-30,,,,1995,9,30,,0.25707,0.12857,0.28743,6.0
3234,1995-10-01,-0.34,0.599,0.075,1995,10,1,,0.1393,0.18205,0.22923,5.0
3235,1995-10-02,,,,1995,10,2,,0.0198,0.24935,0.25014,5.0
3236,1995-10-03,,,,1995,10,3,,-0.0031,0.27753,0.27755,4.0
3237,1995-10-04,,,,1995,10,4,,-0.05425,0.22456,0.23102,4.0
3238,1995-10-05,,,,1995,10,5,,-0.09764,0.12777,0.16081,4.0
3239,1995-10-06,,,,1995,10,6,,-0.16097,-0.01488,0.16166,2.0
3240,1995-10-07,,,,1995,10,7,,-0.18435,-0.1535,0.23988,2.0
3241,1995-10-08,,,,1995,10,8,,-0.18368,-0.29888,0.35081,1.0
3242,1995-10-09,,,,1995,10,9,,-0.0898,-0.48177,0.49007,1.0
3243,1995-10-10,,,,1995,10,10,,0.09948,-0.66857,0.67593,8.0
3244,1995-10-11,,,,1995,10,11,,0.22851,-0.78617,0.81871,8.0
3245,1995-10-12,,,,1995,10,12,,0.3109,-0.84343,0.8989,8.0
3246,1995-10-13,,,,1995,10,13,,0.4468,-0.86962,0.97769,8.0
3247,1995-10-14,,,,1995,10,14,,0.55982,-0.81226,0.9865,8.0
3248,1995-10-15,,,,1995,10,15,,0.72609,-0.68617,0.99902,7.0
3249,1995-10-16,,,,1995,10,16,,0.78566,-0.52967,0.94753,7.0
3250,1995-10-17,,,,1995,10,17,,0.81037,-0.42091,0.91316,7.0
3251,1995-10-18,,,,1995,10,18,,0.76457,-0.26619,0.80958,7.0
3252,1995-10-19,,,,1995,10,19,,0.68565,-0.10487,0.69362,7.0
3253,1995-10-20,,,,1995,10,20,,0.61416,-0.01026,0.61425,7.0
3254,1995-10-21,,,,1995,10,21,,0.52634,0.06116,0.52988,6.0
3255,1995-10-22,,,,1995,10,22,,0.39097,0.19772,0.43812,6.0
3256,1995-10-23,,,,1995,10,23,,0.33676,0.31102,0.45841,6.0
3257,1995-10-24,,,,1995,10,24,,0.26319,0.3874,0.46835,5.0
3258,1995-10-25,,,,1995,10,25,,0.27906,0.34687,0.44519,5.0
3259,1995-10-26,,,,1995,10,26,,0.26738,0.35338,0.44313,5.0
3260,1995-10-27,,,,1995,10,27,,0.28743,0.36331,0.46326,5.0
3261,1995-10-28,,,,1995,10,28,,0.33249,0.36254,0.49192,5.0
3262,1995-10-29,,,,1995,10,29,,0.38646,0.40362,0.5588,5.0
3263,1995-10-30,,,,1995,10,30,,0.43381,0.4566,0.62983,5.0
3264,1995-10-31,,,,1995,10,31,,0.42992,0.51821,0.67333,5.0
3265,1995-11-01,-0.02,0.102,-0.723,1995,11,1,,0.4187,0.5689,0.70637,5.0
3266,1995-11-02,,,,1995,11,2,,0.43865,0.59511,0.73931,5.0
3267,1995-11-03,,,,1995,11,3,,0.33362,0.71105,0.78543,5.0
3268,1995-11-04,,,,1995,11,4,,0.1727,0.75208,0.77166,5.0
3269,1995-11-05,,,,1995,11,5,,0.05502,0.71625,0.71836,5.0
3270,1995-11-06,,,,1995,11,6,,-0.04085,0.65793,0.6592,4.0
3271,1995-11-07,,,,1995,11,7,,-0.01378,0.65561,0.65575,4.0
3272,1995-11-08,,,,1995,11,8,,-0.02685,0.65906,0.6596,4.0
3273,1995-11-09,,,,1995,11,9,,-0.02949,0.60216,0.60289,4.0
3274,1995-11-10,,,,1995,11,10,,-0.08212,0.52123,0.52766,4.0
3275,1995-11-11,,,,1995,11,11,,-0.1529,0.51647,0.53862,4.0
3276,1995-11-12,,,,1995,11,12,,-0.15618,0.47192,0.49709,4.0
3277,1995-11-13,,,,1995,11,13,,-0.05624,0.45712,0.46057,4.0
3278,1995-11-14,,,,1995,11,14,,0.00203,0.55675,0.55675,5.0
3279,1995-11-15,,,,1995,11,15,,0.06446,0.73872,0.74153,5.0
3280,1995-11-16,,,,1995,11,16,,-0.03597,0.80133,0.80214,4.0
3281,1995-11-17,,,,1995,11,17,,-0.17746,0.8269,0.84572,4.0
3282,1995-11-18,,,,1995,11,18,,-0.27473,0.88495,0.92661,4.0
3283,1995-11-19,,,,1995,11,19,,-0.44304,0.83876,0.94858,4.0
3284,1995-11-20,,,,1995,11,20,,-0.65093,0.65877,0.92612,4.0
3285,1995-11-21,,,,1995,11,21,,-0.83291,0.38594,0.91798,3.0
3286,1995-11-22,,,,1995,11,22,,-0.99702,0.1605,1.00986,3.0
3287,1995-11-23,,,,1995,11,23,,-1.09595,-0.02252,1.09618,2.0
3288,1995-11-24,,,,1995,11,24,,-1.11944,-0.23905,1.14468,2.0
3289,1995-11-25,,,,1995,11,25,,-1.13655,-0.35372,1.19032,2.0
3290,1995-11-26,,,,1995,11,26,,-1.12481,-0.41892,1.20029,2.0
3291,1995-11-27,,,,1995,11,27,,-1.19905,-0.50675,1.30173,2.0
3292,1995-11-28,,,,1995,11,28,,-1.26146,-0.48411,1.35117,2.0
3293,1995-11-29,,,,1995,11,29,,-1.2981,-0.43724,1.36977,2.0
3294,1995-11-30,,,,1995,11,30,,-1.34938,-0.33471,1.39027,2.0
3295,1995-12-01,-0.72,0.364,-2.127,1995,12,1,,-1.35497,-0.30798,1.38953,2.0
3296,1995-12-02,,,,1995,12,2,,-1.38804,-0.29295,1.41861,2.0
3297,1995-12-03,,,,1995,12,3,,-1.38551,-0.21812,1.40257,2.0
3298,1995-12-04,,,,1995,12,4,,-1.36356,-0.16981,1.3741,2.0
3299,1995-12-05,,,,1995,12,5,,-1.31182,-0.16534,1.3222,2.0
3300,1995-12-06,,,,1995,12,6,,-1.28219,-0.21038,1.29933,2.0
3301,1995-12-07,,,,1995,12,7,,-1.30614,-0.31864,1.34444,2.0
3302,1995-12-08,,,,1995,12,8,,-1.37522,-0.40413,1.43337,2.0
3303,1995-12-09,,,,1995,12,9,,-1.42771,-0.51702,1.51845,2.0
3304,1995-12-10,,,,1995,12,10,,-1.42979,-0.60245,1.55153,2.0
3305,1995-12-11,,,,1995,12,11,,-1.37091,-0.76138,1.56815,2.0
3306,1995-12-12,,,,1995,12,12,,-1.30281,-0.9927,1.63791,2.0
3307,1995-12-13,,,,1995,12,13,,-1.19441,-1.17848,1.67792,2.0
3308,1995-12-14,,,,1995,12,14,,-1.11334,-1.22801,1.65757,1.0
3309,1995-12-15,,,,1995,12,15,,-0.9328,-1.20744,1.52578,1.0
3310,1995-12-16,,,,1995,12,16,,-0.76209,-1.18167,1.40611,1.0
3311,1995-12-17,,,,1995,12,17,,-0.57202,-1.18914,1.31957,1.0
3312,1995-12-18,,,,1995,12,18,,-0.36401,-1.16989,1.22521,1.0
3313,1995-12-19,,,,1995,12,19,,-0.24315,-1.14039,1.16603,1.0
3314,1995-12-20,,,,1995,12,20,,-0.16453,-1.00535,1.01872,1.0
3315,1995-12-21,,,,1995,12,21,,-0.12536,-0.80811,0.81777,1.0
3316,1995-12-22,,,,1995,12,22,,-0.06396,-0.66787,0.67092,1.0
3317,1995-12-23,,,,1995,12,23,,0.03304,-0.6031,0.604,8.0
3318,1995-12-24,,,,1995,12,24,,0.08643,-0.58395,0.59032,8.0
3319,1995-12-25,,,,1995,12,25,,0.19558,-0.49926,0.5362,8.0
3320,1995-12-26,,,,1995,12,26,,0.37194,-0.3664,0.52209,7.0
3321,1995-12-27,,,,1995,12,27,,0.52833,-0.23422,0.57792,7.0
3322,1995-12-28,,,,1995,12,28,,0.66582,-0.11133,0.67506,7.0
3323,1995-12-29,,,,1995,12,29,,0.78869,-0.07222,0.79199,7.0
3324,1995-12-30,,,,1995,12,30,,0.86011,-0.02404,0.86045,7.0
3325,1995-12-31,,,,1995,12,31,,0.91831,0.06058,0.92031,6.0
3326,1996-01-01,0.82,0.78,-1.2,1996,1,1,,0.89704,0.13183,0.90668,6.0
3327,1996-01-02,,,,1996,1,2,,0.87997,0.1565,0.89378,6.0
3328,1996-01-03,,,,1996,1,3,,0.82565,0.18386,0.84587,6.0
3329,1996-01-04,,,,1996,1,4,,0.74735,0.14695,0.76166,6.0
3330,1996-01-05,,,,1996,1,5,,0.72327,0.03151,0.72396,6.0
3331,1996-01-06,,,,1996,1,6,,0.71379,-0.12088,0.72396,7.0
3332,1996-01-07,,,,1996,1,7,,0.65979,-0.27996,0.71673,7.0
3333,1996-01-08,,,,1996,1,8,,0.63856,-0.4605,0.78729,7.0
3334,1996-01-09,,,,1996,1,9,,0.62878,-0.67503,0.92252,8.0
3335,1996-01-10,,,,1996,1,10,,0.64364,-0.89974,1.10626,8.0
3336,1996-01-11,,,,1996,1,11,,0.58229,-1.04086,1.19267,8.0
3337,1996-01-12,,,,1996,1,12,,0.58994,-1.108,1.25527,8.0
3338,1996-01-13,,,,1996,1,13,,0.63822,-1.02654,1.20876,8.0
3339,1996-01-14,,,,1996,1,14,,0.66305,-0.89474,1.11364,8.0
3340,1996-01-15,,,,1996,1,15,,0.69169,-0.71634,0.99578,8.0
3341,1996-01-16,,,,1996,1,16,,0.76716,-0.49218,0.91147,7.0
3342,1996-01-17,,,,1996,1,17,,0.83329,-0.20463,0.85805,7.0
3343,1996-01-18,,,,1996,1,18,,0.8933,0.10527,0.89948,6.0
3344,1996-01-19,,,,1996,1,19,,0.9996,0.48559,1.1113,6.0
3345,1996-01-20,,,,1996,1,20,,1.15334,0.83711,1.42511,6.0
3346,1996-01-21,,,,1996,1,21,,1.18337,1.15209,1.65157,6.0
3347,1996-01-22,,,,1996,1,22,,1.17559,1.3911,1.82131,5.0
3348,1996-01-23,,,,1996,1,23,,1.16497,1.60562,1.98373,5.0
3349,1996-01-24,,,,1996,1,24,,1.14491,1.75624,2.09647,5.0
3350,1996-01-25,,,,1996,1,25,,1.13784,1.88178,2.19904,5.0
3351,1996-01-26,,,,1996,1,26,,1.19851,1.91235,2.25688,5.0
3352,1996-01-27,,,,1996,1,27,,1.22642,1.92868,2.28559,5.0
3353,1996-01-28,,,,1996,1,28,,1.20739,1.9245,2.27189,5.0
3354,1996-01-29,,,,1996,1,29,,1.18136,1.88197,2.22203,5.0
3355,1996-01-30,,,,1996,1,30,,1.1449,1.75563,2.09596,5.0
3356,1996-01-31,,,,1996,1,31,,0.97284,1.61453,1.88497,5.0
3357,1996-02-01,-0.02,0.848,0.163,1996,2,1,,0.77313,1.53551,1.71916,5.0
3358,1996-02-02,,,,1996,2,2,,0.60032,1.46501,1.58323,5.0
3359,1996-02-03,,,,1996,2,3,,0.46135,1.37601,1.45129,5.0
3360,1996-02-04,,,,1996,2,4,,0.31997,1.31931,1.35756,5.0
3361,1996-02-05,,,,1996,2,5,,0.15826,1.21226,1.22255,5.0
3362,1996-02-06,,,,1996,2,6,,0.03214,1.05898,1.05947,5.0
3363,1996-02-07,,,,1996,2,7,,-0.07423,0.91235,0.91537,4.0
3364,1996-02-08,,,,1996,2,8,,-0.12421,0.79678,0.8064,4.0
3365,1996-02-09,,,,1996,2,9,,-0.0627,0.63526,0.63835,4.0
3366,1996-02-10,,,,1996,2,10,,-0.0278,0.4113,0.41224,4.0
3367,1996-02-11,,,,1996,2,11,,0.0378,0.19502,0.19865,5.0
3368,1996-02-12,,,,1996,2,12,,0.09424,-0.01198,0.095,7.0
3369,1996-02-13,,,,1996,2,13,,0.07907,-0.26556,0.27708,8.0
3370,1996-02-14,,,,1996,2,14,,0.00695,-0.51912,0.51917,8.0
3371,1996-02-15,,,,1996,2,15,,-0.12768,-0.72536,0.73651,1.0
3372,1996-02-16,,,,1996,2,16,,-0.25079,-0.84725,0.88359,1.0
3373,1996-02-17,,,,1996,2,17,,-0.36076,-0.86503,0.93725,1.0
3374,1996-02-18,,,,1996,2,18,,-0.45365,-0.78326,0.90515,1.0
3375,1996-02-19,,,,1996,2,19,,-0.51889,-0.65731,0.83744,1.0
3376,1996-02-20,,,,1996,2,20,,-0.62206,-0.5176,0.80924,2.0
3377,1996-02-21,,,,1996,2,21,,-0.78289,-0.40939,0.88347,2.0
3378,1996-02-22,,,,1996,2,22,,-0.92624,-0.33078,0.98353,2.0
3379,1996-02-23,,,,1996,2,23,,-1.03001,-0.29828,1.07233,2.0
3380,1996-02-24,,,,1996,2,24,,-1.09216,-0.36308,1.15093,2.0
3381,1996-02-25,,,,1996,2,25,,-1.16153,-0.50048,1.26477,2.0
3382,1996-02-26,,,,1996,2,26,,-1.25276,-0.71094,1.44043,2.0
3383,1996-02-27,,,,1996,2,27,,-1.43663,-0.94162,1.71772,2.0
3384,1996-02-28,,,,1996,2,28,,-1.61504,-1.09267,1.94995,2.0
3385,1996-02-29,,,,1996,2,29,,-1.7918,-1.15803,2.13344,2.0
3386,1996-03-01,0.53,0.932,-1.483,1996,3,1,,-1.95361,-1.19279,2.28896,2.0
3387,1996-03-02,,,,1996,3,2,,-2.10147,-1.21856,2.42921,2.0
3388,1996-03-03,,,,1996,3,3,,-2.22982,-1.19462,2.52966,2.0
3389,1996-03-04,,,,1996,3,4,,-2.3189,-1.08807,2.56148,2.0
3390,1996-03-05,,,,1996,3,5,,-2.32687,-0.9429,2.51066,2.0
3391,1996-03-06,,,,1996,3,6,,-2.2686,-0.73657,2.38518,2.0
3392,1996-03-07,,,,1996,3,7,,-2.05511,-0.58437,2.13658,2.0
3393,1996-03-08,,,,1996,3,8,,-1.74629,-0.58092,1.84038,2.0
3394,1996-03-09,,,,1996,3,9,,-1.42173,-0.71154,1.58985,2.0
3395,1996-03-10,,,,1996,3,10,,-1.10975,-0.91172,1.43623,2.0
3396,1996-03-11,,,,1996,3,11,,-0.81971,-1.10151,1.37305,1.0
3397,1996-03-12,,,,1996,3,12,,-0.5158,-1.31947,1.4167,1.0
3398,1996-03-13,,,,1996,3,13,,-0.14142,-1.52191,1.52847,1.0
3399,1996-03-14,,,,1996,3,14,,0.32266,-1.6608,1.69185,8.0
3400,1996-03-15,,,,1996,3,15,,0.85511,-1.69467,1.89819,8.0
3401,1996-03-16,,,,1996,3,16,,1.30325,-1.56086,2.03341,8.0
3402,1996-03-17,,,,1996,3,17,,1.50481,-1.39202,2.04992,7.0
3403,1996-03-18,,,,1996,3,18,,1.53842,-1.20686,1.95532,7.0
3404,1996-03-19,,,,1996,3,19,,1.54084,-1.02668,1.85156,7.0
3405,1996-03-20,,,,1996,3,20,,1.55061,-0.85021,1.76841,7.0
3406,1996-03-21,,,,1996,3,21,,1.57572,-0.66964,1.71211,7.0
3407,1996-03-22,,,,1996,3,22,,1.60833,-0.50779,1.68658,7.0
3408,1996-03-23,,,,1996,3,23,,1.70228,-0.3629,1.74053,7.0
3409,1996-03-24,,,,1996,3,24,,1.7647,-0.25666,1.78326,7.0
3410,1996-03-25,,,,1996,3,25,,1.83578,-0.1851,1.84509,7.0
3411,1996-03-26,,,,1996,3,26,,1.93468,-0.15561,1.94093,7.0
3412,1996-03-27,,,,1996,3,27,,2.02575,-0.1242,2.02955,7.0
3413,1996-03-28,,,,1996,3,28,,2.05472,0.02897,2.05492,6.0
3414,1996-03-29,,,,1996,3,29,,2.04123,0.2572,2.05737,6.0
3415,1996-03-30,,,,1996,3,30,,1.9265,0.52001,1.99545,6.0
3416,1996-03-31,,,,1996,3,31,,1.76722,0.74143,1.91645,6.0
3417,1996-04-01,0.91,1.29,-1.525,1996,4,1,,1.43992,0.94306,1.72126,6.0
3418,1996-04-02,,,,1996,4,2,,1.06103,1.12779,1.54845,5.0
3419,1996-04-03,,,,1996,4,3,,0.6615,1.25365,1.41747,5.0
3420,1996-04-04,,,,1996,4,4,,0.37487,1.34532,1.39658,5.0
3421,1996-04-05,,,,1996,4,5,,0.1126,1.29344,1.29833,5.0
3422,1996-04-06,,,,1996,4,6,,-0.14548,1.11182,1.1213,4.0
3423,1996-04-07,,,,1996,4,7,,-0.37554,0.8697,0.94731,4.0
3424,1996-04-08,,,,1996,4,8,,-0.53242,0.60795,0.80813,4.0
3425,1996-04-09,,,,1996,4,9,,-0.71486,0.36314,0.80181,3.0
3426,1996-04-10,,,,1996,4,10,,-0.87645,0.1244,0.88523,3.0
3427,1996-04-11,,,,1996,4,11,,-0.90146,-0.08259,0.90523,2.0
3428,1996-04-12,,,,1996,4,12,,-0.86929,-0.23539,0.9006,2.0
3429,1996-04-13,,,,1996,4,13,,-0.89422,-0.3317,0.95376,2.0
3430,1996-04-14,,,,1996,4,14,,-0.91187,-0.34761,0.97588,2.0
3431,1996-04-15,,,,1996,4,15,,-0.88443,-0.30075,0.93416,2.0
3432,1996-04-16,,,,1996,4,16,,-0.82523,-0.25489,0.8637,2.0
3433,1996-04-17,,,,1996,4,17,,-0.71441,-0.18997,0.73924,2.0
3434,1996-04-18,,,,1996,4,18,,-0.5926,-0.11753,0.60414,2.0
3435,1996-04-19,,,,1996,4,19,,-0.48415,0.00302,0.48416,3.0
3436,1996-04-20,,,,1996,4,20,,-0.4199,0.15608,0.44797,3.0
3437,1996-04-21,,,,1996,4,21,,-0.35335,0.27729,0.44916,3.0
3438,1996-04-22,,,,1996,4,22,,-0.26021,0.37209,0.45404,4.0
3439,1996-04-23,,,,1996,4,23,,-0.19149,0.44559,0.48499,4.0
3440,1996-04-24,,,,1996,4,24,,-0.15982,0.4584,0.48546,4.0
3441,1996-04-25,,,,1996,4,25,,-0.13259,0.45001,0.46914,4.0
3442,1996-04-26,,,,1996,4,26,,-0.13585,0.38299,0.40637,4.0
3443,1996-04-27,,,,1996,4,27,,-0.07937,0.32235,0.33197,4.0
3444,1996-04-28,,,,1996,4,28,,0.05885,0.27009,0.27642,5.0
3445,1996-04-29,,,,1996,4,29,,0.11755,0.28148,0.30504,5.0
3446,1996-04-30,,,,1996,4,30,,0.09196,0.33775,0.35005,5.0
3447,1996-05-01,0.46,1.986,-0.226,1996,5,1,,-0.07447,0.32965,0.33796,4.0
3448,1996-05-02,,,,1996,5,2,,-0.27006,0.28794,0.39477,4.0
3449,1996-05-03,,,,1996,5,3,,-0.50911,0.2481,0.56635,3.0
3450,1996-05-04,,,,1996,5,4,,-0.72983,0.18218,0.75223,3.0
3451,1996-05-05,,,,1996,5,5,,-0.95189,0.09685,0.95681,3.0
3452,1996-05-06,,,,1996,5,6,,-1.22602,-0.0219,1.22622,2.0
3453,1996-05-07,,,,1996,5,7,,-1.5449,-0.16257,1.55343,2.0
3454,1996-05-08,,,,1996,5,8,,-1.74314,-0.36642,1.78124,2.0
3455,1996-05-09,,,,1996,5,9,,-1.90753,-0.56583,1.98969,2.0
3456,1996-05-10,,,,1996,5,10,,-1.97406,-0.68555,2.08971,2.0
3457,1996-05-11,,,,1996,5,11,,-1.96944,-0.72491,2.09862,2.0
3458,1996-05-12,,,,1996,5,12,,-1.92576,-0.76775,2.07316,2.0
3459,1996-05-13,,,,1996,5,13,,-1.88254,-0.86208,2.07054,2.0
3460,1996-05-14,,,,1996,5,14,,-1.81779,-0.94211,2.04742,2.0
3461,1996-05-15,,,,1996,5,15,,-1.62552,-1.00342,1.91028,2.0
3462,1996-05-16,,,,1996,5,16,,-1.34732,-1.02126,1.69063,2.0
3463,1996-05-17,,,,1996,5,17,,-1.05906,-0.96939,1.43573,2.0
3464,1996-05-18,,,,1996,5,18,,-0.73925,-0.85982,1.13392,1.0
3465,1996-05-19,,,,1996,5,19,,-0.44671,-0.74403,0.86784,1.0
3466,1996-05-20,,,,1996,5,20,,-0.24001,-0.73203,0.77037,1.0
3467,1996-05-21,,,,1996,5,21,,-0.06986,-0.7252,0.72856,1.0
3468,1996-05-22,,,,1996,5,22,,0.04511,-0.65556,0.65711,8.0
3469,1996-05-23,,,,1996,5,23,,0.24838,-0.54685,0.60061,8.0
3470,1996-05-24,,,,1996,5,24,,0.44806,-0.50022,0.67155,8.0
3471,1996-05-25,,,,1996,5,25,,0.59523,-0.53664,0.80142,7.0
3472,1996-05-26,,,,1996,5,26,,0.71206,-0.66716,0.97578,7.0
3473,1996-05-27,,,,1996,5,27,,0.81303,-0.86758,1.189,8.0
3474,1996-05-28,,,,1996,5,28,,0.98361,-1.05682,1.44373,8.0
3475,1996-05-29,,,,1996,5,29,,1.22947,-1.07477,1.63301,7.0
3476,1996-05-30,,,,1996,5,30,,1.53226,-0.93964,1.79742,7.0
3477,1996-05-31,,,,1996,5,31,,1.86477,-0.79699,2.02794,7.0
3478,1996-06-01,1.6,1.1,0.497,1996,6,1,,2.07963,-0.58459,2.16023,7.0
3479,1996-06-02,,,,1996,6,2,,2.19718,-0.35464,2.22561,7.0
3480,1996-06-03,,,,1996,6,3,,2.27192,-0.10243,2.27423,7.0
3481,1996-06-04,,,,1996,6,4,,2.33774,0.28154,2.35463,6.0
3482,1996-06-05,,,,1996,6,5,,2.35749,0.71582,2.46377,6.0
3483,1996-06-06,,,,1996,6,6,,2.26982,1.12034,2.53125,6.0
3484,1996-06-07,,,,1996,6,7,,2.13763,1.40119,2.55593,6.0
3485,1996-06-08,,,,1996,6,8,,1.95586,1.56715,2.50626,6.0
3486,1996-06-09,,,,1996,6,9,,1.73377,1.73468,2.45256,5.0
3487,1996-06-10,,,,1996,6,10,,1.52386,1.7926,2.35278,5.0
3488,1996-06-11,,,,1996,6,11,,1.30848,1.83301,2.25212,5.0
3489,1996-06-12,,,,1996,6,12,,1.08428,1.88807,2.17727,5.0
3490,1996-06-13,,,,1996,6,13,,0.8401,1.87181,2.05169,5.0
3491,1996-06-14,,,,1996,6,14,,0.54563,1.80837,1.88889,5.0
3492,1996-06-15,,,,1996,6,15,,0.25551,1.67161,1.69103,5.0
3493,1996-06-16,,,,1996,6,16,,-0.00204,1.48579,1.48579,4.0
3494,1996-06-17,,,,1996,6,17,,-0.19791,1.21684,1.23282,4.0
3495,1996-06-18,,,,1996,6,18,,-0.38246,0.92634,1.00219,4.0
3496,1996-06-19,,,,1996,6,19,,-0.56817,0.66043,0.8712,4.0
3497,1996-06-20,,,,1996,6,20,,-0.68769,0.45243,0.82317,3.0
3498,1996-06-21,,,,1996,6,21,,-0.76196,0.20845,0.78996,3.0
3499,1996-06-22,,,,1996,6,22,,-0.84308,-0.15301,0.85685,2.0
3500,1996-06-23,,,,1996,6,23,,-0.81051,-0.51562,0.96062,2.0
3501,1996-06-24,,,,1996,6,24,,-0.74557,-0.75976,1.06448,1.0
3502,1996-06-25,,,,1996,6,25,,-0.61781,-0.83497,1.03869,1.0
3503,1996-06-26,,,,1996,6,26,,-0.3864,-0.90616,0.98511,1.0
3504,1996-06-27,,,,1996,6,27,,-0.12957,-1.08864,1.09632,1.0
3505,1996-06-28,,,,1996,6,28,,0.16748,-1.18687,1.19863,8.0
3506,1996-06-29,,,,1996,6,29,,0.42365,-1.22335,1.29463,8.0
3507,1996-06-30,,,,1996,6,30,,0.65888,-1.15755,1.33193,8.0
3508,1996-07-01,0.7,0.517,0.715,1996,7,1,,0.9239,-0.93014,1.31101,8.0
3509,1996-07-02,,,,1996,7,2,,1.11596,-0.66112,1.29709,7.0
3510,1996-07-03,,,,1996,7,3,,1.23571,-0.44344,1.31286,7.0
3511,1996-07-04,,,,1996,7,4,,1.29765,-0.33502,1.3402,7.0
3512,1996-07-05,,,,1996,7,5,,1.22142,-0.18957,1.23604,7.0
3513,1996-07-06,,,,1996,7,6,,1.09465,0.1301,1.10235,6.0
3514,1996-07-07,,,,1996,7,7,,0.95968,0.39778,1.03886,6.0
3515,1996-07-08,,,,1996,7,8,,0.87034,0.59301,1.05317,6.0
3516,1996-07-09,,,,1996,7,9,,0.78879,0.71868,1.06709,6.0
3517,1996-07-10,,,,1996,7,10,,0.62858,0.7726,0.996,5.0
3518,1996-07-11,,,,1996,7,11,,0.43366,0.83605,0.94183,5.0
3519,1996-07-12,,,,1996,7,12,,0.24957,0.89341,0.92761,5.0
3520,1996-07-13,,,,1996,7,13,,0.01089,0.91873,0.9188,5.0
3521,1996-07-14,,,,1996,7,14,,-0.22487,0.94663,0.97297,4.0
3522,1996-07-15,,,,1996,7,15,,-0.45205,0.89201,1.00001,4.0
3523,1996-07-16,,,,1996,7,16,,-0.68164,0.84318,1.08424,4.0
3524,1996-07-17,,,,1996,7,17,,-0.97256,0.78372,1.24904,3.0
3525,1996-07-18,,,,1996,7,18,,-1.17833,0.72615,1.38411,3.0
3526,1996-07-19,,,,1996,7,19,,-1.32276,0.64406,1.47123,3.0
3527,1996-07-20,,,,1996,7,20,,-1.46387,0.47151,1.53793,3.0
3528,1996-07-21,,,,1996,7,21,,-1.52341,0.27518,1.54806,3.0
3529,1996-07-22,,,,1996,7,22,,-1.47815,0.11111,1.48232,3.0
3530,1996-07-23,,,,1996,7,23,,-1.41177,-0.07044,1.41352,2.0
3531,1996-07-24,,,,1996,7,24,,-1.31573,-0.25129,1.33951,2.0
3532,1996-07-25,,,,1996,7,25,,-1.21826,-0.41868,1.2882,2.0
3533,1996-07-26,,,,1996,7,26,,-1.01122,-0.54367,1.14811,2.0
3534,1996-07-27,,,,1996,7,27,,-0.78505,-0.64126,1.01366,2.0
3535,1996-07-28,,,,1996,7,28,,-0.65921,-0.70759,0.96708,1.0
3536,1996-07-29,,,,1996,7,29,,-0.57181,-0.7176,0.91756,1.0
3537,1996-07-30,,,,1996,7,30,,-0.51166,-0.66981,0.84288,1.0
3538,1996-07-31,,,,1996,7,31,,-0.45745,-0.62333,0.77318,1.0
3539,1996-08-01,0.33,0.078,0.125,1996,8,1,,-0.31469,-0.57419,0.65478,1.0
3540,1996-08-02,,,,1996,8,2,,-0.17467,-0.54702,0.57423,1.0
3541,1996-08-03,,,,1996,8,3,,0.01294,-0.53548,0.53564,8.0
3542,1996-08-04,,,,1996,8,4,,0.16694,-0.57978,0.60334,8.0
3543,1996-08-05,,,,1996,8,5,,0.26562,-0.5997,0.65589,8.0
3544,1996-08-06,,,,1996,8,6,,0.43195,-0.57418,0.71852,8.0
3545,1996-08-07,,,,1996,8,7,,0.58551,-0.55769,0.80861,7.0
3546,1996-08-08,,,,1996,8,8,,0.75948,-0.52631,0.92402,7.0
3547,1996-08-09,,,,1996,8,9,,0.93356,-0.53989,1.07843,7.0
3548,1996-08-10,,,,1996,8,10,,0.99427,-0.52343,1.12364,7.0
3549,1996-08-11,,,,1996,8,11,,1.03748,-0.48232,1.14412,7.0
3550,1996-08-12,,,,1996,8,12,,1.14407,-0.39201,1.20937,7.0
3551,1996-08-13,,,,1996,8,13,,1.12838,-0.20949,1.14766,7.0
3552,1996-08-14,,,,1996,8,14,,1.01663,-0.02593,1.01696,7.0
3553,1996-08-15,,,,1996,8,15,,0.94566,0.14474,0.95668,6.0
3554,1996-08-16,,,,1996,8,16,,0.93102,0.31301,0.98223,6.0
3555,1996-08-17,,,,1996,8,17,,0.90218,0.45268,1.00938,6.0
3556,1996-08-18,,,,1996,8,18,,0.80121,0.60716,1.00528,6.0
3557,1996-08-19,,,,1996,8,19,,0.69746,0.76847,1.03779,5.0
3558,1996-08-20,,,,1996,8,20,,0.59683,0.90301,1.08242,5.0
3559,1996-08-21,,,,1996,8,21,,0.41336,0.99715,1.07943,5.0
3560,1996-08-22,,,,1996,8,22,,0.38493,1.04799,1.11645,5.0
3561,1996-08-23,,,,1996,8,23,,0.44978,1.05021,1.14247,5.0
3562,1996-08-24,,,,1996,8,24,,0.54873,1.00759,1.14732,5.0
3563,1996-08-25,,,,1996,8,25,,0.63725,0.97257,1.16275,5.0
3564,1996-08-26,,,,1996,8,26,,0.64041,0.9433,1.14015,5.0
3565,1996-08-27,,,,1996,8,27,,0.62913,0.96733,1.15392,5.0
3566,1996-08-28,,,,1996,8,28,,0.59662,0.92929,1.10433,5.0
3567,1996-08-29,,,,1996,8,29,,0.4938,0.9155,1.04018,5.0
3568,1996-08-30,,,,1996,8,30,,0.35944,0.89442,0.96394,5.0
3569,1996-08-31,,,,1996,8,31,,0.1971,0.86095,0.88323,5.0
3570,1996-09-01,0.66,0.478,-1.14,1996,9,1,,0.02916,0.86801,0.8685,5.0
3571,1996-09-02,,,,1996,9,2,,-0.29919,0.86493,0.91522,4.0
3572,1996-09-03,,,,1996,9,3,,-0.62542,0.89069,1.08834,4.0
3573,1996-09-04,,,,1996,9,4,,-0.81197,0.92818,1.23322,4.0
3574,1996-09-05,,,,1996,9,5,,-0.97404,0.85626,1.29689,3.0
3575,1996-09-06,,,,1996,9,6,,-1.11856,0.7965,1.37317,3.0
3576,1996-09-07,,,,1996,9,7,,-1.20791,0.74292,1.41809,3.0
3577,1996-09-08,,,,1996,9,8,,-1.3135,0.67714,1.47776,3.0
3578,1996-09-09,,,,1996,9,9,,-1.43572,0.5435,1.53515,3.0
3579,1996-09-10,,,,1996,9,10,,-1.52011,0.36303,1.56286,3.0
3580,1996-09-11,,,,1996,9,11,,-1.36901,0.18424,1.38135,3.0
3581,1996-09-12,,,,1996,9,12,,-1.19943,0.01054,1.19948,3.0
3582,1996-09-13,,,,1996,9,13,,-1.08172,-0.14867,1.09189,2.0
3583,1996-09-14,,,,1996,9,14,,-0.90215,-0.25409,0.93725,2.0
3584,1996-09-15,,,,1996,9,15,,-0.70438,-0.32949,0.77763,2.0
3585,1996-09-16,,,,1996,9,16,,-0.5669,-0.42235,0.70693,2.0
3586,1996-09-17,,,,1996,9,17,,-0.38859,-0.47488,0.61361,1.0
3587,1996-09-18,,,,1996,9,18,,-0.20767,-0.48522,0.52779,1.0
3588,1996-09-19,,,,1996,9,19,,-0.09482,-0.49004,0.49912,1.0
3589,1996-09-20,,,,1996,9,20,,-0.10541,-0.4853,0.49662,1.0
3590,1996-09-21,,,,1996,9,21,,-0.11334,-0.48297,0.49609,1.0
3591,1996-09-22,,,,1996,9,22,,-0.14468,-0.45198,0.47457,1.0
3592,1996-09-23,,,,1996,9,23,,-0.16859,-0.38481,0.42012,1.0
3593,1996-09-24,,,,1996,9,24,,-0.12264,-0.3432,0.36446,1.0
3594,1996-09-25,,,,1996,9,25,,-0.00511,-0.23613,0.23619,1.0
3595,1996-09-26,,,,1996,9,26,,0.04921,-0.20238,0.20828,8.0
3596,1996-09-27,,,,1996,9,27,,0.13651,-0.13958,0.19524,8.0
3597,1996-09-28,,,,1996,9,28,,0.31795,-0.01617,0.31836,7.0
3598,1996-09-29,,,,1996,9,29,,0.47863,0.03485,0.47989,6.0
3599,1996-09-30,,,,1996,9,30,,0.5814,0.09378,0.58892,6.0
3600,1996-10-01,0.26,0.483,0.183,1996,10,1,,0.75354,0.05872,0.75582,6.0
3601,1996-10-02,,,,1996,10,2,,0.80022,-0.06109,0.80255,7.0
3602,1996-10-03,,,,1996,10,3,,0.75066,-0.12869,0.76161,7.0
3603,1996-10-04,,,,1996,10,4,,0.71073,-0.19112,0.73598,7.0
3604,1996-10-05,,,,1996,10,5,,0.74112,-0.25234,0.7829,7.0
3605,1996-10-06,,,,1996,10,6,,0.67008,-0.315,0.74043,7.0
3606,1996-10-07,,,,1996,10,7,,0.55517,-0.38906,0.67792,7.0
3607,1996-10-08,,,,1996,10,8,,0.51292,-0.32543,0.60745,7.0
3608,1996-10-09,,,,1996,10,9,,0.51731,-0.224,0.56372,7.0
3609,1996-10-10,,,,1996,10,10,,0.45554,-0.15795,0.48214,7.0
3610,1996-10-11,,,,1996,10,11,,0.4046,-0.03762,0.40634,7.0
3611,1996-10-12,,,,1996,10,12,,0.38956,0.03441,0.39108,6.0
3612,1996-10-13,,,,1996,10,13,,0.35353,0.09103,0.36506,6.0
3613,1996-10-14,,,,1996,10,14,,0.23503,0.19348,0.30443,6.0
3614,1996-10-15,,,,1996,10,15,,0.15153,0.29314,0.32999,5.0
3615,1996-10-16,,,,1996,10,16,,0.0086,0.38725,0.38734,5.0
3616,1996-10-17,,,,1996,10,17,,-0.17134,0.44931,0.48087,4.0
3617,1996-10-18,,,,1996,10,18,,-0.32376,0.55051,0.63866,4.0
3618,1996-10-19,,,,1996,10,19,,-0.48119,0.6692,0.82424,4.0
3619,1996-10-20,,,,1996,10,20,,-0.61432,0.78449,0.9964,4.0
3620,1996-10-21,,,,1996,10,21,,-0.81701,0.87172,1.19474,4.0
3621,1996-10-22,,,,1996,10,22,,-1.02677,0.92601,1.38266,3.0
3622,1996-10-23,,,,1996,10,23,,-1.15709,0.88818,1.45867,3.0
3623,1996-10-24,,,,1996,10,24,,-1.26451,0.78897,1.49045,3.0
3624,1996-10-25,,,,1996,10,25,,-1.32988,0.63108,1.47203,3.0
3625,1996-10-26,,,,1996,10,26,,-1.38374,0.53079,1.48206,3.0
3626,1996-10-27,,,,1996,10,27,,-1.43473,0.44336,1.50168,3.0
3627,1996-10-28,,,,1996,10,28,,-1.52714,0.33061,1.56251,3.0
3628,1996-10-29,,,,1996,10,29,,-1.61379,0.18769,1.62467,3.0
3629,1996-10-30,,,,1996,10,30,,-1.70659,0.07826,1.70839,3.0
3630,1996-10-31,,,,1996,10,31,,-1.78314,-0.01436,1.7832,2.0
3631,1996-11-01,-0.21,0.562,0.136,1996,11,1,,-1.85963,-0.06647,1.86082,2.0
3632,1996-11-02,,,,1996,11,2,,-1.92487,-0.10711,1.92785,2.0
3633,1996-11-03,,,,1996,11,3,,-1.95289,-0.16103,1.95952,2.0
3634,1996-11-04,,,,1996,11,4,,-1.9877,-0.35978,2.02,2.0
3635,1996-11-05,,,,1996,11,5,,-2.04393,-0.65135,2.14521,2.0
3636,1996-11-06,,,,1996,11,6,,-1.96571,-0.87474,2.15156,2.0
3637,1996-11-07,,,,1996,11,7,,-1.82948,-1.05092,2.10984,2.0
3638,1996-11-08,,,,1996,11,8,,-1.57853,-1.20483,1.98579,2.0
3639,1996-11-09,,,,1996,11,9,,-1.2998,-1.3869,1.90078,1.0
3640,1996-11-10,,,,1996,11,10,,-1.03014,-1.59645,1.89996,1.0
3641,1996-11-11,,,,1996,11,11,,-0.86515,-1.72154,1.92671,1.0
3642,1996-11-12,,,,1996,11,12,,-0.65506,-1.83748,1.95075,1.0
3643,1996-11-13,,,,1996,11,13,,-0.42321,-1.84711,1.89497,1.0
3644,1996-11-14,,,,1996,11,14,,-0.18092,-1.77414,1.78334,1.0
3645,1996-11-15,,,,1996,11,15,,-0.04072,-1.72946,1.72994,1.0
3646,1996-11-16,,,,1996,11,16,,0.10411,-1.68555,1.68876,8.0
3647,1996-11-17,,,,1996,11,17,,0.22276,-1.59418,1.60967,8.0
3648,1996-11-18,,,,1996,11,18,,0.37347,-1.42877,1.47678,8.0
3649,1996-11-19,,,,1996,11,19,,0.60546,-1.2404,1.38028,8.0
3650,1996-11-20,,,,1996,11,20,,0.91957,-0.91663,1.29839,7.0
3651,1996-11-21,,,,1996,11,21,,1.11624,-0.49495,1.22105,7.0
3652,1996-11-22,,,,1996,11,22,,1.1964,-0.20564,1.21394,7.0
3653,1996-11-23,,,,1996,11,23,,1.28729,-0.09986,1.29116,7.0
3654,1996-11-24,,,,1996,11,24,,1.38081,-0.10293,1.38464,7.0
3655,1996-11-25,,,,1996,11,25,,1.43142,-0.09255,1.43441,7.0
3656,1996-11-26,,,,1996,11,26,,1.4654,-0.06564,1.46687,7.0
3657,1996-11-27,,,,1996,11,27,,1.56028,-0.08078,1.56237,7.0
3658,1996-11-28,,,,1996,11,28,,1.58474,0.04474,1.58538,6.0
3659,1996-11-29,,,,1996,11,29,,1.5511,0.13363,1.55685,6.0
3660,1996-11-30,,,,1996,11,30,,1.48025,0.24497,1.50038,6.0
3661,1996-12-01,0.71,0.102,-1.721,1996,12,1,,1.52256,0.40151,1.57461,6.0
3662,1996-12-02,,,,1996,12,2,,1.61014,0.58984,1.71478,6.0
3663,1996-12-03,,,,1996,12,3,,1.72524,0.78022,1.89346,6.0
3664,1996-12-04,,,,1996,12,4,,1.77599,0.91663,1.99859,6.0
3665,1996-12-05,,,,1996,12,5,,1.80628,0.96398,2.04741,6.0
3666,1996-12-06,,,,1996,12,6,,1.79587,1.05809,2.0844,6.0
3667,1996-12-07,,,,1996,12,7,,1.73264,1.05877,2.03053,6.0
3668,1996-12-08,,,,1996,12,8,,1.67736,1.11311,2.01309,6.0
3669,1996-12-09,,,,1996,12,9,,1.58365,1.13273,1.94706,6.0
3670,1996-12-10,,,,1996,12,10,,1.32751,1.17691,1.77409,6.0
3671,1996-12-11,,,,1996,12,11,,0.98014,1.22366,1.56781,5.0
3672,1996-12-12,,,,1996,12,12,,0.62136,1.29923,1.44017,5.0
3673,1996-12-13,,,,1996,12,13,,0.26317,1.36189,1.38709,5.0
3674,1996-12-14,,,,1996,12,14,,-0.12357,1.40217,1.4076,4.0
3675,1996-12-15,,,,1996,12,15,,-0.54203,1.37685,1.4797,4.0
3676,1996-12-16,,,,1996,12,16,,-0.9521,1.31579,1.62413,4.0
3677,1996-12-17,,,,1996,12,17,,-1.33239,1.20498,1.79646,3.0
3678,1996-12-18,,,,1996,12,18,,-1.70688,1.05157,2.0048,3.0
3679,1996-12-19,,,,1996,12,19,,-2.01741,0.83666,2.18402,3.0
3680,1996-12-20,,,,1996,12,20,,-2.22278,0.51876,2.28251,3.0
3681,1996-12-21,,,,1996,12,21,,-2.38466,0.19984,2.39302,3.0
3682,1996-12-22,,,,1996,12,22,,-2.49845,-0.121,2.50137,2.0
3683,1996-12-23,,,,1996,12,23,,-2.52064,-0.41579,2.5547,2.0
3684,1996-12-24,,,,1996,12,24,,-2.35861,-0.71581,2.46484,2.0
3685,1996-12-25,,,,1996,12,25,,-2.11773,-0.98528,2.33571,2.0
3686,1996-12-26,,,,1996,12,26,,-1.93338,-1.2423,2.2981,2.0
3687,1996-12-27,,,,1996,12,27,,-1.72335,-1.52918,2.30398,2.0
3688,1996-12-28,,,,1996,12,28,,-1.4995,-1.73381,2.2923,1.0
3689,1996-12-29,,,,1996,12,29,,-1.28371,-1.81663,2.22442,1.0
3690,1996-12-30,,,,1996,12,30,,-1.06181,-1.86013,2.14185,1.0
3691,1996-12-31,,,,1996,12,31,,-0.84647,-1.8704,2.05302,1.0
3692,1997-01-01,0.29,0.611,-0.457,1997,1,1,,-0.65394,-1.91348,2.02214,1.0
3693,1997-01-02,,,,1997,1,2,,-0.58025,-1.90942,1.99564,1.0
3694,1997-01-03,,,,1997,1,3,,-0.56176,-1.92707,2.00728,1.0
3695,1997-01-04,,,,1997,1,4,,-0.48302,-1.97477,2.03298,1.0
3696,1997-01-05,,,,1997,1,5,,-0.41141,-1.9718,2.01426,1.0
3697,1997-01-06,,,,1997,1,6,,-0.27925,-1.9848,2.00435,1.0
3698,1997-01-07,,,,1997,1,7,,-0.12451,-1.97007,1.974,1.0
3699,1997-01-08,,,,1997,1,8,,0.04573,-1.9388,1.93934,8.0
3700,1997-01-09,,,,1997,1,9,,0.20063,-1.91824,1.9287,8.0
3701,1997-01-10,,,,1997,1,10,,0.38631,-1.80579,1.84665,8.0
3702,1997-01-11,,,,1997,1,11,,0.52023,-1.65331,1.73323,8.0
3703,1997-01-12,,,,1997,1,12,,0.64581,-1.50207,1.63502,8.0
3704,1997-01-13,,,,1997,1,13,,0.75041,-1.28897,1.4915,8.0
3705,1997-01-14,,,,1997,1,14,,0.85295,-1.00518,1.3183,8.0
3706,1997-01-15,,,,1997,1,15,,0.87223,-0.66189,1.09493,7.0
3707,1997-01-16,,,,1997,1,16,,0.85347,-0.30387,0.90595,7.0
3708,1997-01-17,,,,1997,1,17,,0.84683,-0.02408,0.84717,7.0
3709,1997-01-18,,,,1997,1,18,,0.85852,0.26071,0.89723,6.0
3710,1997-01-19,,,,1997,1,19,,0.87698,0.45524,0.9881,6.0
3711,1997-01-20,,,,1997,1,20,,0.9067,0.62341,1.10034,6.0
3712,1997-01-21,,,,1997,1,21,,0.9522,0.78946,1.2369,6.0
3713,1997-01-22,,,,1997,1,22,,0.98684,0.94269,1.36474,6.0
3714,1997-01-23,,,,1997,1,23,,1.06104,1.04416,1.48865,6.0
3715,1997-01-24,,,,1997,1,24,,1.20655,1.02834,1.58532,6.0
3716,1997-01-25,,,,1997,1,25,,1.348,1.00148,1.6793,6.0
3717,1997-01-26,,,,1997,1,26,,1.42915,1.02282,1.75745,6.0
3718,1997-01-27,,,,1997,1,27,,1.46328,1.02355,1.78573,6.0
3719,1997-01-28,,,,1997,1,28,,1.48394,0.93951,1.75635,6.0
3720,1997-01-29,,,,1997,1,29,,1.48348,0.90114,1.73573,6.0
3721,1997-01-30,,,,1997,1,30,,1.4918,0.90273,1.74367,6.0
3722,1997-01-31,,,,1997,1,31,,1.4893,0.85833,1.71894,6.0
3723,1997-02-01,1.21,0.533,1.889,1997,2,1,,1.40709,0.80365,1.62042,6.0
3724,1997-02-02,,,,1997,2,2,,1.19599,0.84724,1.46568,6.0
3725,1997-02-03,,,,1997,2,3,,1.03501,0.94879,1.40408,6.0
3726,1997-02-04,,,,1997,2,4,,0.94112,1.04761,1.40826,5.0
3727,1997-02-05,,,,1997,2,5,,0.88346,1.15502,1.45415,5.0
3728,1997-02-06,,,,1997,2,6,,0.7819,1.30443,1.52083,5.0
3729,1997-02-07,,,,1997,2,7,,0.67973,1.37446,1.53335,5.0
3730,1997-02-08,,,,1997,2,8,,0.56469,1.43095,1.53834,5.0
3731,1997-02-09,,,,1997,2,9,,0.42973,1.50056,1.56088,5.0
3732,1997-02-10,,,,1997,2,10,,0.3799,1.60819,1.65245,5.0
3733,1997-02-11,,,,1997,2,11,,0.4583,1.74977,1.80879,5.0
3734,1997-02-12,,,,1997,2,12,,0.50384,1.80943,1.87827,5.0
3735,1997-02-13,,,,1997,2,13,,0.4968,1.84542,1.91112,5.0
3736,1997-02-14,,,,1997,2,14,,0.41796,1.90892,1.95414,5.0
3737,1997-02-15,,,,1997,2,15,,0.33797,1.99648,2.02488,5.0
3738,1997-02-16,,,,1997,2,16,,0.26661,2.12562,2.14228,5.0
3739,1997-02-17,,,,1997,2,17,,0.24628,2.23161,2.24515,5.0
3740,1997-02-18,,,,1997,2,18,,0.22235,2.27416,2.285,5.0
3741,1997-02-19,,,,1997,2,19,,0.06389,2.28122,2.28211,5.0
3742,1997-02-20,,,,1997,2,20,,-0.2127,2.24685,2.25689,4.0
3743,1997-02-21,,,,1997,2,21,,-0.56505,2.15348,2.22638,4.0
3744,1997-02-22,,,,1997,2,22,,-0.97661,1.92629,2.15971,4.0
3745,1997-02-23,,,,1997,2,23,,-1.43781,1.47683,2.06114,4.0
3746,1997-02-24,,,,1997,2,24,,-1.8675,0.84453,2.04958,3.0
3747,1997-02-25,,,,1997,2,25,,-2.10748,0.16193,2.1137,3.0
3748,1997-02-26,,,,1997,2,26,,-2.24241,-0.49735,2.2969,2.0
3749,1997-02-27,,,,1997,2,27,,-2.33016,-1.02078,2.54394,2.0
3750,1997-02-28,,,,1997,2,28,,-2.36033,-1.44649,2.7683,2.0
3751,1997-03-01,-1.09,0.604,1.091,1997,3,1,,-2.41247,-1.69446,2.94808,2.0
3752,1997-03-02,,,,1997,3,2,,-2.42778,-1.93973,3.10752,2.0
3753,1997-03-03,,,,1997,3,3,,-2.49789,-2.06869,3.24329,2.0
3754,1997-03-04,,,,1997,3,4,,-2.56332,-2.10192,3.31492,2.0
3755,1997-03-05,,,,1997,3,5,,-2.59083,-2.04615,3.30138,2.0
3756,1997-03-06,,,,1997,3,6,,-2.66816,-1.93863,3.29808,2.0
3757,1997-03-07,,,,1997,3,7,,-2.72597,-1.81449,3.27465,2.0
3758,1997-03-08,,,,1997,3,8,,-2.75088,-1.79938,3.28711,2.0
3759,1997-03-09,,,,1997,3,9,,-2.78774,-1.85346,3.34765,2.0
3760,1997-03-10,,,,1997,3,10,,-2.87758,-1.93229,3.46615,2.0
3761,1997-03-11,,,,1997,3,11,,-2.92028,-2.04903,3.56743,2.0
3762,1997-03-12,,,,1997,3,12,,-2.83401,-2.28396,3.63979,2.0
3763,1997-03-13,,,,1997,3,13,,-2.61911,-2.56746,3.66764,2.0
3764,1997-03-14,,,,1997,3,14,,-2.25393,-2.93052,3.69705,1.0
3765,1997-03-15,,,,1997,3,15,,-1.69242,-3.32423,3.73025,1.0
3766,1997-03-16,,,,1997,3,16,,-1.04845,-3.59226,3.74214,1.0
3767,1997-03-17,,,,1997,3,17,,-0.47711,-3.66171,3.69267,1.0
3768,1997-03-18,,,,1997,3,18,,0.02383,-3.60054,3.60062,8.0
3769,1997-03-19,,,,1997,3,19,,0.44419,-3.54061,3.56836,8.0
3770,1997-03-20,,,,1997,3,20,,0.77255,-3.43631,3.52208,8.0
3771,1997-03-21,,,,1997,3,21,,1.06084,-3.33586,3.50048,8.0
3772,1997-03-22,,,,1997,3,22,,1.30196,-3.28434,3.53298,8.0
3773,1997-03-23,,,,1997,3,23,,1.58418,-3.29012,3.65165,8.0
3774,1997-03-24,,,,1997,3,24,,1.92843,-3.29021,3.8137,8.0
3775,1997-03-25,,,,1997,3,25,,2.29002,-3.26248,3.98597,8.0
3776,1997-03-26,,,,1997,3,26,,2.59455,-3.11366,4.05297,8.0
3777,1997-03-27,,,,1997,3,27,,2.80599,-2.83971,3.99218,8.0
3778,1997-03-28,,,,1997,3,28,,2.98034,-2.51928,3.90246,7.0
3779,1997-03-29,,,,1997,3,29,,3.00785,-2.21486,3.73534,7.0
3780,1997-03-30,,,,1997,3,30,,2.88967,-1.82659,3.41857,7.0
3781,1997-03-31,,,,1997,3,31,,2.83566,-1.41125,3.16743,7.0
3782,1997-04-01,-1.55,0.849,0.324,1997,4,1,,2.75102,-0.99571,2.92568,7.0
3783,1997-04-02,,,,1997,4,2,,2.64829,-0.52406,2.69965,7.0
3784,1997-04-03,,,,1997,4,3,,2.46321,-0.04311,2.46359,7.0
3785,1997-04-04,,,,1997,4,4,,2.17493,0.36566,2.20545,6.0
3786,1997-04-05,,,,1997,4,5,,1.82856,0.74274,1.97365,6.0
3787,1997-04-06,,,,1997,4,6,,1.44376,1.17605,1.86213,6.0
3788,1997-04-07,,,,1997,4,7,,1.14885,1.47855,1.87242,5.0
3789,1997-04-08,,,,1997,4,8,,0.91535,1.66233,1.89768,5.0
3790,1997-04-09,,,,1997,4,9,,0.61321,1.76846,1.87176,5.0
3791,1997-04-10,,,,1997,4,10,,0.24374,1.84234,1.8584,5.0
3792,1997-04-11,,,,1997,4,11,,-0.10302,1.77144,1.77444,4.0
3793,1997-04-12,,,,1997,4,12,,-0.38967,1.65561,1.70085,4.0
3794,1997-04-13,,,,1997,4,13,,-0.61069,1.47954,1.60062,4.0
3795,1997-04-14,,,,1997,4,14,,-0.78199,1.20835,1.43931,4.0
3796,1997-04-15,,,,1997,4,15,,-0.80188,0.80857,1.13877,4.0
3797,1997-04-16,,,,1997,4,16,,-0.78619,0.47243,0.91721,3.0
3798,1997-04-17,,,,1997,4,17,,-0.67935,0.15012,0.69574,3.0
3799,1997-04-18,,,,1997,4,18,,-0.52789,-0.10522,0.53827,2.0
3800,1997-04-19,,,,1997,4,19,,-0.33162,-0.27626,0.43161,2.0
3801,1997-04-20,,,,1997,4,20,,-0.13461,-0.39575,0.41802,1.0
3802,1997-04-21,,,,1997,4,21,,0.06546,-0.50627,0.51048,8.0
3803,1997-04-22,,,,1997,4,22,,0.26012,-0.54657,0.60531,8.0
3804,1997-04-23,,,,1997,4,23,,0.49102,-0.56365,0.74753,8.0
3805,1997-04-24,,,,1997,4,24,,0.6651,-0.49335,0.8281,7.0
3806,1997-04-25,,,,1997,4,25,,0.77973,-0.42946,0.89017,7.0
3807,1997-04-26,,,,1997,4,26,,0.81101,-0.30881,0.86782,7.0
3808,1997-04-27,,,,1997,4,27,,0.83321,-0.19956,0.85678,7.0
3809,1997-04-28,,,,1997,4,28,,0.86032,-0.18348,0.87967,7.0
3810,1997-04-29,,,,1997,4,29,,0.90807,-0.19833,0.92948,7.0
3811,1997-04-30,,,,1997,4,30,,0.9213,-0.25086,0.95484,7.0
3812,1997-05-01,-2.41,1.693,-0.961,1997,5,1,,0.94814,-0.35466,1.0123,7.0
3813,1997-05-02,,,,1997,5,2,,0.95473,-0.43684,1.04992,7.0
3814,1997-05-03,,,,1997,5,3,,0.98853,-0.57505,1.14362,7.0
3815,1997-05-04,,,,1997,5,4,,1.06906,-0.69669,1.27603,7.0
3816,1997-05-05,,,,1997,5,5,,1.22087,-0.81301,1.46681,7.0
3817,1997-05-06,,,,1997,5,6,,1.38154,-0.81554,1.6043,7.0
3818,1997-05-07,,,,1997,5,7,,1.50823,-0.69131,1.65912,7.0
3819,1997-05-08,,,,1997,5,8,,1.56414,-0.51243,1.64594,7.0
3820,1997-05-09,,,,1997,5,9,,1.63367,-0.24186,1.65148,7.0
3821,1997-05-10,,,,1997,5,10,,1.65137,0.09304,1.65399,6.0
3822,1997-05-11,,,,1997,5,11,,1.6842,0.47581,1.75012,6.0
3823,1997-05-12,,,,1997,5,12,,1.64006,0.94031,1.89049,6.0
3824,1997-05-13,,,,1997,5,13,,1.51867,1.40102,2.06621,6.0
3825,1997-05-14,,,,1997,5,14,,1.20183,1.77094,2.14024,5.0
3826,1997-05-15,,,,1997,5,15,,0.75984,2.02752,2.16523,5.0
3827,1997-05-16,,,,1997,5,16,,0.29875,2.19416,2.2144,5.0
3828,1997-05-17,,,,1997,5,17,,-0.18174,2.24065,2.24801,4.0
3829,1997-05-18,,,,1997,5,18,,-0.69095,2.16128,2.26904,4.0
3830,1997-05-19,,,,1997,5,19,,-1.24561,1.97319,2.33346,4.0
3831,1997-05-20,,,,1997,5,20,,-1.79547,1.61791,2.41689,3.0
3832,1997-05-21,,,,1997,5,21,,-2.26369,1.18936,2.55713,3.0
3833,1997-05-22,,,,1997,5,22,,-2.59648,0.73293,2.69794,3.0
3834,1997-05-23,,,,1997,5,23,,-2.7464,0.31726,2.76467,3.0
3835,1997-05-24,,,,1997,5,24,,-2.83345,-0.14945,2.83739,2.0
3836,1997-05-25,,,,1997,5,25,,-2.88778,-0.51808,2.93388,2.0
3837,1997-05-26,,,,1997,5,26,,-2.83822,-0.79666,2.94791,2.0
3838,1997-05-27,,,,1997,5,27,,-2.72892,-0.98969,2.90284,2.0
3839,1997-05-28,,,,1997,5,28,,-2.51251,-1.13869,2.7585,2.0
3840,1997-05-29,,,,1997,5,29,,-2.32412,-1.21926,2.62452,2.0
3841,1997-05-30,,,,1997,5,30,,-2.10888,-1.30582,2.48044,2.0
3842,1997-05-31,,,,1997,5,31,,-1.89544,-1.37907,2.34404,2.0
3843,1997-06-01,-3.02,2.311,-0.815,1997,6,1,,-1.72709,-1.40194,2.22447,2.0
3844,1997-06-02,,,,1997,6,2,,-1.53381,-1.3045,2.01352,2.0
3845,1997-06-03,,,,1997,6,3,,-1.27316,-1.28843,1.81135,1.0
3846,1997-06-04,,,,1997,6,4,,-1.04981,-1.28991,1.66312,1.0
3847,1997-06-05,,,,1997,6,5,,-0.84475,-1.30655,1.55585,1.0
3848,1997-06-06,,,,1997,6,6,,-0.63776,-1.30522,1.4527,1.0
3849,1997-06-07,,,,1997,6,7,,-0.43623,-1.27009,1.34291,1.0
3850,1997-06-08,,,,1997,6,8,,-0.26908,-1.19944,1.22925,1.0
3851,1997-06-09,,,,1997,6,9,,-0.0668,-1.11349,1.11549,1.0
3852,1997-06-10,,,,1997,6,10,,0.15635,-1.04244,1.0541,8.0
3853,1997-06-11,,,,1997,6,11,,0.34249,-0.97959,1.03773,8.0
3854,1997-06-12,,,,1997,6,12,,0.44764,-0.88977,0.99603,8.0
3855,1997-06-13,,,,1997,6,13,,0.5311,-0.77561,0.94002,8.0
3856,1997-06-14,,,,1997,6,14,,0.54238,-0.62663,0.82876,8.0
3857,1997-06-15,,,,1997,6,15,,0.56709,-0.50458,0.75907,7.0
3858,1997-06-16,,,,1997,6,16,,0.54569,-0.32586,0.63558,7.0
3859,1997-06-17,,,,1997,6,17,,0.49767,-0.21367,0.5416,7.0
3860,1997-06-18,,,,1997,6,18,,0.3774,-0.07953,0.38569,7.0
3861,1997-06-19,,,,1997,6,19,,0.29076,0.07938,0.30141,6.0
3862,1997-06-20,,,,1997,6,20,,0.22016,0.19594,0.29472,6.0
3863,1997-06-21,,,,1997,6,21,,0.18982,0.29578,0.35145,5.0
3864,1997-06-22,,,,1997,6,22,,0.18427,0.36159,0.40584,5.0
3865,1997-06-23,,,,1997,6,23,,0.24829,0.38483,0.45798,5.0
3866,1997-06-24,,,,1997,6,24,,0.30641,0.41991,0.51982,5.0
3867,1997-06-25,,,,1997,6,25,,0.45834,0.42343,0.624,6.0
3868,1997-06-26,,,,1997,6,26,,0.6054,0.54646,0.81556,6.0
3869,1997-06-27,,,,1997,6,27,,0.78208,0.68558,1.04003,6.0
3870,1997-06-28,,,,1997,6,28,,0.89401,0.85211,1.23505,6.0
3871,1997-06-29,,,,1997,6,29,,0.91821,1.01085,1.36562,5.0
3872,1997-06-30,,,,1997,6,30,,0.87514,1.18742,1.47507,5.0
3873,1997-07-01,-0.91,1.462,-0.431,1997,7,1,,0.78001,1.34189,1.55212,5.0
3874,1997-07-02,,,,1997,7,2,,0.65458,1.52262,1.65736,5.0
3875,1997-07-03,,,,1997,7,3,,0.57371,1.65643,1.75297,5.0
3876,1997-07-04,,,,1997,7,4,,0.44162,1.68259,1.73958,5.0
3877,1997-07-05,,,,1997,7,5,,0.30963,1.6684,1.69689,5.0
3878,1997-07-06,,,,1997,7,6,,0.13554,1.65698,1.66251,5.0
3879,1997-07-07,,,,1997,7,7,,-0.00825,1.63037,1.63039,4.0
3880,1997-07-08,,,,1997,7,8,,-0.10337,1.5443,1.54776,4.0
3881,1997-07-09,,,,1997,7,9,,-0.19503,1.44675,1.45984,4.0
3882,1997-07-10,,,,1997,7,10,,-0.29819,1.35438,1.38682,4.0
3883,1997-07-11,,,,1997,7,11,,-0.30043,1.21747,1.25399,4.0
3884,1997-07-12,,,,1997,7,12,,-0.31912,1.07807,1.12431,4.0
3885,1997-07-13,,,,1997,7,13,,-0.31508,0.94406,0.99525,4.0
3886,1997-07-14,,,,1997,7,14,,-0.31558,0.76442,0.827,4.0
3887,1997-07-15,,,,1997,7,15,,-0.32612,0.5563,0.64485,4.0
3888,1997-07-16,,,,1997,7,16,,-0.34012,0.4071,0.53048,4.0
3889,1997-07-17,,,,1997,7,17,,-0.30746,0.36541,0.47756,4.0
3890,1997-07-18,,,,1997,7,18,,-0.25868,0.32845,0.41809,4.0
3891,1997-07-19,,,,1997,7,19,,-0.14799,0.34688,0.37713,4.0
3892,1997-07-20,,,,1997,7,20,,-0.03989,0.38958,0.39161,4.0
3893,1997-07-21,,,,1997,7,21,,-0.05839,0.43993,0.44379,4.0
3894,1997-07-22,,,,1997,7,22,,-0.179,0.5147,0.54494,4.0
3895,1997-07-23,,,,1997,7,23,,-0.30432,0.57646,0.65185,4.0
3896,1997-07-24,,,,1997,7,24,,-0.36279,0.61,0.70973,4.0
3897,1997-07-25,,,,1997,7,25,,-0.42037,0.54334,0.68697,4.0
3898,1997-07-26,,,,1997,7,26,,-0.49954,0.3982,0.63883,3.0
3899,1997-07-27,,,,1997,7,27,,-0.58236,0.21297,0.62008,3.0
3900,1997-07-28,,,,1997,7,28,,-0.70622,-0.07451,0.71013,2.0
3901,1997-07-29,,,,1997,7,29,,-0.87224,-0.35418,0.9414,2.0
3902,1997-07-30,,,,1997,7,30,,-0.93442,-0.53614,1.07731,2.0
3903,1997-07-31,,,,1997,7,31,,-0.87966,-0.66481,1.10262,2.0
3904,1997-08-01,-2.31,2.117,0.121,1997,8,1,,-0.74515,-0.77854,1.07767,1.0
3905,1997-08-02,,,,1997,8,2,,-0.64141,-0.87081,1.08154,1.0
3906,1997-08-03,,,,1997,8,3,,-0.5858,-0.92361,1.09372,1.0
3907,1997-08-04,,,,1997,8,4,,-0.51805,-0.94746,1.07984,1.0
3908,1997-08-05,,,,1997,8,5,,-0.40785,-0.92509,1.011,1.0
3909,1997-08-06,,,,1997,8,6,,-0.31357,-0.83116,0.88834,1.0
3910,1997-08-07,,,,1997,8,7,,-0.22494,-0.85341,0.88256,1.0
3911,1997-08-08,,,,1997,8,8,,-0.16236,-0.98353,0.99684,1.0
3912,1997-08-09,,,,1997,8,9,,-0.10201,-1.06528,1.07015,1.0
3913,1997-08-10,,,,1997,8,10,,-0.05918,-1.12963,1.13118,1.0
3914,1997-08-11,,,,1997,8,11,,-0.03802,-1.25151,1.25209,1.0
3915,1997-08-12,,,,1997,8,12,,-0.01207,-1.3299,1.32995,1.0
3916,1997-08-13,,,,1997,8,13,,0.00884,-1.30359,1.30362,8.0
3917,1997-08-14,,,,1997,8,14,,0.04691,-1.31308,1.31391,8.0
3918,1997-08-15,,,,1997,8,15,,0.05937,-1.34198,1.3433,8.0
3919,1997-08-16,,,,1997,8,16,,0.03095,-1.18276,1.18316,8.0
3920,1997-08-17,,,,1997,8,17,,0.01077,-0.92897,0.92904,8.0
3921,1997-08-18,,,,1997,8,18,,-0.05803,-0.70884,0.71122,1.0
3922,1997-08-19,,,,1997,8,19,,-0.12944,-0.49977,0.51626,1.0
3923,1997-08-20,,,,1997,8,20,,-0.2249,-0.28729,0.36485,1.0
3924,1997-08-21,,,,1997,8,21,,-0.29683,-0.09681,0.31222,2.0
3925,1997-08-22,,,,1997,8,22,,-0.34372,0.00558,0.34376,3.0
3926,1997-08-23,,,,1997,8,23,,-0.3887,0.04741,0.39158,3.0
3927,1997-08-24,,,,1997,8,24,,-0.35149,0.07768,0.35997,3.0
3928,1997-08-25,,,,1997,8,25,,-0.25175,0.05457,0.2576,3.0
3929,1997-08-26,,,,1997,8,26,,-0.07429,-0.02846,0.07956,2.0
3930,1997-08-27,,,,1997,8,27,,0.16895,-0.16196,0.23404,7.0
3931,1997-08-28,,,,1997,8,28,,0.37189,-0.25295,0.44976,7.0
3932,1997-08-29,,,,1997,8,29,,0.61681,-0.29712,0.68465,7.0
3933,1997-08-30,,,,1997,8,30,,0.85069,-0.35605,0.92219,7.0
3934,1997-08-31,,,,1997,8,31,,1.01987,-0.41352,1.10052,7.0
3935,1997-09-01,-1.55,1.787,0.195,1997,9,1,,1.12602,-0.41557,1.20026,7.0
3936,1997-09-02,,,,1997,9,2,,1.16857,-0.35817,1.22223,7.0
3937,1997-09-03,,,,1997,9,3,,1.18257,-0.30319,1.22082,7.0
3938,1997-09-04,,,,1997,9,4,,1.07073,-0.21744,1.09259,7.0
3939,1997-09-05,,,,1997,9,5,,1.04045,-0.16256,1.05307,7.0
3940,1997-09-06,,,,1997,9,6,,1.01952,-0.21689,1.04234,7.0
3941,1997-09-07,,,,1997,9,7,,0.96806,-0.2958,1.01225,7.0
3942,1997-09-08,,,,1997,9,8,,0.94976,-0.38286,1.02403,7.0
3943,1997-09-09,,,,1997,9,9,,0.8974,-0.44557,1.00193,7.0
3944,1997-09-10,,,,1997,9,10,,0.76031,-0.39165,0.85525,7.0
3945,1997-09-11,,,,1997,9,11,,0.69171,-0.39176,0.79495,7.0
3946,1997-09-12,,,,1997,9,12,,0.60923,-0.39993,0.72877,7.0
3947,1997-09-13,,,,1997,9,13,,0.60071,-0.38687,0.71451,7.0
3948,1997-09-14,,,,1997,9,14,,0.41294,-0.27113,0.494,7.0
3949,1997-09-15,,,,1997,9,15,,0.14268,-0.0907,0.16907,7.0
3950,1997-09-16,,,,1997,9,16,,-0.11871,0.11006,0.16187,3.0
3951,1997-09-17,,,,1997,9,17,,-0.3928,0.2925,0.48974,3.0
3952,1997-09-18,,,,1997,9,18,,-0.53358,0.41402,0.67537,3.0
3953,1997-09-19,,,,1997,9,19,,-0.61391,0.41174,0.73919,3.0
3954,1997-09-20,,,,1997,9,20,,-0.74706,0.4026,0.84863,3.0
3955,1997-09-21,,,,1997,9,21,,-0.8256,0.36916,0.90437,3.0
3956,1997-09-22,,,,1997,9,22,,-0.82695,0.29452,0.87783,3.0
3957,1997-09-23,,,,1997,9,23,,-0.69639,0.21498,0.72882,3.0
3958,1997-09-24,,,,1997,9,24,,-0.468,0.12015,0.48318,3.0
3959,1997-09-25,,,,1997,9,25,,-0.28909,0.03072,0.29071,3.0
3960,1997-09-26,,,,1997,9,26,,-0.15115,-0.03179,0.15446,2.0
3961,1997-09-27,,,,1997,9,27,,-0.07625,-0.04947,0.0909,2.0
3962,1997-09-28,,,,1997,9,28,,0.04478,-0.06745,0.08096,8.0
3963,1997-09-29,,,,1997,9,29,,0.15419,-0.06161,0.16604,7.0
3964,1997-09-30,,,,1997,9,30,,0.27135,-0.05488,0.27684,7.0
3965,1997-10-01,-1.69,1.589,-0.7,1997,10,1,,0.27548,-0.0066,0.27556,7.0
3966,1997-10-02,,,,1997,10,2,,0.25904,0.0065,0.25912,6.0
3967,1997-10-03,,,,1997,10,3,,0.22059,-0.01278,0.22096,7.0
3968,1997-10-04,,,,1997,10,4,,0.2279,-0.06194,0.23617,7.0
3969,1997-10-05,,,,1997,10,5,,0.27467,-0.15393,0.31487,7.0
3970,1997-10-06,,,,1997,10,6,,0.35311,-0.29172,0.45802,7.0
3971,1997-10-07,,,,1997,10,7,,0.42789,-0.3761,0.56969,7.0
3972,1997-10-08,,,,1997,10,8,,0.55247,-0.48515,0.73525,7.0
3973,1997-10-09,,,,1997,10,9,,0.70959,-0.56907,0.90959,7.0
3974,1997-10-10,,,,1997,10,10,,0.86336,-0.60108,1.05199,7.0
3975,1997-10-11,,,,1997,10,11,,0.95614,-0.59636,1.12688,7.0
3976,1997-10-12,,,,1997,10,12,,0.94096,-0.55557,1.09273,7.0
3977,1997-10-13,,,,1997,10,13,,0.8951,-0.58361,1.06855,7.0
3978,1997-10-14,,,,1997,10,14,,0.83186,-0.598,1.0245,7.0
3979,1997-10-15,,,,1997,10,15,,0.76427,-0.51925,0.92397,7.0
3980,1997-10-16,,,,1997,10,16,,0.68531,-0.432,0.8101,7.0
3981,1997-10-17,,,,1997,10,17,,0.58698,-0.30313,0.66063,7.0
3982,1997-10-18,,,,1997,10,18,,0.43163,-0.20238,0.47672,7.0
3983,1997-10-19,,,,1997,10,19,,0.32116,-0.12822,0.34581,7.0
3984,1997-10-20,,,,1997,10,20,,0.19921,-0.08186,0.21537,7.0
3985,1997-10-21,,,,1997,10,21,,0.12382,-0.04554,0.13193,7.0
3986,1997-10-22,,,,1997,10,22,,0.09009,0.06008,0.10829,6.0
3987,1997-10-23,,,,1997,10,23,,-0.0247,0.14389,0.146,4.0
3988,1997-10-24,,,,1997,10,24,,-0.17399,0.21087,0.27338,4.0
3989,1997-10-25,,,,1997,10,25,,-0.28029,0.19311,0.34037,3.0
3990,1997-10-26,,,,1997,10,26,,-0.36364,0.1365,0.38841,3.0
3991,1997-10-27,,,,1997,10,27,,-0.41196,0.11979,0.42903,3.0
3992,1997-10-28,,,,1997,10,28,,-0.42805,0.08429,0.43627,3.0
3993,1997-10-29,,,,1997,10,29,,-0.36761,0.0678,0.37381,3.0
3994,1997-10-30,,,,1997,10,30,,-0.24869,0.03454,0.25107,3.0
3995,1997-10-31,,,,1997,10,31,,-0.15647,0.02025,0.15777,3.0
3996,1997-11-01,-1.31,1.224,-0.661,1997,11,1,,-0.04358,0.03396,0.05525,3.0
3997,1997-11-02,,,,1997,11,2,,0.03747,0.0213,0.0431,6.0
3998,1997-11-03,,,,1997,11,3,,0.09992,0.03157,0.10479,6.0
3999,1997-11-04,,,,1997,11,4,,0.1709,0.04953,0.17794,6.0
4000,1997-11-05,,,,1997,11,5,,0.29095,0.06442,0.29799,6.0
4001,1997-11-06,,,,1997,11,6,,0.4114,0.08132,0.41936,6.0
4002,1997-11-07,,,,1997,11,7,,0.48392,0.11137,0.49657,6.0
4003,1997-11-08,,,,1997,11,8,,0.50316,0.20502,0.54332,6.0
4004,1997-11-09,,,,1997,11,9,,0.52469,0.2588,0.58504,6.0
4005,1997-11-10,,,,1997,11,10,,0.55142,0.27514,0.61625,6.0
4006,1997-11-11,,,,1997,11,11,,0.56746,0.24341,0.61746,6.0
4007,1997-11-12,,,,1997,11,12,,0.56616,0.23172,0.61175,6.0
4008,1997-11-13,,,,1997,11,13,,0.60353,0.23887,0.64908,6.0
4009,1997-11-14,,,,1997,11,14,,0.67796,0.26156,0.72667,6.0
4010,1997-11-15,,,,1997,11,15,,0.66289,0.29681,0.72631,6.0
4011,1997-11-16,,,,1997,11,16,,0.60624,0.38328,0.71724,6.0
4012,1997-11-17,,,,1997,11,17,,0.61199,0.52305,0.80505,6.0
4013,1997-11-18,,,,1997,11,18,,0.60567,0.6482,0.88714,5.0
4014,1997-11-19,,,,1997,11,19,,0.5301,0.73774,0.90844,5.0
4015,1997-11-20,,,,1997,11,20,,0.39276,0.75643,0.85232,5.0
4016,1997-11-21,,,,1997,11,21,,0.23119,0.70548,0.7424,5.0
4017,1997-11-22,,,,1997,11,22,,0.13475,0.59747,0.61248,5.0
4018,1997-11-23,,,,1997,11,23,,0.02917,0.40303,0.40408,5.0
4019,1997-11-24,,,,1997,11,24,,0.00821,0.216,0.21616,5.0
4020,1997-11-25,,,,1997,11,25,,0.08873,0.02041,0.09105,6.0
4021,1997-11-26,,,,1997,11,26,,0.19806,-0.21603,0.29308,8.0
4022,1997-11-27,,,,1997,11,27,,0.25172,-0.42236,0.49168,8.0
4023,1997-11-28,,,,1997,11,28,,0.29829,-0.50171,0.58368,8.0
4024,1997-11-29,,,,1997,11,29,,0.38232,-0.44263,0.58488,8.0
4025,1997-11-30,,,,1997,11,30,,0.51262,-0.36063,0.62676,7.0
4026,1997-12-01,-1.12,0.845,-0.071,1997,12,1,,0.61159,-0.26105,0.66497,7.0
4027,1997-12-02,,,,1997,12,2,,0.67042,-0.16501,0.69042,7.0
4028,1997-12-03,,,,1997,12,3,,0.71158,-0.0442,0.71295,7.0
4029,1997-12-04,,,,1997,12,4,,0.68399,0.07556,0.68815,6.0
4030,1997-12-05,,,,1997,12,5,,0.56112,0.18234,0.59001,6.0
4031,1997-12-06,,,,1997,12,6,,0.48173,0.26386,0.54926,6.0
4032,1997-12-07,,,,1997,12,7,,0.42135,0.30451,0.51987,6.0
4033,1997-12-08,,,,1997,12,8,,0.33571,0.25708,0.42284,6.0
4034,1997-12-09,,,,1997,12,9,,0.27499,0.18678,0.33243,6.0
4035,1997-12-10,,,,1997,12,10,,0.15786,0.07203,0.17352,6.0
4036,1997-12-11,,,,1997,12,11,,0.08799,-0.02353,0.09108,7.0
4037,1997-12-12,,,,1997,12,12,,0.01467,-0.07771,0.07908,8.0
4038,1997-12-13,,,,1997,12,13,,-0.00895,-0.12149,0.12182,1.0
4039,1997-12-14,,,,1997,12,14,,0.02724,-0.19642,0.1983,8.0
4040,1997-12-15,,,,1997,12,15,,0.03778,-0.22451,0.22766,8.0
4041,1997-12-16,,,,1997,12,16,,-0.01618,-0.19591,0.19658,1.0
4042,1997-12-17,,,,1997,12,17,,-0.15324,-0.10968,0.18845,2.0
4043,1997-12-18,,,,1997,12,18,,-0.37354,0.05684,0.37784,3.0
4044,1997-12-19,,,,1997,12,19,,-0.54881,0.2692,0.61128,3.0
4045,1997-12-20,,,,1997,12,20,,-0.69761,0.49069,0.8529,3.0
4046,1997-12-21,,,,1997,12,21,,-0.82423,0.67036,1.06242,3.0
4047,1997-12-22,,,,1997,12,22,,-0.97298,0.81223,1.26744,3.0
4048,1997-12-23,,,,1997,12,23,,-1.12646,0.91139,1.44898,3.0
4049,1997-12-24,,,,1997,12,24,,-1.31495,0.94133,1.61715,3.0
4050,1997-12-25,,,,1997,12,25,,-1.45549,0.85926,1.6902,3.0
4051,1997-12-26,,,,1997,12,26,,-1.53384,0.71336,1.69161,3.0
4052,1997-12-27,,,,1997,12,27,,-1.49873,0.50255,1.58074,3.0
4053,1997-12-28,,,,1997,12,28,,-1.4593,0.26652,1.48344,3.0
4054,1997-12-29,,,,1997,12,29,,-1.39348,0.03707,1.39397,3.0
4055,1997-12-30,,,,1997,12,30,,-1.29371,-0.1669,1.30443,2.0
4056,1997-12-31,,,,1997,12,31,,-1.27549,-0.28274,1.30645,2.0
4057,1998-01-01,-2.53,0.946,-2.081,1998,1,1,,-1.31575,-0.34379,1.35992,2.0
4058,1998-01-02,,,,1998,1,2,,-1.29248,-0.35932,1.3415,2.0
4059,1998-01-03,,,,1998,1,3,,-1.19658,-0.3772,1.25463,2.0
4060,1998-01-04,,,,1998,1,4,,-1.03183,-0.41944,1.11383,2.0
4061,1998-01-05,,,,1998,1,5,,-0.79736,-0.54882,0.96798,2.0
4062,1998-01-06,,,,1998,1,6,,-0.48979,-0.73048,0.87948,1.0
4063,1998-01-07,,,,1998,1,7,,-0.17623,-0.89283,0.91006,1.0
4064,1998-01-08,,,,1998,1,8,,0.18963,-1.03545,1.05267,8.0
4065,1998-01-09,,,,1998,1,9,,0.64004,-1.15021,1.31629,8.0
4066,1998-01-10,,,,1998,1,10,,1.15813,-1.22579,1.68636,8.0
4067,1998-01-11,,,,1998,1,11,,1.5678,-1.28705,2.02842,7.0
4068,1998-01-12,,,,1998,1,12,,1.86974,-1.16265,2.20175,7.0
4069,1998-01-13,,,,1998,1,13,,1.99579,-0.93557,2.20419,7.0
4070,1998-01-14,,,,1998,1,14,,1.88072,-0.67156,1.99702,7.0
4071,1998-01-15,,,,1998,1,15,,1.68428,-0.39049,1.72896,7.0
4072,1998-01-16,,,,1998,1,16,,1.4715,-0.10953,1.47557,7.0
4073,1998-01-17,,,,1998,1,17,,1.22018,0.12542,1.22661,6.0
4074,1998-01-18,,,,1998,1,18,,0.99734,0.24327,1.02658,6.0
4075,1998-01-19,,,,1998,1,19,,0.75488,0.2344,0.79044,6.0
4076,1998-01-20,,,,1998,1,20,,0.57872,0.23787,0.6257,6.0
4077,1998-01-21,,,,1998,1,21,,0.34172,0.17646,0.38459,6.0
4078,1998-01-22,,,,1998,1,22,,0.17052,0.02344,0.17212,6.0
4079,1998-01-23,,,,1998,1,23,,0.12495,-0.15079,0.19583,8.0
4080,1998-01-24,,,,1998,1,24,,0.15783,-0.28898,0.32927,8.0
4081,1998-01-25,,,,1998,1,25,,0.19852,-0.45873,0.49984,8.0
4082,1998-01-26,,,,1998,1,26,,0.24586,-0.62762,0.67405,8.0
4083,1998-01-27,,,,1998,1,27,,0.27291,-0.72627,0.77585,8.0
4084,1998-01-28,,,,1998,1,28,,0.3352,-0.73476,0.80761,8.0
4085,1998-01-29,,,,1998,1,29,,0.48341,-0.74011,0.88399,8.0
4086,1998-01-30,,,,1998,1,30,,0.72409,-0.81954,1.0936,8.0
4087,1998-01-31,,,,1998,1,31,,0.98025,-0.79689,1.2633,7.0
4088,1998-02-01,-1.97,1.446,-0.183,1998,2,1,,1.22521,-0.64662,1.38538,7.0
4089,1998-02-02,,,,1998,2,2,,1.34678,-0.43421,1.41504,7.0
4090,1998-02-03,,,,1998,2,3,,1.36381,-0.20296,1.37882,7.0
4091,1998-02-04,,,,1998,2,4,,1.27752,0.06452,1.27914,6.0
4092,1998-02-05,,,,1998,2,5,,1.20258,0.34112,1.25002,6.0
4093,1998-02-06,,,,1998,2,6,,1.14125,0.56783,1.27471,6.0
4094,1998-02-07,,,,1998,2,7,,0.96213,0.6554,1.16415,6.0
4095,1998-02-08,,,,1998,2,8,,0.72484,0.73316,1.03098,5.0
4096,1998-02-09,,,,1998,2,9,,0.5675,0.71029,0.90916,5.0
4097,1998-02-10,,,,1998,2,10,,0.48176,0.65435,0.81257,5.0
4098,1998-02-11,,,,1998,2,11,,0.46866,0.59543,0.75775,5.0
4099,1998-02-12,,,,1998,2,12,,0.53617,0.59301,0.79946,5.0
4100,1998-02-13,,,,1998,2,13,,0.66681,0.61252,0.90544,6.0
4101,1998-02-14,,,,1998,2,14,,0.72502,0.64227,0.96859,6.0
4102,1998-02-15,,,,1998,2,15,,0.72874,0.69733,1.00863,6.0
4103,1998-02-16,,,,1998,2,16,,0.72167,0.81094,1.08556,5.0
4104,1998-02-17,,,,1998,2,17,,0.70972,0.87111,1.12363,5.0
4105,1998-02-18,,,,1998,2,18,,0.6344,0.96337,1.15349,5.0
4106,1998-02-19,,,,1998,2,19,,0.46002,1.00833,1.10831,5.0
4107,1998-02-20,,,,1998,2,20,,0.25374,0.9887,1.02074,5.0
4108,1998-02-21,,,,1998,2,21,,0.01849,0.92806,0.92824,5.0
4109,1998-02-22,,,,1998,2,22,,-0.20318,0.83139,0.85585,4.0
4110,1998-02-23,,,,1998,2,23,,-0.38196,0.68628,0.78541,4.0
4111,1998-02-24,,,,1998,2,24,,-0.5539,0.52549,0.76351,3.0
4112,1998-02-25,,,,1998,2,25,,-0.60732,0.41434,0.7352,3.0
4113,1998-02-26,,,,1998,2,26,,-0.60624,0.34681,0.69843,3.0
4114,1998-02-27,,,,1998,2,27,,-0.59338,0.32206,0.67514,3.0
4115,1998-02-28,,,,1998,2,28,,-0.53848,0.3222,0.62752,3.0
4116,1998-03-01,-3.31,1.41,-0.254,1998,3,1,,-0.47171,0.38109,0.60642,3.0
4117,1998-03-02,,,,1998,3,2,,-0.43307,0.36744,0.56794,3.0
4118,1998-03-03,,,,1998,3,3,,-0.46447,0.33001,0.56977,3.0
4119,1998-03-04,,,,1998,3,4,,-0.55737,0.29195,0.6292,3.0
4120,1998-03-05,,,,1998,3,5,,-0.61098,0.26959,0.66781,3.0
4121,1998-03-06,,,,1998,3,6,,-0.60304,0.23279,0.64641,3.0
4122,1998-03-07,,,,1998,3,7,,-0.58257,0.21164,0.61982,3.0
4123,1998-03-08,,,,1998,3,8,,-0.51668,0.19174,0.55111,3.0
4124,1998-03-09,,,,1998,3,9,,-0.42619,0.21142,0.47575,3.0
4125,1998-03-10,,,,1998,3,10,,-0.38304,0.20499,0.43444,3.0
4126,1998-03-11,,,,1998,3,11,,-0.371,0.25568,0.45057,3.0
4127,1998-03-12,,,,1998,3,12,,-0.37933,0.29267,0.47911,3.0
4128,1998-03-13,,,,1998,3,13,,-0.3788,0.27614,0.46876,3.0
4129,1998-03-14,,,,1998,3,14,,-0.38636,0.22845,0.44884,3.0
4130,1998-03-15,,,,1998,3,15,,-0.44829,0.18426,0.48468,3.0
4131,1998-03-16,,,,1998,3,16,,-0.51532,0.06861,0.51987,3.0
4132,1998-03-17,,,,1998,3,17,,-0.53661,-0.09794,0.54548,2.0
4133,1998-03-18,,,,1998,3,18,,-0.52714,-0.22424,0.57285,2.0
4134,1998-03-19,,,,1998,3,19,,-0.50543,-0.24979,0.56379,2.0
4135,1998-03-20,,,,1998,3,20,,-0.44136,-0.27091,0.51787,2.0
4136,1998-03-21,,,,1998,3,21,,-0.39073,-0.30174,0.49368,2.0
4137,1998-03-22,,,,1998,3,22,,-0.32212,-0.30704,0.44501,2.0
4138,1998-03-23,,,,1998,3,23,,-0.25859,-0.31509,0.40761,1.0
4139,1998-03-24,,,,1998,3,24,,-0.12641,-0.38921,0.40922,1.0
4140,1998-03-25,,,,1998,3,25,,0.00573,-0.42164,0.42168,8.0
4141,1998-03-26,,,,1998,3,26,,0.13274,-0.34142,0.36632,8.0
4142,1998-03-27,,,,1998,3,27,,0.26644,-0.24192,0.35988,7.0
4143,1998-03-28,,,,1998,3,28,,0.37718,-0.17301,0.41497,7.0
4144,1998-03-29,,,,1998,3,29,,0.53892,-0.09076,0.54651,7.0
4145,1998-03-30,,,,1998,3,30,,0.75811,-0.0073,0.75814,7.0
4146,1998-03-31,,,,1998,3,31,,0.90298,0.04868,0.90429,6.0
4147,1998-04-01,-2.8,0.417,-0.038,1998,4,1,,0.99073,0.05138,0.99206,6.0
4148,1998-04-02,,,,1998,4,2,,1.02496,0.12013,1.03198,6.0
4149,1998-04-03,,,,1998,4,3,,1.10899,0.23301,1.13321,6.0
4150,1998-04-04,,,,1998,4,4,,1.12133,0.26618,1.15249,6.0
4151,1998-04-05,,,,1998,4,5,,1.10207,0.27617,1.13615,6.0
4152,1998-04-06,,,,1998,4,6,,1.08126,0.30208,1.12266,6.0
4153,1998-04-07,,,,1998,4,7,,1.03191,0.38023,1.09974,6.0
4154,1998-04-08,,,,1998,4,8,,0.99374,0.44877,1.09038,6.0
4155,1998-04-09,,,,1998,4,9,,0.96504,0.52174,1.09705,6.0
4156,1998-04-10,,,,1998,4,10,,0.86699,0.5974,1.05288,6.0
4157,1998-04-11,,,,1998,4,11,,0.72259,0.63295,0.9606,6.0
4158,1998-04-12,,,,1998,4,12,,0.58649,0.66385,0.88581,5.0
4159,1998-04-13,,,,1998,4,13,,0.54403,0.73473,0.91422,5.0
4160,1998-04-14,,,,1998,4,14,,0.55905,0.77897,0.95882,5.0
4161,1998-04-15,,,,1998,4,15,,0.54801,0.7955,0.96599,5.0
4162,1998-04-16,,,,1998,4,16,,0.40627,0.7379,0.84235,5.0
4163,1998-04-17,,,,1998,4,17,,0.19843,0.72083,0.74764,5.0
4164,1998-04-18,,,,1998,4,18,,-0.01694,0.716,0.7162,4.0
4165,1998-04-19,,,,1998,4,19,,-0.15882,0.67892,0.69725,4.0
4166,1998-04-20,,,,1998,4,20,,-0.26251,0.62029,0.67355,4.0
4167,1998-04-21,,,,1998,4,21,,-0.3892,0.51533,0.64579,4.0
4168,1998-04-22,,,,1998,4,22,,-0.497,0.41217,0.64567,3.0
4169,1998-04-23,,,,1998,4,23,,-0.58489,0.34303,0.67805,3.0
4170,1998-04-24,,,,1998,4,24,,-0.59303,0.32304,0.6753,3.0
4171,1998-04-25,,,,1998,4,25,,-0.47706,0.35103,0.59229,3.0
4172,1998-04-26,,,,1998,4,26,,-0.40251,0.3163,0.51192,3.0
4173,1998-04-27,,,,1998,4,27,,-0.26805,0.23781,0.35834,3.0
4174,1998-04-28,,,,1998,4,28,,-0.12215,0.19352,0.22884,4.0
4175,1998-04-29,,,,1998,4,29,,0.01686,0.1749,0.17571,5.0
4176,1998-04-30,,,,1998,4,30,,0.15476,0.12478,0.1988,6.0
4177,1998-05-01,0.17,-0.225,0.429,1998,5,1,,0.23289,0.06622,0.24212,6.0
4178,1998-05-02,,,,1998,5,2,,0.28137,0.02422,0.28241,6.0
4179,1998-05-03,,,,1998,5,3,,0.31792,-0.04894,0.32166,7.0
4180,1998-05-04,,,,1998,5,4,,0.41317,-0.0609,0.41763,7.0
4181,1998-05-05,,,,1998,5,5,,0.6893,0.01689,0.6895,6.0
4182,1998-05-06,,,,1998,5,6,,0.91997,0.10528,0.92597,6.0
4183,1998-05-07,,,,1998,5,7,,1.15166,0.28063,1.18535,6.0
4184,1998-05-08,,,,1998,5,8,,1.38415,0.47148,1.46224,6.0
4185,1998-05-09,,,,1998,5,9,,1.57352,0.78017,1.75631,6.0
4186,1998-05-10,,,,1998,5,10,,1.71212,1.09606,2.0329,6.0
4187,1998-05-11,,,,1998,5,11,,1.73263,1.41491,2.23696,6.0
4188,1998-05-12,,,,1998,5,12,,1.61944,1.7256,2.36649,5.0
4189,1998-05-13,,,,1998,5,13,,1.3263,1.95359,2.36126,5.0
4190,1998-05-14,,,,1998,5,14,,0.88208,2.06102,2.24184,5.0
4191,1998-05-15,,,,1998,5,15,,0.43682,2.14182,2.18591,5.0
4192,1998-05-16,,,,1998,5,16,,-0.04266,2.07967,2.0801,4.0
4193,1998-05-17,,,,1998,5,17,,-0.48224,1.94241,2.00138,4.0
4194,1998-05-18,,,,1998,5,18,,-0.86028,1.71881,1.92208,4.0
4195,1998-05-19,,,,1998,5,19,,-1.2009,1.48425,1.90923,4.0
4196,1998-05-20,,,,1998,5,20,,-1.47124,1.23926,1.92362,3.0
4197,1998-05-21,,,,1998,5,21,,-1.67142,1.0281,1.96231,3.0
4198,1998-05-22,,,,1998,5,22,,-1.74432,0.83974,1.93593,3.0
4199,1998-05-23,,,,1998,5,23,,-1.80421,0.68154,1.92865,3.0
4200,1998-05-24,,,,1998,5,24,,-1.81342,0.60118,1.91048,3.0
4201,1998-05-25,,,,1998,5,25,,-1.7724,0.59228,1.86875,3.0
4202,1998-05-26,,,,1998,5,26,,-1.71423,0.58718,1.81201,3.0
4203,1998-05-27,,,,1998,5,27,,-1.62156,0.54613,1.71105,3.0
4204,1998-05-28,,,,1998,5,28,,-1.43833,0.50892,1.52571,3.0
4205,1998-05-29,,,,1998,5,29,,-1.19235,0.45528,1.27632,3.0
4206,1998-05-30,,,,1998,5,30,,-0.88579,0.39783,0.97102,3.0
4207,1998-05-31,,,,1998,5,31,,-0.62546,0.37064,0.72703,3.0
4208,1998-06-01,1.05,-0.261,-0.711,1998,6,1,,-0.38738,0.4061,0.56123,4.0
4209,1998-06-02,,,,1998,6,2,,-0.21611,0.43781,0.48825,4.0
4210,1998-06-03,,,,1998,6,3,,-0.0492,0.39773,0.40076,4.0
4211,1998-06-04,,,,1998,6,4,,0.03303,0.38834,0.38974,5.0
4212,1998-06-05,,,,1998,6,5,,-0.00577,0.48642,0.48646,4.0
4213,1998-06-06,,,,1998,6,6,,-0.06253,0.60239,0.60562,4.0
4214,1998-06-07,,,,1998,6,7,,-0.12544,0.60728,0.6201,4.0
4215,1998-06-08,,,,1998,6,8,,-0.20143,0.5668,0.60153,4.0
4216,1998-06-09,,,,1998,6,9,,-0.223,0.52506,0.57045,4.0
4217,1998-06-10,,,,1998,6,10,,-0.20283,0.44634,0.49026,4.0
4218,1998-06-11,,,,1998,6,11,,-0.10964,0.32811,0.34594,4.0
4219,1998-06-12,,,,1998,6,12,,-0.07818,0.28665,0.29712,4.0
4220,1998-06-13,,,,1998,6,13,,-0.05802,0.34013,0.34505,4.0
4221,1998-06-14,,,,1998,6,14,,0.02076,0.26982,0.27062,5.0
4222,1998-06-15,,,,1998,6,15,,0.05646,0.14038,0.15131,5.0
4223,1998-06-16,,,,1998,6,16,,0.10451,0.1513,0.18389,5.0
4224,1998-06-17,,,,1998,6,17,,0.12844,0.19737,0.23548,5.0
4225,1998-06-18,,,,1998,6,18,,0.15628,0.26055,0.30383,5.0
4226,1998-06-19,,,,1998,6,19,,0.27503,0.39575,0.48193,5.0
4227,1998-06-20,,,,1998,6,20,,0.29883,0.53754,0.61502,5.0
4228,1998-06-21,,,,1998,6,21,,0.35612,0.67509,0.76326,5.0
4229,1998-06-22,,,,1998,6,22,,0.4754,0.69697,0.84366,5.0
4230,1998-06-23,,,,1998,6,23,,0.58555,0.78292,0.97767,5.0
4231,1998-06-24,,,,1998,6,24,,0.58811,0.88156,1.05973,5.0
4232,1998-06-25,,,,1998,6,25,,0.56569,0.93184,1.09011,5.0
4233,1998-06-26,,,,1998,6,26,,0.54903,0.92056,1.07185,5.0
4234,1998-06-27,,,,1998,6,27,,0.50766,0.79738,0.94527,5.0
4235,1998-06-28,,,,1998,6,28,,0.40579,0.54088,0.67618,5.0
4236,1998-06-29,,,,1998,6,29,,0.35237,0.31442,0.47225,6.0
4237,1998-06-30,,,,1998,6,30,,0.26295,0.11628,0.28751,6.0
4238,1998-07-01,1.49,-0.469,-0.212,1998,7,1,,0.1598,-0.08054,0.17895,7.0
4239,1998-07-02,,,,1998,7,2,,0.09324,-0.24523,0.26235,8.0
4240,1998-07-03,,,,1998,7,3,,0.08011,-0.38761,0.39581,8.0
4241,1998-07-04,,,,1998,7,4,,0.09464,-0.51039,0.5191,8.0
4242,1998-07-05,,,,1998,7,5,,0.15743,-0.65346,0.67216,8.0
4243,1998-07-06,,,,1998,7,6,,0.17169,-0.7654,0.78442,8.0
4244,1998-07-07,,,,1998,7,7,,0.12723,-0.78882,0.79902,8.0
4245,1998-07-08,,,,1998,7,8,,0.14819,-0.79047,0.80424,8.0
4246,1998-07-09,,,,1998,7,9,,0.25907,-0.78855,0.83002,8.0
4247,1998-07-10,,,,1998,7,10,,0.3846,-0.79272,0.88109,8.0
4248,1998-07-11,,,,1998,7,11,,0.54257,-0.91282,1.06189,8.0
4249,1998-07-12,,,,1998,7,12,,0.78449,-1.03513,1.29881,8.0
4250,1998-07-13,,,,1998,7,13,,0.97218,-1.09423,1.46372,8.0
4251,1998-07-14,,,,1998,7,14,,1.14841,-1.10048,1.59056,7.0
4252,1998-07-15,,,,1998,7,15,,1.38502,-1.09496,1.76556,7.0
4253,1998-07-16,,,,1998,7,16,,1.60779,-1.08263,1.93832,7.0
4254,1998-07-17,,,,1998,7,17,,1.7152,-1.08277,2.02838,7.0
4255,1998-07-18,,,,1998,7,18,,1.73691,-0.99749,2.00296,7.0
4256,1998-07-19,,,,1998,7,19,,1.68752,-0.87912,1.90278,7.0
4257,1998-07-20,,,,1998,7,20,,1.59074,-0.6775,1.72901,7.0
4258,1998-07-21,,,,1998,7,21,,1.46372,-0.4891,1.54328,7.0
4259,1998-07-22,,,,1998,7,22,,1.3004,-0.37708,1.35397,7.0
4260,1998-07-23,,,,1998,7,23,,1.0679,-0.19965,1.0864,7.0
4261,1998-07-24,,,,1998,7,24,,0.79075,0.0206,0.79102,6.0
4262,1998-07-25,,,,1998,7,25,,0.54658,0.20601,0.58412,6.0
4263,1998-07-26,,,,1998,7,26,,0.34276,0.31695,0.46684,6.0
4264,1998-07-27,,,,1998,7,27,,0.11972,0.27109,0.29635,5.0
4265,1998-07-28,,,,1998,7,28,,-0.05392,0.24727,0.25308,4.0
4266,1998-07-29,,,,1998,7,29,,-0.19069,0.15187,0.24378,3.0
4267,1998-07-30,,,,1998,7,30,,-0.35557,0.08453,0.36548,3.0
4268,1998-07-31,,,,1998,7,31,,-0.46195,0.08754,0.47017,3.0
4269,1998-08-01,0.83,-0.082,0.65,1998,8,1,,-0.51097,0.0568,0.51411,3.0
4270,1998-08-02,,,,1998,8,2,,-0.52536,0.03732,0.52668,3.0
4271,1998-08-03,,,,1998,8,3,,-0.50759,-0.00472,0.50761,2.0
4272,1998-08-04,,,,1998,8,4,,-0.50825,0.00761,0.50831,3.0
4273,1998-08-05,,,,1998,8,5,,-0.47507,0.05669,0.47844,3.0
4274,1998-08-06,,,,1998,8,6,,-0.48171,0.05027,0.48433,3.0
4275,1998-08-07,,,,1998,8,7,,-0.37049,0.13323,0.39372,3.0
4276,1998-08-08,,,,1998,8,8,,-0.26434,0.16667,0.3125,3.0
4277,1998-08-09,,,,1998,8,9,,-0.27748,0.07435,0.28727,3.0
4278,1998-08-10,,,,1998,8,10,,-0.25567,0.02531,0.25692,3.0
4279,1998-08-11,,,,1998,8,11,,-0.1891,0.04981,0.19555,3.0
4280,1998-08-12,,,,1998,8,12,,-0.1717,0.12923,0.2149,3.0
4281,1998-08-13,,,,1998,8,13,,-0.15148,0.15719,0.21829,4.0
4282,1998-08-14,,,,1998,8,14,,-0.11531,0.1671,0.20302,4.0
4283,1998-08-15,,,,1998,8,15,,0.04572,0.20983,0.21475,5.0
4284,1998-08-16,,,,1998,8,16,,0.06399,0.241,0.24935,5.0
4285,1998-08-17,,,,1998,8,17,,0.00678,0.26514,0.26523,5.0
4286,1998-08-18,,,,1998,8,18,,0.07267,0.31765,0.32585,5.0
4287,1998-08-19,,,,1998,8,19,,0.09049,0.34488,0.35655,5.0
4288,1998-08-20,,,,1998,8,20,,0.07791,0.24723,0.25921,5.0
4289,1998-08-21,,,,1998,8,21,,0.07591,0.16649,0.18298,5.0
4290,1998-08-22,,,,1998,8,22,,0.09287,0.1046,0.13988,5.0
4291,1998-08-23,,,,1998,8,23,,0.15305,0.0462,0.15987,6.0
4292,1998-08-24,,,,1998,8,24,,0.15758,-0.09191,0.18242,7.0
4293,1998-08-25,,,,1998,8,25,,0.14605,-0.28948,0.32423,8.0
4294,1998-08-26,,,,1998,8,26,,0.13826,-0.41229,0.43485,8.0
4295,1998-08-27,,,,1998,8,27,,0.08887,-0.42328,0.43251,8.0
4296,1998-08-28,,,,1998,8,28,,0.05993,-0.42278,0.427,8.0
4297,1998-08-29,,,,1998,8,29,,0.03482,-0.41574,0.41719,8.0
4298,1998-08-30,,,,1998,8,30,,0.02173,-0.52264,0.52309,8.0
4299,1998-08-31,,,,1998,8,31,,-0.01796,-0.59638,0.59666,1.0
4300,1998-09-01,1.04,-0.781,-1.05,1998,9,1,,-0.11996,-0.61214,0.62378,1.0
4301,1998-09-02,,,,1998,9,2,,-0.16886,-0.59759,0.62099,1.0
4302,1998-09-03,,,,1998,9,3,,-0.15677,-0.50772,0.53137,1.0
4303,1998-09-04,,,,1998,9,4,,-0.10472,-0.42631,0.43899,1.0
4304,1998-09-05,,,,1998,9,5,,-0.12399,-0.43459,0.45193,1.0
4305,1998-09-06,,,,1998,9,6,,-0.16004,-0.47746,0.50357,1.0
4306,1998-09-07,,,,1998,9,7,,-0.27081,-0.4784,0.54973,1.0
4307,1998-09-08,,,,1998,9,8,,-0.3866,-0.37933,0.54162,2.0
4308,1998-09-09,,,,1998,9,9,,-0.46836,-0.24677,0.52939,2.0
4309,1998-09-10,,,,1998,9,10,,-0.50291,-0.14468,0.52331,2.0
4310,1998-09-11,,,,1998,9,11,,-0.61192,-0.01797,0.61218,2.0
4311,1998-09-12,,,,1998,9,12,,-0.7106,0.0869,0.71589,3.0
4312,1998-09-13,,,,1998,9,13,,-0.78007,0.17339,0.79911,3.0
4313,1998-09-14,,,,1998,9,14,,-0.80727,0.29362,0.85901,3.0
4314,1998-09-15,,,,1998,9,15,,-0.71122,0.46104,0.84758,3.0
4315,1998-09-16,,,,1998,9,16,,-0.56745,0.60509,0.82954,4.0
4316,1998-09-17,,,,1998,9,17,,-0.47404,0.69465,0.84098,4.0
4317,1998-09-18,,,,1998,9,18,,-0.38086,0.77886,0.86699,4.0
4318,1998-09-19,,,,1998,9,19,,-0.25009,0.88501,0.91966,4.0
4319,1998-09-20,,,,1998,9,20,,-0.19251,0.97677,0.99556,4.0
4320,1998-09-21,,,,1998,9,21,,-0.23984,1.10773,1.1334,4.0
4321,1998-09-22,,,,1998,9,22,,-0.29219,1.236,1.27007,4.0
4322,1998-09-23,,,,1998,9,23,,-0.29995,1.28078,1.31544,4.0
4323,1998-09-24,,,,1998,9,24,,-0.44753,1.23152,1.31032,4.0
4324,1998-09-25,,,,1998,9,25,,-0.64834,1.21248,1.37494,4.0
4325,1998-09-26,,,,1998,9,26,,-0.78647,1.25051,1.47727,4.0
4326,1998-09-27,,,,1998,9,27,,-0.92542,1.2544,1.55882,4.0
4327,1998-09-28,,,,1998,9,28,,-1.09981,1.25158,1.66614,4.0
4328,1998-09-29,,,,1998,9,29,,-1.16293,1.24327,1.70239,4.0
4329,1998-09-30,,,,1998,9,30,,-1.07089,1.16798,1.58461,4.0
4330,1998-10-01,1.01,-1.42,0.294,1998,10,1,,-1.03971,1.09033,1.50659,4.0
4331,1998-10-02,,,,1998,10,2,,-1.06469,1.05344,1.49777,3.0
4332,1998-10-03,,,,1998,10,3,,-0.98693,1.05564,1.44513,4.0
4333,1998-10-04,,,,1998,10,4,,-0.86075,0.98743,1.30993,4.0
4334,1998-10-05,,,,1998,10,5,,-0.79478,0.80194,1.12906,4.0
4335,1998-10-06,,,,1998,10,6,,-0.74366,0.55787,0.92965,3.0
4336,1998-10-07,,,,1998,10,7,,-0.71515,0.33579,0.79006,3.0
4337,1998-10-08,,,,1998,10,8,,-0.74261,0.11774,0.75189,3.0
4338,1998-10-09,,,,1998,10,9,,-0.82447,-0.13009,0.83467,2.0
4339,1998-10-10,,,,1998,10,10,,-0.79078,-0.356,0.86722,2.0
4340,1998-10-11,,,,1998,10,11,,-0.70535,-0.50609,0.86812,2.0
4341,1998-10-12,,,,1998,10,12,,-0.68178,-0.59889,0.90747,2.0
4342,1998-10-13,,,,1998,10,13,,-0.71174,-0.61017,0.93749,2.0
4343,1998-10-14,,,,1998,10,14,,-0.74518,-0.57353,0.94034,2.0
4344,1998-10-15,,,,1998,10,15,,-0.77651,-0.52556,0.93764,2.0
4345,1998-10-16,,,,1998,10,16,,-0.74662,-0.54713,0.92563,2.0
4346,1998-10-17,,,,1998,10,17,,-0.65392,-0.55247,0.85606,2.0
4347,1998-10-18,,,,1998,10,18,,-0.49966,-0.50536,0.71067,1.0
4348,1998-10-19,,,,1998,10,19,,-0.34211,-0.44802,0.5637,1.0
4349,1998-10-20,,,,1998,10,20,,-0.16116,-0.35609,0.39086,1.0
4350,1998-10-21,,,,1998,10,21,,0.0589,-0.32215,0.32749,8.0
4351,1998-10-22,,,,1998,10,22,,0.32426,-0.33703,0.46769,8.0
4352,1998-10-23,,,,1998,10,23,,0.5569,-0.25457,0.61232,7.0
4353,1998-10-24,,,,1998,10,24,,0.70913,-0.10467,0.71682,7.0
4354,1998-10-25,,,,1998,10,25,,0.82609,0.07572,0.82956,6.0
4355,1998-10-26,,,,1998,10,26,,0.90065,0.25238,0.93534,6.0
4356,1998-10-27,,,,1998,10,27,,0.93589,0.3943,1.01556,6.0
4357,1998-10-28,,,,1998,10,28,,0.87459,0.46244,0.98932,6.0
4358,1998-10-29,,,,1998,10,29,,0.79495,0.45881,0.91785,6.0
4359,1998-10-30,,,,1998,10,30,,0.69074,0.42053,0.80868,6.0
4360,1998-10-31,,,,1998,10,31,,0.556,0.394,0.68145,6.0
4361,1998-11-01,1.01,-0.637,-1.449,1998,11,1,,0.44233,0.36456,0.5732,6.0
4362,1998-11-02,,,,1998,11,2,,0.38687,0.31587,0.49945,6.0
4363,1998-11-03,,,,1998,11,3,,0.27431,0.28198,0.3934,5.0
4364,1998-11-04,,,,1998,11,4,,0.16195,0.28012,0.32357,5.0
4365,1998-11-05,,,,1998,11,5,,-0.00869,0.30445,0.30458,4.0
4366,1998-11-06,,,,1998,11,6,,-0.14108,0.35562,0.38258,4.0
4367,1998-11-07,,,,1998,11,7,,-0.25267,0.36012,0.43992,4.0
4368,1998-11-08,,,,1998,11,8,,-0.32476,0.38416,0.50304,4.0
4369,1998-11-09,,,,1998,11,9,,-0.41947,0.42038,0.59387,4.0
4370,1998-11-10,,,,1998,11,10,,-0.53303,0.40308,0.66828,3.0
4371,1998-11-11,,,,1998,11,11,,-0.66037,0.42383,0.78468,3.0
4372,1998-11-12,,,,1998,11,12,,-0.80101,0.4213,0.90505,3.0
4373,1998-11-13,,,,1998,11,13,,-0.91929,0.38774,0.99772,3.0
4374,1998-11-14,,,,1998,11,14,,-1.06458,0.25905,1.09565,3.0
4375,1998-11-15,,,,1998,11,15,,-1.21029,0.1257,1.2168,3.0
4376,1998-11-16,,,,1998,11,16,,-1.34989,0.0027,1.34989,3.0
4377,1998-11-17,,,,1998,11,17,,-1.4522,-0.12197,1.45732,2.0
4378,1998-11-18,,,,1998,11,18,,-1.51759,-0.31366,1.54966,2.0
4379,1998-11-19,,,,1998,11,19,,-1.47801,-0.60305,1.5963,2.0
4380,1998-11-20,,,,1998,11,20,,-1.2858,-0.95487,1.60158,2.0
4381,1998-11-21,,,,1998,11,21,,-0.97536,-1.22609,1.56673,1.0
4382,1998-11-22,,,,1998,11,22,,-0.72439,-1.31726,1.50331,1.0
4383,1998-11-23,,,,1998,11,23,,-0.58203,-1.25162,1.38033,1.0
4384,1998-11-24,,,,1998,11,24,,-0.45192,-1.15754,1.24263,1.0
4385,1998-11-25,,,,1998,11,25,,-0.33217,-1.02923,1.0815,1.0
4386,1998-11-26,,,,1998,11,26,,-0.3095,-0.90379,0.95531,1.0
4387,1998-11-27,,,,1998,11,27,,-0.31037,-0.75551,0.81678,1.0
4388,1998-11-28,,,,1998,11,28,,-0.35799,-0.62467,0.71998,1.0
4389,1998-11-29,,,,1998,11,29,,-0.40905,-0.47447,0.62645,1.0
4390,1998-11-30,,,,1998,11,30,,-0.38611,-0.30974,0.49499,2.0
4391,1998-12-01,1.32,-0.898,1.353,1998,12,1,,-0.32143,-0.15249,0.35577,2.0
4392,1998-12-02,,,,1998,12,2,,-0.22324,0.03062,0.22533,3.0
4393,1998-12-03,,,,1998,12,3,,-0.1442,0.1828,0.23283,4.0
4394,1998-12-04,,,,1998,12,4,,-0.10738,0.30285,0.32132,4.0
4395,1998-12-05,,,,1998,12,5,,-0.08771,0.33777,0.34898,4.0
4396,1998-12-06,,,,1998,12,6,,-0.06028,0.35805,0.36309,4.0
4397,1998-12-07,,,,1998,12,7,,0.00849,0.42312,0.42321,5.0
4398,1998-12-08,,,,1998,12,8,,0.09148,0.45341,0.46254,5.0
4399,1998-12-09,,,,1998,12,9,,0.06849,0.47831,0.48319,5.0
4400,1998-12-10,,,,1998,12,10,,-0.06426,0.44166,0.44631,4.0
4401,1998-12-11,,,,1998,12,11,,-0.21391,0.32903,0.39245,4.0
4402,1998-12-12,,,,1998,12,12,,-0.2876,0.26316,0.38983,3.0
4403,1998-12-13,,,,1998,12,13,,-0.29312,0.16465,0.3362,3.0
4404,1998-12-14,,,,1998,12,14,,-0.21329,0.06618,0.22332,3.0
4405,1998-12-15,,,,1998,12,15,,-0.15681,-0.05974,0.1678,2.0
4406,1998-12-16,,,,1998,12,16,,-0.0922,-0.24068,0.25773,1.0
4407,1998-12-17,,,,1998,12,17,,-0.03991,-0.44305,0.44484,1.0
4408,1998-12-18,,,,1998,12,18,,0.01205,-0.57094,0.57106,8.0
4409,1998-12-19,,,,1998,12,19,,0.07525,-0.6231,0.62763,8.0
4410,1998-12-20,,,,1998,12,20,,0.1185,-0.56219,0.57454,8.0
4411,1998-12-21,,,,1998,12,21,,0.14571,-0.46545,0.48772,8.0
4412,1998-12-22,,,,1998,12,22,,0.14196,-0.33202,0.3611,8.0
4413,1998-12-23,,,,1998,12,23,,0.09406,-0.18718,0.20948,8.0
4414,1998-12-24,,,,1998,12,24,,0.01657,-0.00964,0.01917,7.0
4415,1998-12-25,,,,1998,12,25,,-0.02037,0.20296,0.20398,4.0
4416,1998-12-26,,,,1998,12,26,,-0.00656,0.4233,0.42335,4.0
4417,1998-12-27,,,,1998,12,27,,0.07535,0.61657,0.62116,5.0
4418,1998-12-28,,,,1998,12,28,,0.18188,0.75378,0.77541,5.0
4419,1998-12-29,,,,1998,12,29,,0.30783,0.79664,0.85405,5.0
4420,1998-12-30,,,,1998,12,30,,0.39838,0.70514,0.8099,5.0
4421,1998-12-31,,,,1998,12,31,,0.43353,0.49809,0.66034,5.0
4422,1999-01-01,1.58,-0.671,0.11,1999,1,1,,0.43914,0.27439,0.51782,6.0
4423,1999-01-02,,,,1999,1,2,,0.54508,-0.01919,0.54542,7.0
4424,1999-01-03,,,,1999,1,3,,0.65923,-0.29862,0.72371,7.0
4425,1999-01-04,,,,1999,1,4,,0.73571,-0.4774,0.87703,7.0
4426,1999-01-05,,,,1999,1,5,,0.82745,-0.68146,1.07194,7.0
4427,1999-01-06,,,,1999,1,6,,0.918,-0.88517,1.27525,7.0
4428,1999-01-07,,,,1999,1,7,,0.97792,-1.09077,1.46496,8.0
4429,1999-01-08,,,,1999,1,8,,0.9894,-1.18746,1.54563,8.0
4430,1999-01-09,,,,1999,1,9,,1.09985,-1.21843,1.64141,8.0
4431,1999-01-10,,,,1999,1,10,,1.2281,-1.20428,1.72004,7.0
4432,1999-01-11,,,,1999,1,11,,1.23248,-1.0902,1.64546,7.0
4433,1999-01-12,,,,1999,1,12,,1.18393,-0.96996,1.53053,7.0
4434,1999-01-13,,,,1999,1,13,,1.13404,-0.91107,1.45468,7.0
4435,1999-01-14,,,,1999,1,14,,1.07199,-0.77872,1.32498,7.0
4436,1999-01-15,,,,1999,1,15,,1.00099,-0.53315,1.13412,7.0
4437,1999-01-16,,,,1999,1,16,,0.92726,-0.21937,0.95286,7.0
4438,1999-01-17,,,,1999,1,17,,0.92278,0.09004,0.92716,6.0
4439,1999-01-18,,,,1999,1,18,,0.92914,0.43627,1.02647,6.0
4440,1999-01-19,,,,1999,1,19,,0.96344,0.75921,1.22663,6.0
4441,1999-01-20,,,,1999,1,20,,1.06605,0.96901,1.44064,6.0
4442,1999-01-21,,,,1999,1,21,,1.07556,1.16492,1.58552,5.0
4443,1999-01-22,,,,1999,1,22,,1.03086,1.349,1.69779,5.0
4444,1999-01-23,,,,1999,1,23,,0.92828,1.43786,1.71147,5.0
4445,1999-01-24,,,,1999,1,24,,0.80146,1.43523,1.64384,5.0
4446,1999-01-25,,,,1999,1,25,,0.63205,1.35076,1.49132,5.0
4447,1999-01-26,,,,1999,1,26,,0.46749,1.20262,1.29029,5.0
4448,1999-01-27,,,,1999,1,27,,0.21173,1.0165,1.03832,5.0
4449,1999-01-28,,,,1999,1,28,,-0.09884,0.85064,0.85637,4.0
4450,1999-01-29,,,,1999,1,29,,-0.39467,0.75145,0.84879,4.0
4451,1999-01-30,,,,1999,1,30,,-0.57741,0.6691,0.8838,4.0
4452,1999-01-31,,,,1999,1,31,,-0.75373,0.59175,0.95827,3.0
4453,1999-02-01,0.58,-0.943,0.482,1999,2,1,,-0.92134,0.50295,1.04967,3.0
4454,1999-02-02,,,,1999,2,2,,-1.08684,0.42145,1.16569,3.0
4455,1999-02-03,,,,1999,2,3,,-1.21015,0.33165,1.25477,3.0
4456,1999-02-04,,,,1999,2,4,,-1.36831,0.24818,1.39063,3.0
4457,1999-02-05,,,,1999,2,5,,-1.5661,0.18169,1.5766,3.0
4458,1999-02-06,,,,1999,2,6,,-1.72547,0.08271,1.72745,3.0
4459,1999-02-07,,,,1999,2,7,,-1.8625,-0.01508,1.86256,2.0
4460,1999-02-08,,,,1999,2,8,,-2.02003,-0.12536,2.02391,2.0
4461,1999-02-09,,,,1999,2,9,,-2.04802,-0.1462,2.05323,2.0
4462,1999-02-10,,,,1999,2,10,,-2.05804,-0.06503,2.05906,2.0
4463,1999-02-11,,,,1999,2,11,,-2.03962,-0.03438,2.03991,2.0
4464,1999-02-12,,,,1999,2,12,,-1.94686,-0.11837,1.95046,2.0
4465,1999-02-13,,,,1999,2,13,,-1.82876,-0.22014,1.84196,2.0
4466,1999-02-14,,,,1999,2,14,,-1.67708,-0.35287,1.7138,2.0
4467,1999-02-15,,,,1999,2,15,,-1.46889,-0.43819,1.53285,2.0
4468,1999-02-16,,,,1999,2,16,,-1.21929,-0.5195,1.32535,2.0
4469,1999-02-17,,,,1999,2,17,,-0.93947,-0.67426,1.15639,2.0
4470,1999-02-18,,,,1999,2,18,,-0.79217,-0.85663,1.16677,1.0
4471,1999-02-19,,,,1999,2,19,,-0.62416,-1.01411,1.19079,1.0
4472,1999-02-20,,,,1999,2,20,,-0.44783,-1.16529,1.24838,1.0
4473,1999-02-21,,,,1999,2,21,,-0.24077,-1.20746,1.23123,1.0
4474,1999-02-22,,,,1999,2,22,,-0.01134,-1.24627,1.24633,1.0
4475,1999-02-23,,,,1999,2,23,,0.35017,-1.19297,1.2433,8.0
4476,1999-02-24,,,,1999,2,24,,0.65633,-1.06015,1.24687,8.0
4477,1999-02-25,,,,1999,2,25,,0.81035,-0.87841,1.1951,8.0
4478,1999-02-26,,,,1999,2,26,,0.9075,-0.61182,1.09448,7.0
4479,1999-02-27,,,,1999,2,27,,1.05334,-0.32998,1.10382,7.0
4480,1999-02-28,,,,1999,2,28,,1.20623,-0.15566,1.21623,7.0
4481,1999-03-01,0.78,-0.907,-1.492,1999,3,1,,1.31119,-0.11022,1.31582,7.0
4482,1999-03-02,,,,1999,3,2,,1.41835,-0.07501,1.42033,7.0
4483,1999-03-03,,,,1999,3,3,,1.49438,-0.07191,1.49611,7.0
4484,1999-03-04,,,,1999,3,4,,1.50611,-0.16027,1.51461,7.0
4485,1999-03-05,,,,1999,3,5,,1.52162,-0.25906,1.54352,7.0
4486,1999-03-06,,,,1999,3,6,,1.55821,-0.38322,1.60464,7.0
4487,1999-03-07,,,,1999,3,7,,1.52053,-0.5235,1.60813,7.0
4488,1999-03-08,,,,1999,3,8,,1.50594,-0.68186,1.65312,7.0
4489,1999-03-09,,,,1999,3,9,,1.5393,-0.79561,1.73275,7.0
4490,1999-03-10,,,,1999,3,10,,1.67747,-0.8053,1.86076,7.0
4491,1999-03-11,,,,1999,3,11,,1.79929,-0.75883,1.95275,7.0
4492,1999-03-12,,,,1999,3,12,,1.92453,-0.6435,2.02926,7.0
4493,1999-03-13,,,,1999,3,13,,2.12942,-0.41497,2.16948,7.0
4494,1999-03-14,,,,1999,3,14,,2.32794,-0.10855,2.33047,7.0
4495,1999-03-15,,,,1999,3,15,,2.47001,0.3183,2.49043,6.0
4496,1999-03-16,,,,1999,3,16,,2.44419,0.7931,2.56965,6.0
4497,1999-03-17,,,,1999,3,17,,2.21281,1.1012,2.47168,6.0
4498,1999-03-18,,,,1999,3,18,,1.94841,1.2266,2.30236,6.0
4499,1999-03-19,,,,1999,3,19,,1.65886,1.28104,2.09592,6.0
4500,1999-03-20,,,,1999,3,20,,1.3822,1.29432,1.89361,6.0
4501,1999-03-21,,,,1999,3,21,,1.05696,1.34576,1.7112,5.0
4502,1999-03-22,,,,1999,3,22,,0.74356,1.34307,1.53516,5.0
4503,1999-03-23,,,,1999,3,23,,0.39947,1.33009,1.38879,5.0
4504,1999-03-24,,,,1999,3,24,,0.08239,1.3643,1.36678,5.0
4505,1999-03-25,,,,1999,3,25,,-0.17626,1.31298,1.32475,4.0
4506,1999-03-26,,,,1999,3,26,,-0.37603,1.25381,1.30898,4.0
4507,1999-03-27,,,,1999,3,27,,-0.54895,1.25004,1.36526,4.0
4508,1999-03-28,,,,1999,3,28,,-0.65826,1.16876,1.34138,4.0
4509,1999-03-29,,,,1999,3,29,,-0.83254,1.07088,1.35643,4.0
4510,1999-03-30,,,,1999,3,30,,-0.90078,0.95629,1.31373,4.0
4511,1999-03-31,,,,1999,3,31,,-0.99785,0.92177,1.35844,3.0
4512,1999-04-01,2.1,-1.373,0.284,1999,4,1,,-1.02604,0.94182,1.39276,3.0
4513,1999-04-02,,,,1999,4,2,,-1.07195,0.88094,1.38749,3.0
4514,1999-04-03,,,,1999,4,3,,-1.02844,0.8095,1.30881,3.0
4515,1999-04-04,,,,1999,4,4,,-0.98454,0.74913,1.23714,3.0
4516,1999-04-05,,,,1999,4,5,,-1.01049,0.66513,1.20974,3.0
4517,1999-04-06,,,,1999,4,6,,-1.06863,0.65261,1.25214,3.0
4518,1999-04-07,,,,1999,4,7,,-0.98405,0.66189,1.18594,3.0
4519,1999-04-08,,,,1999,4,8,,-0.92805,0.68756,1.155,3.0
4520,1999-04-09,,,,1999,4,9,,-0.84955,0.76822,1.14538,3.0
4521,1999-04-10,,,,1999,4,10,,-0.76544,0.80286,1.10927,4.0
4522,1999-04-11,,,,1999,4,11,,-0.68446,0.91182,1.14013,4.0
4523,1999-04-12,,,,1999,4,12,,-0.70943,1.01605,1.23922,4.0
4524,1999-04-13,,,,1999,4,13,,-0.68722,1.10114,1.29799,4.0
4525,1999-04-14,,,,1999,4,14,,-0.66537,1.13615,1.31664,4.0
4526,1999-04-15,,,,1999,4,15,,-0.67366,1.09011,1.28147,4.0
4527,1999-04-16,,,,1999,4,16,,-0.72982,0.98979,1.22976,4.0
4528,1999-04-17,,,,1999,4,17,,-0.75274,0.82455,1.11646,4.0
4529,1999-04-18,,,,1999,4,18,,-0.82906,0.59466,1.02028,3.0
4530,1999-04-19,,,,1999,4,19,,-0.93327,0.33754,0.99244,3.0
4531,1999-04-20,,,,1999,4,20,,-1.06571,0.00625,1.06573,3.0
4532,1999-04-21,,,,1999,4,21,,-1.164,-0.33475,1.21118,2.0
4533,1999-04-22,,,,1999,4,22,,-1.29063,-0.68616,1.46169,2.0
4534,1999-04-23,,,,1999,4,23,,-1.34946,-0.96829,1.66092,2.0
4535,1999-04-24,,,,1999,4,24,,-1.33895,-1.14717,1.76318,2.0
4536,1999-04-25,,,,1999,4,25,,-1.25829,-1.24066,1.76707,2.0
4537,1999-04-26,,,,1999,4,26,,-1.21983,-1.3364,1.80941,1.0
4538,1999-04-27,,,,1999,4,27,,-1.14905,-1.45848,1.85674,1.0
4539,1999-04-28,,,,1999,4,28,,-1.0214,-1.52173,1.83274,1.0
4540,1999-04-29,,,,1999,4,29,,-0.85797,-1.52937,1.75359,1.0
4541,1999-04-30,,,,1999,4,30,,-0.59941,-1.50048,1.61578,1.0
4542,1999-05-01,0.44,-1.833,0.226,1999,5,1,,-0.35623,-1.45395,1.49696,1.0
4543,1999-05-02,,,,1999,5,2,,-0.13223,-1.42187,1.42801,1.0
4544,1999-05-03,,,,1999,5,3,,0.07754,-1.44315,1.44523,8.0
4545,1999-05-04,,,,1999,5,4,,0.2251,-1.51501,1.53165,8.0
4546,1999-05-05,,,,1999,5,5,,0.36358,-1.56773,1.60934,8.0
4547,1999-05-06,,,,1999,5,6,,0.50881,-1.50872,1.59221,8.0
4548,1999-05-07,,,,1999,5,7,,0.64497,-1.50936,1.64139,8.0
4549,1999-05-08,,,,1999,5,8,,0.72286,-1.52724,1.68968,8.0
4550,1999-05-09,,,,1999,5,9,,0.69862,-1.51255,1.66609,8.0
4551,1999-05-10,,,,1999,5,10,,0.70718,-1.44614,1.60979,8.0
4552,1999-05-11,,,,1999,5,11,,0.75849,-1.38889,1.58251,8.0
4553,1999-05-12,,,,1999,5,12,,0.77364,-1.37963,1.58174,8.0
4554,1999-05-13,,,,1999,5,13,,0.77425,-1.35144,1.55751,8.0
4555,1999-05-14,,,,1999,5,14,,0.8255,-1.2256,1.47769,8.0
4556,1999-05-15,,,,1999,5,15,,0.8239,-1.06519,1.34664,8.0
4557,1999-05-16,,,,1999,5,16,,0.78059,-0.88792,1.18225,8.0
4558,1999-05-17,,,,1999,5,17,,0.7629,-0.73431,1.05889,7.0
4559,1999-05-18,,,,1999,5,18,,0.74158,-0.61064,0.96064,7.0
4560,1999-05-19,,,,1999,5,19,,0.66458,-0.43479,0.79417,7.0
4561,1999-05-20,,,,1999,5,20,,0.55391,-0.17108,0.57973,7.0
4562,1999-05-21,,,,1999,5,21,,0.48148,0.06251,0.48552,6.0
4563,1999-05-22,,,,1999,5,22,,0.39204,0.23375,0.45644,6.0
4564,1999-05-23,,,,1999,5,23,,0.27239,0.32543,0.42438,5.0
4565,1999-05-24,,,,1999,5,24,,0.18647,0.3324,0.38114,5.0
4566,1999-05-25,,,,1999,5,25,,0.04607,0.30256,0.30604,5.0
4567,1999-05-26,,,,1999,5,26,,-0.12327,0.26935,0.29622,4.0
4568,1999-05-27,,,,1999,5,27,,-0.3298,0.29305,0.44119,3.0
4569,1999-05-28,,,,1999,5,28,,-0.57925,0.25731,0.63383,3.0
4570,1999-05-29,,,,1999,5,29,,-0.76958,0.12031,0.77893,3.0
4571,1999-05-30,,,,1999,5,30,,-0.97285,0.08128,0.97624,3.0
4572,1999-05-31,,,,1999,5,31,,-1.11856,0.06057,1.1202,3.0
4573,1999-06-01,0.0,-1.917,0.707,1999,6,1,,-1.21144,0.0648,1.21317,3.0
4574,1999-06-02,,,,1999,6,2,,-1.24976,0.07648,1.25209,3.0
4575,1999-06-03,,,,1999,6,3,,-1.25981,0.12242,1.26574,3.0
4576,1999-06-04,,,,1999,6,4,,-1.24586,0.21635,1.26451,3.0
4577,1999-06-05,,,,1999,6,5,,-1.13718,0.33242,1.18477,3.0
4578,1999-06-06,,,,1999,6,6,,-0.94252,0.41005,1.02786,3.0
4579,1999-06-07,,,,1999,6,7,,-0.79566,0.44565,0.91196,3.0
4580,1999-06-08,,,,1999,6,8,,-0.61849,0.43239,0.75465,3.0
4581,1999-06-09,,,,1999,6,9,,-0.53162,0.45217,0.69791,3.0
4582,1999-06-10,,,,1999,6,10,,-0.52805,0.44874,0.69297,3.0
4583,1999-06-11,,,,1999,6,11,,-0.48189,0.43821,0.65134,3.0
4584,1999-06-12,,,,1999,6,12,,-0.40515,0.40819,0.57513,4.0
4585,1999-06-13,,,,1999,6,13,,-0.38563,0.29393,0.48488,3.0
4586,1999-06-14,,,,1999,6,14,,-0.42471,0.08691,0.43351,3.0
4587,1999-06-15,,,,1999,6,15,,-0.44571,-0.10387,0.45765,2.0
4588,1999-06-16,,,,1999,6,16,,-0.49878,-0.27532,0.56972,2.0
4589,1999-06-17,,,,1999,6,17,,-0.5992,-0.41735,0.73022,2.0
4590,1999-06-18,,,,1999,6,18,,-0.59627,-0.5938,0.84151,2.0
4591,1999-06-19,,,,1999,6,19,,-0.45725,-0.79381,0.91608,1.0
4592,1999-06-20,,,,1999,6,20,,-0.32003,-0.99337,1.04365,1.0
4593,1999-06-21,,,,1999,6,21,,-0.1886,-1.14146,1.15693,1.0
4594,1999-06-22,,,,1999,6,22,,-0.08605,-1.25024,1.2532,1.0
4595,1999-06-23,,,,1999,6,23,,0.04042,-1.30452,1.30515,8.0
4596,1999-06-24,,,,1999,6,24,,0.25563,-1.38309,1.40652,8.0
4597,1999-06-25,,,,1999,6,25,,0.47622,-1.46032,1.53601,8.0
4598,1999-06-26,,,,1999,6,26,,0.70988,-1.50525,1.66424,8.0
4599,1999-06-27,,,,1999,6,27,,0.93716,-1.49758,1.76663,8.0
4600,1999-06-28,,,,1999,6,28,,1.12703,-1.47752,1.85829,8.0
4601,1999-06-29,,,,1999,6,29,,1.2955,-1.38067,1.8933,8.0
4602,1999-06-30,,,,1999,6,30,,1.41027,-1.24858,1.88356,7.0
4603,1999-07-01,0.52,-1.302,-0.002,1999,7,1,,1.61121,-1.05598,1.92642,7.0
4604,1999-07-02,,,,1999,7,2,,1.82081,-0.8966,2.02959,7.0
4605,1999-07-03,,,,1999,7,3,,1.8907,-0.67608,2.00794,7.0
4606,1999-07-04,,,,1999,7,4,,1.87082,-0.48145,1.93177,7.0
4607,1999-07-05,,,,1999,7,5,,1.79545,-0.3097,1.82197,7.0
4608,1999-07-06,,,,1999,7,6,,1.64461,-0.1574,1.65212,7.0
4609,1999-07-07,,,,1999,7,7,,1.46089,0.00158,1.46089,6.0
4610,1999-07-08,,,,1999,7,8,,1.2003,0.11849,1.20613,6.0
4611,1999-07-09,,,,1999,7,9,,0.98972,0.19869,1.00946,6.0
4612,1999-07-10,,,,1999,7,10,,0.82319,0.24768,0.85964,6.0
4613,1999-07-11,,,,1999,7,11,,0.64011,0.30626,0.70961,6.0
4614,1999-07-12,,,,1999,7,12,,0.41788,0.30228,0.51575,6.0
4615,1999-07-13,,,,1999,7,13,,0.22545,0.37963,0.44153,5.0
4616,1999-07-14,,,,1999,7,14,,0.04592,0.45544,0.45775,5.0
4617,1999-07-15,,,,1999,7,15,,-0.1255,0.51247,0.52761,4.0
4618,1999-07-16,,,,1999,7,16,,-0.31881,0.58732,0.66827,4.0
4619,1999-07-17,,,,1999,7,17,,-0.4502,0.64786,0.78892,4.0
4620,1999-07-18,,,,1999,7,18,,-0.56861,0.69919,0.90122,4.0
4621,1999-07-19,,,,1999,7,19,,-0.76763,0.70246,1.04053,3.0
4622,1999-07-20,,,,1999,7,20,,-1.00442,0.67677,1.21115,3.0
4623,1999-07-21,,,,1999,7,21,,-1.13201,0.67988,1.32049,3.0
4624,1999-07-22,,,,1999,7,22,,-1.17191,0.61245,1.3223,3.0
4625,1999-07-23,,,,1999,7,23,,-1.26686,0.50471,1.36369,3.0
4626,1999-07-24,,,,1999,7,24,,-1.32712,0.42506,1.39353,3.0
4627,1999-07-25,,,,1999,7,25,,-1.31949,0.27663,1.34817,3.0
4628,1999-07-26,,,,1999,7,26,,-1.25405,0.10393,1.25835,3.0
4629,1999-07-27,,,,1999,7,27,,-1.20061,-0.06463,1.20235,2.0
4630,1999-07-28,,,,1999,7,28,,-1.15406,-0.12351,1.16065,2.0
4631,1999-07-29,,,,1999,7,29,,-1.07944,-0.14467,1.08909,2.0
4632,1999-07-30,,,,1999,7,30,,-1.04651,-0.19286,1.06413,2.0
4633,1999-07-31,,,,1999,7,31,,-1.04806,-0.25091,1.07768,2.0
4634,1999-08-01,-0.03,-1.104,-0.672,1999,8,1,,-0.9185,-0.26375,0.95561,2.0
4635,1999-08-02,,,,1999,8,2,,-0.68448,-0.29171,0.74405,2.0
4636,1999-08-03,,,,1999,8,3,,-0.48117,-0.32053,0.57815,2.0
4637,1999-08-04,,,,1999,8,4,,-0.34168,-0.38776,0.51682,1.0
4638,1999-08-05,,,,1999,8,5,,-0.30639,-0.41552,0.51627,1.0
4639,1999-08-06,,,,1999,8,6,,-0.22353,-0.4365,0.4904,1.0
4640,1999-08-07,,,,1999,8,7,,-0.13852,-0.43795,0.45933,1.0
4641,1999-08-08,,,,1999,8,8,,-0.01796,-0.45204,0.4524,1.0
4642,1999-08-09,,,,1999,8,9,,0.11372,-0.4489,0.46308,8.0
4643,1999-08-10,,,,1999,8,10,,0.19662,-0.41132,0.4559,8.0
4644,1999-08-11,,,,1999,8,11,,0.2297,-0.36205,0.42877,8.0
4645,1999-08-12,,,,1999,8,12,,0.27536,-0.2505,0.37226,7.0
4646,1999-08-13,,,,1999,8,13,,0.37027,-0.14337,0.39705,7.0
4647,1999-08-14,,,,1999,8,14,,0.51436,-0.08626,0.52154,7.0
4648,1999-08-15,,,,1999,8,15,,0.67218,-0.08255,0.67723,7.0
4649,1999-08-16,,,,1999,8,16,,0.83817,-0.09155,0.84316,7.0
4650,1999-08-17,,,,1999,8,17,,1.04688,-0.07564,1.04961,7.0
4651,1999-08-18,,,,1999,8,18,,1.18432,0.01176,1.18438,6.0
4652,1999-08-19,,,,1999,8,19,,1.23111,0.15716,1.2411,6.0
4653,1999-08-20,,,,1999,8,20,,1.22832,0.34109,1.2748,6.0
4654,1999-08-21,,,,1999,8,21,,1.22316,0.46633,1.30904,6.0
4655,1999-08-22,,,,1999,8,22,,1.12011,0.61452,1.2776,6.0
4656,1999-08-23,,,,1999,8,23,,1.01563,0.80014,1.29295,6.0
4657,1999-08-24,,,,1999,8,24,,0.84634,0.97325,1.28977,5.0
4658,1999-08-25,,,,1999,8,25,,0.62786,1.05841,1.23063,5.0
4659,1999-08-26,,,,1999,8,26,,0.35937,1.08096,1.13913,5.0
4660,1999-08-27,,,,1999,8,27,,0.108,1.02497,1.03064,5.0
4661,1999-08-28,,,,1999,8,28,,0.00063,0.89028,0.89028,5.0
4662,1999-08-29,,,,1999,8,29,,-0.07189,0.71614,0.71974,4.0
4663,1999-08-30,,,,1999,8,30,,-0.12478,0.5793,0.59259,4.0
4664,1999-08-31,,,,1999,8,31,,-0.10336,0.43486,0.44697,4.0
4665,1999-09-01,-0.07,-1.457,0.059,1999,9,1,,-0.13347,0.30056,0.32886,4.0
4666,1999-09-02,,,,1999,9,2,,-0.18324,0.17462,0.25312,3.0
4667,1999-09-03,,,,1999,9,3,,-0.20123,0.11686,0.2327,3.0
4668,1999-09-04,,,,1999,9,4,,-0.21658,0.04079,0.22039,3.0
4669,1999-09-05,,,,1999,9,5,,-0.17933,-0.03435,0.18259,2.0
4670,1999-09-06,,,,1999,9,6,,-0.22946,-0.10091,0.25067,2.0
4671,1999-09-07,,,,1999,9,7,,-0.31228,-0.15671,0.3494,2.0
4672,1999-09-08,,,,1999,9,8,,-0.36805,-0.27695,0.46061,2.0
4673,1999-09-09,,,,1999,9,9,,-0.41239,-0.38079,0.56131,2.0
4674,1999-09-10,,,,1999,9,10,,-0.41953,-0.50961,0.66009,1.0
4675,1999-09-11,,,,1999,9,11,,-0.41976,-0.65913,0.78145,1.0
4676,1999-09-12,,,,1999,9,12,,-0.29687,-0.82655,0.87825,1.0
4677,1999-09-13,,,,1999,9,13,,-0.16196,-0.92414,0.93822,1.0
4678,1999-09-14,,,,1999,9,14,,-0.04687,-0.99773,0.99883,1.0
4679,1999-09-15,,,,1999,9,15,,0.09772,-1.035,1.0396,8.0
4680,1999-09-16,,,,1999,9,16,,0.29348,-0.99515,1.03752,8.0
4681,1999-09-17,,,,1999,9,17,,0.39047,-0.95733,1.0339,8.0
4682,1999-09-18,,,,1999,9,18,,0.41893,-1.00107,1.08519,8.0
4683,1999-09-19,,,,1999,9,19,,0.54136,-0.98013,1.1197,8.0
4684,1999-09-20,,,,1999,9,20,,0.72779,-0.87451,1.13774,8.0
4685,1999-09-21,,,,1999,9,21,,0.86672,-0.67362,1.09771,7.0
4686,1999-09-22,,,,1999,9,22,,0.96455,-0.43141,1.05664,7.0
4687,1999-09-23,,,,1999,9,23,,1.08367,-0.1089,1.08913,7.0
4688,1999-09-24,,,,1999,9,24,,1.19471,0.13974,1.20285,6.0
4689,1999-09-25,,,,1999,9,25,,1.26685,0.27696,1.29677,6.0
4690,1999-09-26,,,,1999,9,26,,1.37018,0.39475,1.42591,6.0
4691,1999-09-27,,,,1999,9,27,,1.4648,0.54737,1.56373,6.0
4692,1999-09-28,,,,1999,9,28,,1.49467,0.62723,1.62094,6.0
4693,1999-09-29,,,,1999,9,29,,1.50288,0.6353,1.63164,6.0
4694,1999-09-30,,,,1999,9,30,,1.49966,0.55953,1.60064,6.0
4695,1999-10-01,0.95,-1.928,-0.006,1999,10,1,,1.43492,0.4154,1.49384,6.0
4696,1999-10-02,,,,1999,10,2,,1.33418,0.229,1.35369,6.0
4697,1999-10-03,,,,1999,10,3,,1.25167,0.14383,1.25991,6.0
4698,1999-10-04,,,,1999,10,4,,1.20146,0.07721,1.20394,6.0
4699,1999-10-05,,,,1999,10,5,,1.0916,0.05411,1.09294,6.0
4700,1999-10-06,,,,1999,10,6,,1.00927,0.11757,1.0161,6.0
4701,1999-10-07,,,,1999,10,7,,0.87572,0.21389,0.90147,6.0
4702,1999-10-08,,,,1999,10,8,,0.73925,0.35949,0.82202,6.0
4703,1999-10-09,,,,1999,10,9,,0.50698,0.55349,0.75059,5.0
4704,1999-10-10,,,,1999,10,10,,0.21701,0.77561,0.8054,5.0
4705,1999-10-11,,,,1999,10,11,,-0.08553,0.89271,0.8968,4.0
4706,1999-10-12,,,,1999,10,12,,-0.35543,0.91088,0.97777,4.0
4707,1999-10-13,,,,1999,10,13,,-0.64483,0.89151,1.10027,4.0
4708,1999-10-14,,,,1999,10,14,,-0.87615,0.87342,1.23713,3.0
4709,1999-10-15,,,,1999,10,15,,-1.01133,0.84886,1.32036,3.0
4710,1999-10-16,,,,1999,10,16,,-1.02688,0.87011,1.34595,3.0
4711,1999-10-17,,,,1999,10,17,,-1.0977,0.90845,1.42486,3.0
4712,1999-10-18,,,,1999,10,18,,-1.20705,0.91014,1.51173,3.0
4713,1999-10-19,,,,1999,10,19,,-1.24196,0.91388,1.54196,3.0
4714,1999-10-20,,,,1999,10,20,,-1.25002,0.96912,1.58169,3.0
4715,1999-10-21,,,,1999,10,21,,-1.30952,0.95201,1.619,3.0
4716,1999-10-22,,,,1999,10,22,,-1.40268,0.95774,1.69846,3.0
4717,1999-10-23,,,,1999,10,23,,-1.48451,0.9937,1.78639,3.0
4718,1999-10-24,,,,1999,10,24,,-1.62037,0.98883,1.89826,3.0
4719,1999-10-25,,,,1999,10,25,,-1.81781,0.93641,2.04483,3.0
4720,1999-10-26,,,,1999,10,26,,-1.94885,0.85542,2.12833,3.0
4721,1999-10-27,,,,1999,10,27,,-2.01437,0.79719,2.16638,3.0
4722,1999-10-28,,,,1999,10,28,,-2.10388,0.72148,2.22415,3.0
4723,1999-10-29,,,,1999,10,29,,-2.23368,0.61714,2.31737,3.0
4724,1999-10-30,,,,1999,10,30,,-2.33233,0.47755,2.38072,3.0
4725,1999-10-31,,,,1999,10,31,,-2.35466,0.3675,2.38317,3.0
4726,1999-11-01,1.22,-1.786,0.611,1999,11,1,,-2.31232,0.21455,2.32225,3.0
4727,1999-11-02,,,,1999,11,2,,-2.22765,0.03964,2.228,3.0
4728,1999-11-03,,,,1999,11,3,,-2.13963,-0.06791,2.14071,2.0
4729,1999-11-04,,,,1999,11,4,,-2.09479,-0.21057,2.10535,2.0
4730,1999-11-05,,,,1999,11,5,,-2.00207,-0.40485,2.04259,2.0
4731,1999-11-06,,,,1999,11,6,,-1.83389,-0.56401,1.91866,2.0
4732,1999-11-07,,,,1999,11,7,,-1.6355,-0.66203,1.76441,2.0
4733,1999-11-08,,,,1999,11,8,,-1.426,-0.64284,1.5642,2.0
4734,1999-11-09,,,,1999,11,9,,-1.16402,-0.66503,1.3406,2.0
4735,1999-11-10,,,,1999,11,10,,-0.92347,-0.65448,1.13187,2.0
4736,1999-11-11,,,,1999,11,11,,-0.74603,-0.59358,0.95336,2.0
4737,1999-11-12,,,,1999,11,12,,-0.59895,-0.56732,0.82498,2.0
4738,1999-11-13,,,,1999,11,13,,-0.43897,-0.52884,0.68729,1.0
4739,1999-11-14,,,,1999,11,14,,-0.25356,-0.52356,0.58173,1.0
4740,1999-11-15,,,,1999,11,15,,-0.09476,-0.52948,0.5379,1.0
4741,1999-11-16,,,,1999,11,16,,0.07174,-0.6255,0.6296,8.0
4742,1999-11-17,,,,1999,11,17,,0.17431,-0.69878,0.72019,8.0
4743,1999-11-18,,,,1999,11,18,,0.22609,-0.75517,0.78828,8.0
4744,1999-11-19,,,,1999,11,19,,0.3493,-0.83628,0.9063,8.0
4745,1999-11-20,,,,1999,11,20,,0.58602,-0.8058,0.99637,8.0
4746,1999-11-21,,,,1999,11,21,,0.85684,-0.66365,1.08379,7.0
4747,1999-11-22,,,,1999,11,22,,1.0965,-0.57414,1.23772,7.0
4748,1999-11-23,,,,1999,11,23,,1.22974,-0.50633,1.3299,7.0
4749,1999-11-24,,,,1999,11,24,,1.27928,-0.45959,1.35933,7.0
4750,1999-11-25,,,,1999,11,25,,1.2877,-0.42563,1.35622,7.0
4751,1999-11-26,,,,1999,11,26,,1.33672,-0.47292,1.41791,7.0
4752,1999-11-27,,,,1999,11,27,,1.37379,-0.49217,1.4593,7.0
4753,1999-11-28,,,,1999,11,28,,1.3106,-0.47839,1.39518,7.0
4754,1999-11-29,,,,1999,11,29,,1.15006,-0.39373,1.21559,7.0
4755,1999-11-30,,,,1999,11,30,,0.957,-0.34553,1.01747,7.0
4756,1999-12-01,1.37,-1.733,1.043,1999,12,1,,0.75602,-0.19673,0.78119,7.0
4757,1999-12-02,,,,1999,12,2,,0.59366,0.04283,0.59521,6.0
4758,1999-12-03,,,,1999,12,3,,0.43398,0.29142,0.52274,6.0
4759,1999-12-04,,,,1999,12,4,,0.34698,0.57067,0.66787,5.0
4760,1999-12-05,,,,1999,12,5,,0.26275,0.88278,0.92105,5.0
4761,1999-12-06,,,,1999,12,6,,0.20468,1.20681,1.22405,5.0
4762,1999-12-07,,,,1999,12,7,,0.22457,1.48064,1.49757,5.0
4763,1999-12-08,,,,1999,12,8,,0.23588,1.62946,1.64644,5.0
4764,1999-12-09,,,,1999,12,9,,0.2746,1.77761,1.79869,5.0
4765,1999-12-10,,,,1999,12,10,,0.23422,1.82722,1.84217,5.0
4766,1999-12-11,,,,1999,12,11,,0.13571,1.76908,1.77428,5.0
4767,1999-12-12,,,,1999,12,12,,0.02827,1.61783,1.61807,5.0
4768,1999-12-13,,,,1999,12,13,,-0.15353,1.46988,1.47788,4.0
4769,1999-12-14,,,,1999,12,14,,-0.28583,1.30739,1.33827,4.0
4770,1999-12-15,,,,1999,12,15,,-0.40779,1.07958,1.15403,4.0
4771,1999-12-16,,,,1999,12,16,,-0.47581,0.80715,0.93696,4.0
4772,1999-12-17,,,,1999,12,17,,-0.45975,0.58812,0.7465,4.0
4773,1999-12-18,,,,1999,12,18,,-0.42692,0.34554,0.54924,3.0
4774,1999-12-19,,,,1999,12,19,,-0.33788,0.18627,0.38582,3.0
4775,1999-12-20,,,,1999,12,20,,-0.2643,0.03331,0.26639,3.0
4776,1999-12-21,,,,1999,12,21,,-0.15968,-0.11064,0.19427,2.0
4777,1999-12-22,,,,1999,12,22,,-0.0216,-0.27535,0.27619,1.0
4778,1999-12-23,,,,1999,12,23,,0.07464,-0.46087,0.46688,8.0
4779,1999-12-24,,,,1999,12,24,,0.16818,-0.63841,0.66019,8.0
4780,1999-12-25,,,,1999,12,25,,0.23084,-0.71163,0.74814,8.0
4781,1999-12-26,,,,1999,12,26,,0.35089,-0.74317,0.82184,8.0
4782,1999-12-27,,,,1999,12,27,,0.48378,-0.74333,0.8869,8.0
4783,1999-12-28,,,,1999,12,28,,0.6396,-0.79226,1.01822,8.0
4784,1999-12-29,,,,1999,12,29,,0.80775,-0.75734,1.10726,7.0
4785,1999-12-30,,,,1999,12,30,,0.94877,-0.67698,1.16553,7.0
4786,1999-12-31,,,,1999,12,31,,1.06132,-0.63318,1.23584,7.0
4787,2000-01-01,0.47,-1.917,1.27,2000,1,1,,1.16636,-0.61081,1.31662,7.0
4788,2000-01-02,,,,2000,1,2,,1.20948,-0.55713,1.33163,7.0
4789,2000-01-03,,,,2000,1,3,,1.18276,-0.57041,1.31312,7.0
4790,2000-01-04,,,,2000,1,4,,1.06812,-0.63009,1.24012,7.0
4791,2000-01-05,,,,2000,1,5,,0.88352,-0.60794,1.07247,7.0
4792,2000-01-06,,,,2000,1,6,,0.63487,-0.51178,0.81546,7.0
4793,2000-01-07,,,,2000,1,7,,0.39347,-0.44218,0.5919,8.0
4794,2000-01-08,,,,2000,1,8,,0.27937,-0.4467,0.52687,8.0
4795,2000-01-09,,,,2000,1,9,,0.20638,-0.45296,0.49776,8.0
4796,2000-01-10,,,,2000,1,10,,0.12755,-0.3246,0.34876,8.0
4797,2000-01-11,,,,2000,1,11,,0.12369,-0.19837,0.23377,8.0
4798,2000-01-12,,,,2000,1,12,,0.2005,-0.06398,0.21046,7.0
4799,2000-01-13,,,,2000,1,13,,0.30374,0.05578,0.30882,6.0
4800,2000-01-14,,,,2000,1,14,,0.34633,0.07052,0.35344,6.0
4801,2000-01-15,,,,2000,1,15,,0.39157,0.1029,0.40487,6.0
4802,2000-01-16,,,,2000,1,16,,0.47493,0.18199,0.5086,6.0
4803,2000-01-17,,,,2000,1,17,,0.50518,0.2646,0.57028,6.0
4804,2000-01-18,,,,2000,1,18,,0.44688,0.30274,0.53977,6.0
4805,2000-01-19,,,,2000,1,19,,0.39783,0.25386,0.47193,6.0
4806,2000-01-20,,,,2000,1,20,,0.31157,0.26204,0.40711,6.0
4807,2000-01-21,,,,2000,1,21,,0.16948,0.26501,0.31457,5.0
4808,2000-01-22,,,,2000,1,22,,0.02632,0.28866,0.28986,5.0
4809,2000-01-23,,,,2000,1,23,,-0.03317,0.31601,0.31774,4.0
4810,2000-01-24,,,,2000,1,24,,-0.07194,0.30496,0.31333,4.0
4811,2000-01-25,,,,2000,1,25,,-0.17198,0.2673,0.31784,4.0
4812,2000-01-26,,,,2000,1,26,,-0.30327,0.3096,0.43339,4.0
4813,2000-01-27,,,,2000,1,27,,-0.3166,0.4098,0.51785,4.0
4814,2000-01-28,,,,2000,1,28,,-0.27801,0.49933,0.57151,4.0
4815,2000-01-29,,,,2000,1,29,,-0.21629,0.53527,0.57731,4.0
4816,2000-01-30,,,,2000,1,30,,-0.09972,0.64061,0.64833,4.0
4817,2000-01-31,,,,2000,1,31,,-0.00024,0.70389,0.70389,4.0
4818,2000-02-01,1.24,-1.118,1.076,2000,2,1,,0.02703,0.71994,0.72044,5.0
4819,2000-02-02,,,,2000,2,2,,0.02498,0.68663,0.68709,5.0
4820,2000-02-03,,,,2000,2,3,,0.03479,0.69512,0.69599,5.0
4821,2000-02-04,,,,2000,2,4,,0.03342,0.73349,0.73425,5.0
4822,2000-02-05,,,,2000,2,5,,0.0283,0.78039,0.7809,5.0
4823,2000-02-06,,,,2000,2,6,,0.01041,0.77637,0.77644,5.0
4824,2000-02-07,,,,2000,2,7,,-0.00113,0.70274,0.70274,4.0
4825,2000-02-08,,,,2000,2,8,,-0.00076,0.60374,0.60374,4.0
4826,2000-02-09,,,,2000,2,9,,0.00137,0.52193,0.52193,5.0
4827,2000-02-10,,,,2000,2,10,,0.14816,0.45611,0.47957,5.0
4828,2000-02-11,,,,2000,2,11,,0.37462,0.39639,0.5454,5.0
4829,2000-02-12,,,,2000,2,12,,0.5515,0.26158,0.61039,6.0
4830,2000-02-13,,,,2000,2,13,,0.69152,0.05991,0.69411,6.0
4831,2000-02-14,,,,2000,2,14,,0.78083,-0.15722,0.7965,7.0
4832,2000-02-15,,,,2000,2,15,,0.88515,-0.32049,0.94139,7.0
4833,2000-02-16,,,,2000,2,16,,1.03127,-0.42662,1.11603,7.0
4834,2000-02-17,,,,2000,2,17,,1.05927,-0.51585,1.1782,7.0
4835,2000-02-18,,,,2000,2,18,,1.01713,-0.47299,1.12172,7.0
4836,2000-02-19,,,,2000,2,19,,0.96632,-0.35816,1.03056,7.0
4837,2000-02-20,,,,2000,2,20,,0.88871,-0.21357,0.91402,7.0
4838,2000-02-21,,,,2000,2,21,,0.84379,-0.07716,0.84731,7.0
4839,2000-02-22,,,,2000,2,22,,0.78899,0.10228,0.79559,6.0
4840,2000-02-23,,,,2000,2,23,,0.67314,0.34844,0.75797,6.0
4841,2000-02-24,,,,2000,2,24,,0.47528,0.55545,0.73104,5.0
4842,2000-02-25,,,,2000,2,25,,0.24147,0.70315,0.74346,5.0
4843,2000-02-26,,,,2000,2,26,,0.11741,0.80666,0.81516,5.0
4844,2000-02-27,,,,2000,2,27,,0.05813,0.78153,0.78369,5.0
4845,2000-02-28,,,,2000,2,28,,0.02579,0.78221,0.78264,5.0
4846,2000-02-29,,,,2000,2,29,,0.02949,0.75701,0.75758,5.0
4847,2000-03-01,0.88,-0.605,-0.451,2000,3,1,,-0.03285,0.66828,0.66909,4.0
4848,2000-03-02,,,,2000,3,2,,-0.10311,0.54419,0.55387,4.0
4849,2000-03-03,,,,2000,3,3,,-0.1707,0.41542,0.44912,4.0
4850,2000-03-04,,,,2000,3,4,,-0.26946,0.31654,0.4157,4.0
4851,2000-03-05,,,,2000,3,5,,-0.46706,0.21532,0.51431,3.0
4852,2000-03-06,,,,2000,3,6,,-0.65614,0.20539,0.68754,3.0
4853,2000-03-07,,,,2000,3,7,,-0.79435,0.26393,0.83705,3.0
4854,2000-03-08,,,,2000,3,8,,-0.94752,0.32122,1.00049,3.0
4855,2000-03-09,,,,2000,3,9,,-1.12293,0.44071,1.20631,3.0
4856,2000-03-10,,,,2000,3,10,,-1.15343,0.57815,1.29021,3.0
4857,2000-03-11,,,,2000,3,11,,-1.15286,0.71226,1.35514,3.0
4858,2000-03-12,,,,2000,3,12,,-1.07007,0.76358,1.31457,3.0
4859,2000-03-13,,,,2000,3,13,,-0.9898,0.75022,1.24198,3.0
4860,2000-03-14,,,,2000,3,14,,-0.93701,0.7182,1.1806,3.0
4861,2000-03-15,,,,2000,3,15,,-0.92505,0.50583,1.05432,3.0
4862,2000-03-16,,,,2000,3,16,,-0.81838,0.24119,0.85318,3.0
4863,2000-03-17,,,,2000,3,17,,-0.7043,-0.00286,0.7043,2.0
4864,2000-03-18,,,,2000,3,18,,-0.58764,-0.19959,0.62061,2.0
4865,2000-03-19,,,,2000,3,19,,-0.50178,-0.35243,0.61318,2.0
4866,2000-03-20,,,,2000,3,20,,-0.4565,-0.52826,0.69818,1.0
4867,2000-03-21,,,,2000,3,21,,-0.52943,-0.70827,0.88427,1.0
4868,2000-03-22,,,,2000,3,22,,-0.62035,-0.80002,1.01236,1.0
4869,2000-03-23,,,,2000,3,23,,-0.65106,-0.87334,1.08931,1.0
4870,2000-03-24,,,,2000,3,24,,-0.67722,-0.89049,1.11875,1.0
4871,2000-03-25,,,,2000,3,25,,-0.74033,-0.86677,1.1399,1.0
4872,2000-03-26,,,,2000,3,26,,-0.73995,-0.81761,1.10273,1.0
4873,2000-03-27,,,,2000,3,27,,-0.71594,-0.7867,1.0637,1.0
4874,2000-03-28,,,,2000,3,28,,-0.67036,-0.74285,1.0006,1.0
4875,2000-03-29,,,,2000,3,29,,-0.55997,-0.70381,0.89939,1.0
4876,2000-03-30,,,,2000,3,30,,-0.46462,-0.62317,0.77731,1.0
4877,2000-03-31,,,,2000,3,31,,-0.40941,-0.58852,0.71692,1.0
4878,2000-04-01,1.76,-0.329,-0.279,2000,4,1,,-0.31851,-0.58309,0.66441,1.0
4879,2000-04-02,,,,2000,4,2,,-0.17566,-0.54332,0.57102,1.0
4880,2000-04-03,,,,2000,4,3,,-0.02956,-0.47963,0.48054,1.0
4881,2000-04-04,,,,2000,4,4,,0.10474,-0.39872,0.41224,8.0
4882,2000-04-05,,,,2000,4,5,,0.22504,-0.3139,0.38623,8.0
4883,2000-04-06,,,,2000,4,6,,0.29163,-0.23505,0.37456,7.0
4884,2000-04-07,,,,2000,4,7,,0.27744,-0.12252,0.30328,7.0
4885,2000-04-08,,,,2000,4,8,,0.28173,-0.03026,0.28335,7.0
4886,2000-04-09,,,,2000,4,9,,0.29985,0.06735,0.30732,6.0
4887,2000-04-10,,,,2000,4,10,,0.23664,0.15447,0.28259,6.0
4888,2000-04-11,,,,2000,4,11,,0.1124,0.2304,0.25635,5.0
4889,2000-04-12,,,,2000,4,12,,-0.00978,0.27724,0.27741,4.0
4890,2000-04-13,,,,2000,4,13,,-0.12198,0.30188,0.32559,4.0
4891,2000-04-14,,,,2000,4,14,,-0.23845,0.3379,0.41357,4.0
4892,2000-04-15,,,,2000,4,15,,-0.31488,0.31689,0.44673,4.0
4893,2000-04-16,,,,2000,4,16,,-0.32544,0.27099,0.42349,3.0
4894,2000-04-17,,,,2000,4,17,,-0.33548,0.27127,0.43143,3.0
4895,2000-04-18,,,,2000,4,18,,-0.38356,0.23786,0.45133,3.0
4896,2000-04-19,,,,2000,4,19,,-0.36471,0.23827,0.43565,3.0
4897,2000-04-20,,,,2000,4,20,,-0.29299,0.17657,0.34208,3.0
4898,2000-04-21,,,,2000,4,21,,-0.19508,0.11813,0.22805,3.0
4899,2000-04-22,,,,2000,4,22,,-0.2054,0.09377,0.22579,3.0
4900,2000-04-23,,,,2000,4,23,,-0.20526,0.10024,0.22843,3.0
4901,2000-04-24,,,,2000,4,24,,-0.21243,0.14732,0.25851,3.0
4902,2000-04-25,,,,2000,4,25,,-0.24986,0.16128,0.29739,3.0
4903,2000-04-26,,,,2000,4,26,,-0.30345,0.12515,0.32824,3.0
4904,2000-04-27,,,,2000,4,27,,-0.36716,0.1425,0.39384,3.0
4905,2000-04-28,,,,2000,4,28,,-0.52261,0.16082,0.5468,3.0
4906,2000-04-29,,,,2000,4,29,,-0.71356,0.23134,0.75013,3.0
4907,2000-04-30,,,,2000,4,30,,-0.90276,0.2619,0.93998,3.0
4908,2000-05-01,0.42,-0.575,0.969,2000,5,1,,-1.04644,0.27453,1.08185,3.0
4909,2000-05-02,,,,2000,5,2,,-1.18812,0.2515,1.21445,3.0
4910,2000-05-03,,,,2000,5,3,,-1.33942,0.17984,1.35144,3.0
4911,2000-05-04,,,,2000,5,4,,-1.47522,0.1224,1.48029,3.0
4912,2000-05-05,,,,2000,5,5,,-1.53593,-0.03891,1.53642,2.0
4913,2000-05-06,,,,2000,5,6,,-1.55874,-0.21946,1.57411,2.0
4914,2000-05-07,,,,2000,5,7,,-1.49643,-0.35961,1.53903,2.0
4915,2000-05-08,,,,2000,5,8,,-1.44804,-0.51021,1.5353,2.0
4916,2000-05-09,,,,2000,5,9,,-1.39467,-0.65017,1.53877,2.0
4917,2000-05-10,,,,2000,5,10,,-1.24599,-0.82008,1.49165,2.0
4918,2000-05-11,,,,2000,5,11,,-1.11865,-0.94853,1.46665,2.0
4919,2000-05-12,,,,2000,5,12,,-0.90502,-0.98006,1.33401,1.0
4920,2000-05-13,,,,2000,5,13,,-0.71628,-0.95071,1.19034,1.0
4921,2000-05-14,,,,2000,5,14,,-0.61753,-0.82618,1.03147,1.0
4922,2000-05-15,,,,2000,5,15,,-0.51625,-0.75832,0.91737,1.0
4923,2000-05-16,,,,2000,5,16,,-0.44017,-0.77464,0.89097,1.0
4924,2000-05-17,,,,2000,5,17,,-0.39181,-0.84689,0.93313,1.0
4925,2000-05-18,,,,2000,5,18,,-0.3144,-0.88964,0.94356,1.0
4926,2000-05-19,,,,2000,5,19,,-0.29754,-0.87117,0.92058,1.0
4927,2000-05-20,,,,2000,5,20,,-0.20918,-0.8446,0.87012,1.0
4928,2000-05-21,,,,2000,5,21,,-0.12937,-0.83625,0.84619,1.0
4929,2000-05-22,,,,2000,5,22,,0.01558,-0.86213,0.86227,8.0
4930,2000-05-23,,,,2000,5,23,,0.23655,-0.83426,0.86715,8.0
4931,2000-05-24,,,,2000,5,24,,0.45083,-0.71265,0.84328,8.0
4932,2000-05-25,,,,2000,5,25,,0.63581,-0.5508,0.84121,7.0
4933,2000-05-26,,,,2000,5,26,,0.91698,-0.24169,0.9483,7.0
4934,2000-05-27,,,,2000,5,27,,1.13911,0.03963,1.1398,6.0
4935,2000-05-28,,,,2000,5,28,,1.42346,0.28186,1.4511,6.0
4936,2000-05-29,,,,2000,5,29,,1.6756,0.40599,1.72409,6.0
4937,2000-05-30,,,,2000,5,30,,1.7997,0.52918,1.87588,6.0
4938,2000-05-31,,,,2000,5,31,,1.84374,0.68524,1.96696,6.0
4939,2000-06-01,-0.87,-0.666,0.586,2000,6,1,,1.82405,0.77333,1.98121,6.0
4940,2000-06-02,,,,2000,6,2,,1.77664,0.79134,1.94491,6.0
4941,2000-06-03,,,,2000,6,3,,1.73,0.80627,1.90866,6.0
4942,2000-06-04,,,,2000,6,4,,1.57487,0.72297,1.73289,6.0
4943,2000-06-05,,,,2000,6,5,,1.34932,0.63815,1.49261,6.0
4944,2000-06-06,,,,2000,6,6,,1.12017,0.47559,1.21695,6.0
4945,2000-06-07,,,,2000,6,7,,0.94754,0.32174,1.00067,6.0
4946,2000-06-08,,,,2000,6,8,,0.75905,0.2013,0.78529,6.0
4947,2000-06-09,,,,2000,6,9,,0.55899,0.10621,0.56899,6.0
4948,2000-06-10,,,,2000,6,10,,0.29294,0.00199,0.29294,6.0
4949,2000-06-11,,,,2000,6,11,,0.04047,-0.05472,0.06806,8.0
4950,2000-06-12,,,,2000,6,12,,-0.10601,-0.12475,0.16372,1.0
4951,2000-06-13,,,,2000,6,13,,-0.2027,-0.18741,0.27606,2.0
4952,2000-06-14,,,,2000,6,14,,-0.10495,-0.21337,0.23778,1.0
4953,2000-06-15,,,,2000,6,15,,-0.07009,-0.2296,0.24006,1.0
4954,2000-06-16,,,,2000,6,16,,-0.1678,-0.21325,0.27135,1.0
4955,2000-06-17,,,,2000,6,17,,-0.2041,-0.17612,0.26958,2.0
4956,2000-06-18,,,,2000,6,18,,-0.15387,-0.18905,0.24376,1.0
4957,2000-06-19,,,,2000,6,19,,-0.02561,-0.1735,0.17538,1.0
4958,2000-06-20,,,,2000,6,20,,0.08292,-0.16697,0.18642,8.0
4959,2000-06-21,,,,2000,6,21,,0.07588,-0.07306,0.10534,7.0
4960,2000-06-22,,,,2000,6,22,,0.15238,0.09296,0.1785,6.0
4961,2000-06-23,,,,2000,6,23,,0.1811,0.23819,0.29922,5.0
4962,2000-06-24,,,,2000,6,24,,0.19781,0.43129,0.47449,5.0
4963,2000-06-25,,,,2000,6,25,,0.26175,0.57787,0.63438,5.0
4964,2000-06-26,,,,2000,6,26,,0.27375,0.62569,0.68295,5.0
4965,2000-06-27,,,,2000,6,27,,0.30507,0.66185,0.72878,5.0
4966,2000-06-28,,,,2000,6,28,,0.27361,0.67704,0.73024,5.0
4967,2000-06-29,,,,2000,6,29,,0.1473,0.70506,0.72028,5.0
4968,2000-06-30,,,,2000,6,30,,0.03475,0.68392,0.6848,5.0
4969,2000-07-01,-0.34,-0.788,-0.649,2000,7,1,,-0.11292,0.58515,0.59595,4.0
4970,2000-07-02,,,,2000,7,2,,-0.29453,0.49006,0.57176,4.0
4971,2000-07-03,,,,2000,7,3,,-0.48753,0.41715,0.64164,3.0
4972,2000-07-04,,,,2000,7,4,,-0.69001,0.3063,0.75493,3.0
4973,2000-07-05,,,,2000,7,5,,-0.82525,0.26711,0.8674,3.0
4974,2000-07-06,,,,2000,7,6,,-1.02407,0.27195,1.05956,3.0
4975,2000-07-07,,,,2000,7,7,,-1.16237,0.29594,1.19945,3.0
4976,2000-07-08,,,,2000,7,8,,-1.19551,0.2781,1.22743,3.0
4977,2000-07-09,,,,2000,7,9,,-1.23544,0.16628,1.24658,3.0
4978,2000-07-10,,,,2000,7,10,,-1.31993,-0.00414,1.31993,2.0
4979,2000-07-11,,,,2000,7,11,,-1.47354,-0.14988,1.48115,2.0
4980,2000-07-12,,,,2000,7,12,,-1.50768,-0.32486,1.54229,2.0
4981,2000-07-13,,,,2000,7,13,,-1.4511,-0.43473,1.51482,2.0
4982,2000-07-14,,,,2000,7,14,,-1.33823,-0.61478,1.47269,2.0
4983,2000-07-15,,,,2000,7,15,,-1.1647,-0.82352,1.42643,2.0
4984,2000-07-16,,,,2000,7,16,,-1.03066,-0.99268,1.43097,2.0
4985,2000-07-17,,,,2000,7,17,,-0.95192,-1.10524,1.45867,1.0
4986,2000-07-18,,,,2000,7,18,,-0.7936,-1.13331,1.38354,1.0
4987,2000-07-19,,,,2000,7,19,,-0.53968,-1.18225,1.2996,1.0
4988,2000-07-20,,,,2000,7,20,,-0.20448,-1.29773,1.31374,1.0
4989,2000-07-21,,,,2000,7,21,,0.06461,-1.36439,1.36591,8.0
4990,2000-07-22,,,,2000,7,22,,0.30552,-1.42028,1.45277,8.0
4991,2000-07-23,,,,2000,7,23,,0.5062,-1.43111,1.51799,8.0
4992,2000-07-24,,,,2000,7,24,,0.7301,-1.41123,1.5889,8.0
4993,2000-07-25,,,,2000,7,25,,1.0092,-1.42051,1.74251,8.0
4994,2000-07-26,,,,2000,7,26,,1.25684,-1.37528,1.86307,8.0
4995,2000-07-27,,,,2000,7,27,,1.50524,-1.36515,2.03209,7.0
4996,2000-07-28,,,,2000,7,28,,1.65527,-1.27062,2.08672,7.0
4997,2000-07-29,,,,2000,7,29,,1.74659,-1.09984,2.06403,7.0
4998,2000-07-30,,,,2000,7,30,,1.80959,-0.91662,2.0285,7.0
4999,2000-07-31,,,,2000,7,31,,1.79102,-0.72181,1.931,7.0
5000,2000-08-01,0.48,-1.071,0.144,2000,8,1,,1.78476,-0.49012,1.85083,7.0
5001,2000-08-02,,,,2000,8,2,,1.66973,-0.29585,1.69574,7.0
5002,2000-08-03,,,,2000,8,3,,1.5038,-0.08091,1.50598,7.0
5003,2000-08-04,,,,2000,8,4,,1.39853,0.08972,1.4014,6.0
5004,2000-08-05,,,,2000,8,5,,1.30063,0.25976,1.32632,6.0
5005,2000-08-06,,,,2000,8,6,,1.21851,0.34786,1.26719,6.0
5006,2000-08-07,,,,2000,8,7,,1.14616,0.37952,1.20736,6.0
5007,2000-08-08,,,,2000,8,8,,1.03396,0.41964,1.11587,6.0
5008,2000-08-09,,,,2000,8,9,,0.99698,0.55127,1.13924,6.0
5009,2000-08-10,,,,2000,8,10,,0.90816,0.64434,1.11353,6.0
5010,2000-08-11,,,,2000,8,11,,0.78369,0.78343,1.10812,6.0
5011,2000-08-12,,,,2000,8,12,,0.59734,0.92183,1.09845,5.0
5012,2000-08-13,,,,2000,8,13,,0.34764,1.09607,1.14988,5.0
5013,2000-08-14,,,,2000,8,14,,-0.00239,1.26798,1.26798,4.0
5014,2000-08-15,,,,2000,8,15,,-0.30145,1.46015,1.49095,4.0
5015,2000-08-16,,,,2000,8,16,,-0.62229,1.71202,1.82161,4.0
5016,2000-08-17,,,,2000,8,17,,-0.92449,1.89881,2.11191,4.0
5017,2000-08-18,,,,2000,8,18,,-1.26315,1.88663,2.27045,4.0
5018,2000-08-19,,,,2000,8,19,,-1.52924,1.82748,2.38291,4.0
5019,2000-08-20,,,,2000,8,20,,-1.7586,1.71014,2.45301,3.0
5020,2000-08-21,,,,2000,8,21,,-1.89914,1.53878,2.44429,3.0
5021,2000-08-22,,,,2000,8,22,,-1.94863,1.28433,2.33381,3.0
5022,2000-08-23,,,,2000,8,23,,-1.93282,1.01419,2.18275,3.0
5023,2000-08-24,,,,2000,8,24,,-2.03447,0.73941,2.16467,3.0
5024,2000-08-25,,,,2000,8,25,,-2.09106,0.40591,2.13009,3.0
5025,2000-08-26,,,,2000,8,26,,-2.01543,0.06291,2.01641,3.0
5026,2000-08-27,,,,2000,8,27,,-1.91226,-0.17415,1.92018,2.0
5027,2000-08-28,,,,2000,8,28,,-1.88787,-0.47883,1.94765,2.0
5028,2000-08-29,,,,2000,8,29,,-1.8168,-0.75805,1.9686,2.0
5029,2000-08-30,,,,2000,8,30,,-1.74957,-0.99308,2.01177,2.0
5030,2000-08-31,,,,2000,8,31,,-1.66134,-1.11699,2.00193,2.0
5031,2000-09-01,0.97,-0.936,0.395,2000,9,1,,-1.55957,-1.2376,1.99096,2.0
5032,2000-09-02,,,,2000,9,2,,-1.33115,-1.3591,1.9024,1.0
5033,2000-09-03,,,,2000,9,3,,-1.09719,-1.46304,1.82874,1.0
5034,2000-09-04,,,,2000,9,4,,-0.96068,-1.53322,1.80933,1.0
5035,2000-09-05,,,,2000,9,5,,-0.85452,-1.57487,1.79176,1.0
5036,2000-09-06,,,,2000,9,6,,-0.68306,-1.48086,1.6308,1.0
5037,2000-09-07,,,,2000,9,7,,-0.52125,-1.33661,1.43465,1.0
5038,2000-09-08,,,,2000,9,8,,-0.32273,-1.19714,1.23988,1.0
5039,2000-09-09,,,,2000,9,9,,-0.11873,-1.14432,1.15046,1.0
5040,2000-09-10,,,,2000,9,10,,0.14566,-1.04858,1.05865,8.0
5041,2000-09-11,,,,2000,9,11,,0.46338,-0.89265,1.00576,8.0
5042,2000-09-12,,,,2000,9,12,,0.82265,-0.71182,1.08786,7.0
5043,2000-09-13,,,,2000,9,13,,1.25713,-0.51932,1.36018,7.0
5044,2000-09-14,,,,2000,9,14,,1.65291,-0.33735,1.68699,7.0
5045,2000-09-15,,,,2000,9,15,,1.99819,-0.19986,2.00816,7.0
5046,2000-09-16,,,,2000,9,16,,2.31347,-0.06045,2.31426,7.0
5047,2000-09-17,,,,2000,9,17,,2.45759,0.06302,2.4584,6.0
5048,2000-09-18,,,,2000,9,18,,2.49469,0.18466,2.50152,6.0
5049,2000-09-19,,,,2000,9,19,,2.48938,0.30951,2.50855,6.0
5050,2000-09-20,,,,2000,9,20,,2.41034,0.4356,2.44938,6.0
5051,2000-09-21,,,,2000,9,21,,2.27945,0.47252,2.32791,6.0
5052,2000-09-22,,,,2000,9,22,,2.11182,0.48573,2.16696,6.0
5053,2000-09-23,,,,2000,9,23,,1.99976,0.50641,2.06289,6.0
5054,2000-09-24,,,,2000,9,24,,1.7881,0.56598,1.87553,6.0
5055,2000-09-25,,,,2000,9,25,,1.53654,0.62038,1.65705,6.0
5056,2000-09-26,,,,2000,9,26,,1.39386,0.70659,1.56273,6.0
5057,2000-09-27,,,,2000,9,27,,1.32193,0.83118,1.56153,6.0
5058,2000-09-28,,,,2000,9,28,,1.208,0.94981,1.53669,6.0
5059,2000-09-29,,,,2000,9,29,,1.07978,1.03711,1.49717,6.0
5060,2000-09-30,,,,2000,9,30,,0.90269,1.17826,1.4843,5.0
5061,2000-10-01,0.87,-1.072,0.317,2000,10,1,,0.60622,1.31316,1.44634,5.0
5062,2000-10-02,,,,2000,10,2,,0.271,1.42405,1.44961,5.0
5063,2000-10-03,,,,2000,10,3,,0.02437,1.43818,1.43839,5.0
5064,2000-10-04,,,,2000,10,4,,-0.17535,1.436,1.44667,4.0
5065,2000-10-05,,,,2000,10,5,,-0.43522,1.45185,1.51568,4.0
5066,2000-10-06,,,,2000,10,6,,-0.76381,1.40939,1.60306,4.0
5067,2000-10-07,,,,2000,10,7,,-1.04606,1.288,1.65927,4.0
5068,2000-10-08,,,,2000,10,8,,-1.34328,1.16383,1.77733,3.0
5069,2000-10-09,,,,2000,10,9,,-1.61844,1.01516,1.91047,3.0
5070,2000-10-10,,,,2000,10,10,,-1.7835,0.83023,1.96727,3.0
5071,2000-10-11,,,,2000,10,11,,-1.90731,0.60061,1.99964,3.0
5072,2000-10-12,,,,2000,10,12,,-1.96507,0.50384,2.02864,3.0
5073,2000-10-13,,,,2000,10,13,,-1.95999,0.43825,2.00839,3.0
5074,2000-10-14,,,,2000,10,14,,-1.84848,0.4207,1.89575,3.0
5075,2000-10-15,,,,2000,10,15,,-1.69146,0.43989,1.74773,3.0
5076,2000-10-16,,,,2000,10,16,,-1.58924,0.4961,1.66487,3.0
5077,2000-10-17,,,,2000,10,17,,-1.47362,0.5219,1.56331,3.0
5078,2000-10-18,,,,2000,10,18,,-1.35213,0.55079,1.46001,3.0
5079,2000-10-19,,,,2000,10,19,,-1.2548,0.58227,1.38332,3.0
5080,2000-10-20,,,,2000,10,20,,-1.17135,0.62007,1.32535,3.0
5081,2000-10-21,,,,2000,10,21,,-1.19277,0.55471,1.31545,3.0
5082,2000-10-22,,,,2000,10,22,,-1.31293,0.45352,1.38905,3.0
5083,2000-10-23,,,,2000,10,23,,-1.47911,0.27677,1.50478,3.0
5084,2000-10-24,,,,2000,10,24,,-1.59231,0.14283,1.5987,3.0
5085,2000-10-25,,,,2000,10,25,,-1.64214,-0.02528,1.64233,2.0
5086,2000-10-26,,,,2000,10,26,,-1.68228,-0.23004,1.69793,2.0
5087,2000-10-27,,,,2000,10,27,,-1.60128,-0.4844,1.67295,2.0
5088,2000-10-28,,,,2000,10,28,,-1.47524,-0.69539,1.63092,2.0
5089,2000-10-29,,,,2000,10,29,,-1.31563,-0.84539,1.56383,2.0
5090,2000-10-30,,,,2000,10,30,,-1.11521,-1.07394,1.54824,2.0
5091,2000-10-31,,,,2000,10,31,,-0.81411,-1.28382,1.52019,1.0
5092,2000-11-01,2.02,-0.955,-1.581,2000,11,1,,-0.4482,-1.43563,1.50396,1.0
5093,2000-11-02,,,,2000,11,2,,-0.10318,-1.57574,1.57911,1.0
5094,2000-11-03,,,,2000,11,3,,0.22087,-1.64018,1.65498,8.0
5095,2000-11-04,,,,2000,11,4,,0.56467,-1.64726,1.74135,8.0
5096,2000-11-05,,,,2000,11,5,,0.8205,-1.62474,1.82017,8.0
5097,2000-11-06,,,,2000,11,6,,1.06957,-1.59441,1.91993,8.0
5098,2000-11-07,,,,2000,11,7,,1.27474,-1.57257,2.02434,8.0
5099,2000-11-08,,,,2000,11,8,,1.39431,-1.43461,2.00056,8.0
5100,2000-11-09,,,,2000,11,9,,1.55037,-1.3,2.02328,7.0
5101,2000-11-10,,,,2000,11,10,,1.68877,-1.17444,2.057,7.0
5102,2000-11-11,,,,2000,11,11,,1.71981,-1.06642,2.02362,7.0
5103,2000-11-12,,,,2000,11,12,,1.73352,-0.87859,1.94345,7.0
5104,2000-11-13,,,,2000,11,13,,1.72644,-0.71835,1.86992,7.0
5105,2000-11-14,,,,2000,11,14,,1.78359,-0.59863,1.88137,7.0
5106,2000-11-15,,,,2000,11,15,,1.77247,-0.46504,1.83246,7.0
5107,2000-11-16,,,,2000,11,16,,1.77079,-0.25647,1.78926,7.0
5108,2000-11-17,,,,2000,11,17,,1.75793,-0.00334,1.75794,7.0
5109,2000-11-18,,,,2000,11,18,,1.65244,0.36409,1.69208,6.0
5110,2000-11-19,,,,2000,11,19,,1.44152,0.84203,1.66943,6.0
5111,2000-11-20,,,,2000,11,20,,1.04498,1.24801,1.62773,5.0
5112,2000-11-21,,,,2000,11,21,,0.57042,1.4017,1.51332,5.0
5113,2000-11-22,,,,2000,11,22,,0.12582,1.43514,1.44065,5.0
5114,2000-11-23,,,,2000,11,23,,-0.2941,1.3996,1.43017,4.0
5115,2000-11-24,,,,2000,11,24,,-0.60046,1.31571,1.44625,4.0
5116,2000-11-25,,,,2000,11,25,,-0.82235,1.16827,1.42868,4.0
5117,2000-11-26,,,,2000,11,26,,-0.98345,1.01471,1.41308,4.0
5118,2000-11-27,,,,2000,11,27,,-1.09197,0.85407,1.3863,3.0
5119,2000-11-28,,,,2000,11,28,,-1.19619,0.64841,1.36063,3.0
5120,2000-11-29,,,,2000,11,29,,-1.33923,0.40092,1.39796,3.0
5121,2000-11-30,,,,2000,11,30,,-1.47457,0.1976,1.48775,3.0
5122,2000-12-01,0.77,-0.295,-2.354,2000,12,1,,-1.51702,0.0045,1.51703,3.0
5123,2000-12-02,,,,2000,12,2,,-1.53873,-0.1384,1.54494,2.0
5124,2000-12-03,,,,2000,12,3,,-1.51777,-0.29539,1.54624,2.0
5125,2000-12-04,,,,2000,12,4,,-1.47513,-0.4521,1.54286,2.0
5126,2000-12-05,,,,2000,12,5,,-1.47624,-0.58295,1.58717,2.0
5127,2000-12-06,,,,2000,12,6,,-1.47186,-0.66086,1.61341,2.0
5128,2000-12-07,,,,2000,12,7,,-1.38077,-0.63606,1.52022,2.0
5129,2000-12-08,,,,2000,12,8,,-1.22547,-0.58799,1.35923,2.0
5130,2000-12-09,,,,2000,12,9,,-1.08061,-0.63728,1.25453,2.0
5131,2000-12-10,,,,2000,12,10,,-0.97994,-0.6863,1.19637,2.0
5132,2000-12-11,,,,2000,12,11,,-0.88767,-0.70279,1.1322,2.0
5133,2000-12-12,,,,2000,12,12,,-0.87623,-0.66534,1.10021,2.0
5134,2000-12-13,,,,2000,12,13,,-0.81363,-0.66049,1.04797,2.0
5135,2000-12-14,,,,2000,12,14,,-0.66168,-0.70585,0.96749,1.0
5136,2000-12-15,,,,2000,12,15,,-0.49469,-0.7264,0.87885,1.0
5137,2000-12-16,,,,2000,12,16,,-0.37862,-0.79863,0.88383,1.0
5138,2000-12-17,,,,2000,12,17,,-0.30053,-0.8014,0.8559,1.0
5139,2000-12-18,,,,2000,12,18,,-0.21259,-0.67447,0.70718,1.0
5140,2000-12-19,,,,2000,12,19,,-0.10024,-0.53792,0.54718,1.0
5141,2000-12-20,,,,2000,12,20,,-0.00086,-0.41792,0.41792,1.0
5142,2000-12-21,,,,2000,12,21,,0.10708,-0.25535,0.27689,8.0
5143,2000-12-22,,,,2000,12,22,,0.15009,-0.10332,0.18222,7.0
5144,2000-12-23,,,,2000,12,23,,0.20046,0.00331,0.20048,6.0
5145,2000-12-24,,,,2000,12,24,,0.26774,0.02175,0.26862,6.0
5146,2000-12-25,,,,2000,12,25,,0.33285,0.0426,0.33556,6.0
5147,2000-12-26,,,,2000,12,26,,0.43346,-0.06627,0.4385,7.0
5148,2000-12-27,,,,2000,12,27,,0.54478,-0.25558,0.60175,7.0
5149,2000-12-28,,,,2000,12,28,,0.66656,-0.40425,0.77956,7.0
5150,2000-12-29,,,,2000,12,29,,0.7558,-0.56583,0.94414,7.0
5151,2000-12-30,,,,2000,12,30,,0.84245,-0.68829,1.08787,7.0
5152,2000-12-31,,,,2000,12,31,,0.92624,-0.7699,1.20444,7.0
5153,2001-01-01,0.78,0.199,-0.959,2001,1,1,,0.98876,-0.7585,1.24618,7.0
5154,2001-01-02,,,,2001,1,2,,1.04609,-0.70099,1.25924,7.0
5155,2001-01-03,,,,2001,1,3,,1.12999,-0.59336,1.2763,7.0
5156,2001-01-04,,,,2001,1,4,,1.19934,-0.3993,1.26407,7.0
5157,2001-01-05,,,,2001,1,5,,1.20783,-0.10023,1.21198,7.0
5158,2001-01-06,,,,2001,1,6,,1.21406,0.23845,1.23725,6.0
5159,2001-01-07,,,,2001,1,7,,1.24729,0.57907,1.37515,6.0
5160,2001-01-08,,,,2001,1,8,,1.23123,0.80389,1.47043,6.0
5161,2001-01-09,,,,2001,1,9,,1.15955,1.01157,1.53877,6.0
5162,2001-01-10,,,,2001,1,10,,1.1103,1.25662,1.67686,5.0
5163,2001-01-11,,,,2001,1,11,,1.11442,1.49008,1.86072,5.0
5164,2001-01-12,,,,2001,1,12,,1.16295,1.69135,2.05258,5.0
5165,2001-01-13,,,,2001,1,13,,1.18453,1.8583,2.20372,5.0
5166,2001-01-14,,,,2001,1,14,,1.21072,1.88841,2.2432,5.0
5167,2001-01-15,,,,2001,1,15,,1.2416,1.81187,2.19646,5.0
5168,2001-01-16,,,,2001,1,16,,1.2782,1.69731,2.12477,5.0
5169,2001-01-17,,,,2001,1,17,,1.35711,1.58778,2.08873,5.0
5170,2001-01-18,,,,2001,1,18,,1.4599,1.43034,2.04381,6.0
5171,2001-01-19,,,,2001,1,19,,1.55146,1.19283,1.95701,6.0
5172,2001-01-20,,,,2001,1,20,,1.55008,0.99087,1.83972,6.0
5173,2001-01-21,,,,2001,1,21,,1.47184,0.82458,1.68708,6.0
5174,2001-01-22,,,,2001,1,22,,1.49047,0.70011,1.64671,6.0
5175,2001-01-23,,,,2001,1,23,,1.5405,0.6762,1.68237,6.0
5176,2001-01-24,,,,2001,1,24,,1.5482,0.69432,1.69676,6.0
5177,2001-01-25,,,,2001,1,25,,1.56806,0.68617,1.71162,6.0
5178,2001-01-26,,,,2001,1,26,,1.6093,0.60103,1.71788,6.0
5179,2001-01-27,,,,2001,1,27,,1.61216,0.52765,1.69632,6.0
5180,2001-01-28,,,,2001,1,28,,1.49552,0.5282,1.58606,6.0
5181,2001-01-29,,,,2001,1,29,,1.28542,0.63503,1.43373,6.0
5182,2001-01-30,,,,2001,1,30,,0.99496,0.79632,1.2744,6.0
5183,2001-01-31,,,,2001,1,31,,0.68873,0.97116,1.19059,5.0
5184,2001-02-01,1.0,-0.168,-0.622,2001,2,1,,0.476,1.1598,1.25368,5.0
5185,2001-02-02,,,,2001,2,2,,0.2075,1.35375,1.36956,5.0
5186,2001-02-03,,,,2001,2,3,,-0.10701,1.551,1.55469,4.0
5187,2001-02-04,,,,2001,2,4,,-0.50093,1.76066,1.83053,4.0
5188,2001-02-05,,,,2001,2,5,,-0.93878,1.87217,2.09436,4.0
5189,2001-02-06,,,,2001,2,6,,-1.28725,1.94905,2.33577,4.0
5190,2001-02-07,,,,2001,2,7,,-1.4999,1.99224,2.49373,4.0
5191,2001-02-08,,,,2001,2,8,,-1.59516,1.91273,2.4906,4.0
5192,2001-02-09,,,,2001,2,9,,-1.66071,1.74758,2.41081,4.0
5193,2001-02-10,,,,2001,2,10,,-1.82192,1.45323,2.33051,3.0
5194,2001-02-11,,,,2001,2,11,,-1.95259,1.13369,2.25785,3.0
5195,2001-02-12,,,,2001,2,12,,-2.10967,0.79435,2.25426,3.0
5196,2001-02-13,,,,2001,2,13,,-2.30566,0.48781,2.3567,3.0
5197,2001-02-14,,,,2001,2,14,,-2.50288,0.23318,2.51372,3.0
5198,2001-02-15,,,,2001,2,15,,-2.70797,-0.04757,2.70838,2.0
5199,2001-02-16,,,,2001,2,16,,-2.88721,-0.45687,2.92313,2.0
5200,2001-02-17,,,,2001,2,17,,-3.01986,-0.78662,3.12063,2.0
5201,2001-02-18,,,,2001,2,18,,-3.17743,-1.0243,3.33845,2.0
5202,2001-02-19,,,,2001,2,19,,-3.31218,-1.24536,3.53857,2.0
5203,2001-02-20,,,,2001,2,20,,-3.41897,-1.47217,3.72245,2.0
5204,2001-02-21,,,,2001,2,21,,-3.44148,-1.6992,3.8381,2.0
5205,2001-02-22,,,,2001,2,22,,-3.29742,-2.02162,3.86781,2.0
5206,2001-02-23,,,,2001,2,23,,-2.93095,-2.4149,3.79766,2.0
5207,2001-02-24,,,,2001,2,24,,-2.36461,-2.80671,3.67001,1.0
5208,2001-02-25,,,,2001,2,25,,-1.79506,-2.98894,3.48654,1.0
5209,2001-02-26,,,,2001,2,26,,-1.35107,-3.03924,3.32602,1.0
5210,2001-02-27,,,,2001,2,27,,-0.98213,-3.00556,3.16195,1.0
5211,2001-02-28,,,,2001,2,28,,-0.66647,-2.7926,2.87103,1.0
5212,2001-03-01,0.46,-0.192,-1.687,2001,3,1,,-0.49745,-2.48701,2.53627,1.0
5213,2001-03-02,,,,2001,3,2,,-0.27013,-2.19467,2.21124,1.0
5214,2001-03-03,,,,2001,3,3,,0.01743,-1.89031,1.89039,8.0
5215,2001-03-04,,,,2001,3,4,,0.25379,-1.6151,1.63492,8.0
5216,2001-03-05,,,,2001,3,5,,0.35932,-1.37571,1.42186,8.0
5217,2001-03-06,,,,2001,3,6,,0.37118,-1.09723,1.15831,8.0
5218,2001-03-07,,,,2001,3,7,,0.37746,-0.78341,0.8696,8.0
5219,2001-03-08,,,,2001,3,8,,0.37948,-0.51638,0.64083,8.0
5220,2001-03-09,,,,2001,3,9,,0.36539,-0.38274,0.52915,8.0
5221,2001-03-10,,,,2001,3,10,,0.3299,-0.32451,0.46275,7.0
5222,2001-03-11,,,,2001,3,11,,0.32163,-0.21878,0.38898,7.0
5223,2001-03-12,,,,2001,3,12,,0.3009,-0.10431,0.31847,7.0
5224,2001-03-13,,,,2001,3,13,,0.26295,-0.05985,0.26967,7.0
5225,2001-03-14,,,,2001,3,14,,0.28785,-0.00268,0.28787,7.0
5226,2001-03-15,,,,2001,3,15,,0.35398,-0.017,0.35439,7.0
5227,2001-03-16,,,,2001,3,16,,0.48147,-0.03867,0.48302,7.0
5228,2001-03-17,,,,2001,3,17,,0.64438,0.02561,0.64488,6.0
5229,2001-03-18,,,,2001,3,18,,0.7223,0.1363,0.73504,6.0
5230,2001-03-19,,,,2001,3,19,,0.73663,0.24687,0.7769,6.0
5231,2001-03-20,,,,2001,3,20,,0.79723,0.24723,0.83468,6.0
5232,2001-03-21,,,,2001,3,21,,0.82929,0.16711,0.84596,6.0
5233,2001-03-22,,,,2001,3,22,,0.89048,0.15213,0.90338,6.0
5234,2001-03-23,,,,2001,3,23,,0.97266,0.145,0.98341,6.0
5235,2001-03-24,,,,2001,3,24,,1.02599,0.1574,1.038,6.0
5236,2001-03-25,,,,2001,3,25,,0.95184,0.18268,0.96921,6.0
5237,2001-03-26,,,,2001,3,26,,0.85254,0.17777,0.87088,6.0
5238,2001-03-27,,,,2001,3,27,,0.83167,0.16606,0.84808,6.0
5239,2001-03-28,,,,2001,3,28,,0.89067,0.06617,0.89312,6.0
5240,2001-03-29,,,,2001,3,29,,0.89878,-0.09454,0.90374,7.0
5241,2001-03-30,,,,2001,3,30,,0.85548,-0.2091,0.88066,7.0
5242,2001-03-31,,,,2001,3,31,,0.78461,-0.27799,0.8324,7.0
5243,2001-04-01,-0.18,-0.79,0.906,2001,4,1,,0.6889,-0.32414,0.76135,7.0
5244,2001-04-02,,,,2001,4,2,,0.57978,-0.31294,0.65885,7.0
5245,2001-04-03,,,,2001,4,3,,0.56834,-0.29211,0.63901,7.0
5246,2001-04-04,,,,2001,4,4,,0.54126,-0.22477,0.58608,7.0
5247,2001-04-05,,,,2001,4,5,,0.45184,-0.17116,0.48317,7.0
5248,2001-04-06,,,,2001,4,6,,0.36767,-0.09979,0.38098,7.0
5249,2001-04-07,,,,2001,4,7,,0.28584,0.06419,0.29296,6.0
5250,2001-04-08,,,,2001,4,8,,0.21795,0.25435,0.33496,5.0
5251,2001-04-09,,,,2001,4,9,,0.14983,0.31608,0.3498,5.0
5252,2001-04-10,,,,2001,4,10,,0.06865,0.32327,0.33048,5.0
5253,2001-04-11,,,,2001,4,11,,0.03097,0.31411,0.31563,5.0
5254,2001-04-12,,,,2001,4,12,,0.00679,0.21079,0.2109,5.0
5255,2001-04-13,,,,2001,4,13,,0.06499,0.06306,0.09056,6.0
5256,2001-04-14,,,,2001,4,14,,0.1338,-0.10806,0.17199,7.0
5257,2001-04-15,,,,2001,4,15,,0.12734,-0.22791,0.26107,8.0
5258,2001-04-16,,,,2001,4,16,,0.14133,-0.39434,0.4189,8.0
5259,2001-04-17,,,,2001,4,17,,0.19764,-0.55499,0.58913,8.0
5260,2001-04-18,,,,2001,4,18,,0.2562,-0.61738,0.66843,8.0
5261,2001-04-19,,,,2001,4,19,,0.37594,-0.57005,0.68285,8.0
5262,2001-04-20,,,,2001,4,20,,0.53103,-0.5128,0.73822,7.0
5263,2001-04-21,,,,2001,4,21,,0.69778,-0.40503,0.80681,7.0
5264,2001-04-22,,,,2001,4,22,,0.78761,-0.21805,0.81724,7.0
5265,2001-04-23,,,,2001,4,23,,0.90765,0.00166,0.90765,6.0
5266,2001-04-24,,,,2001,4,24,,1.02604,0.21173,1.04766,6.0
5267,2001-04-25,,,,2001,4,25,,1.12703,0.40881,1.19889,6.0
5268,2001-04-26,,,,2001,4,26,,1.11944,0.59721,1.26878,6.0
5269,2001-04-27,,,,2001,4,27,,1.07168,0.77571,1.32296,6.0
5270,2001-04-28,,,,2001,4,28,,0.88607,0.80736,1.19873,6.0
5271,2001-04-29,,,,2001,4,29,,0.67448,0.7845,1.03458,5.0
5272,2001-04-30,,,,2001,4,30,,0.39909,0.72162,0.82463,5.0
5273,2001-05-01,-0.84,-0.695,0.452,2001,5,1,,0.11422,0.6308,0.64106,5.0
5274,2001-05-02,,,,2001,5,2,,-0.22895,0.52647,0.5741,4.0
5275,2001-05-03,,,,2001,5,3,,-0.48864,0.39906,0.63089,3.0
5276,2001-05-04,,,,2001,5,4,,-0.73304,0.29333,0.78955,3.0
5277,2001-05-05,,,,2001,5,5,,-0.89758,0.18771,0.917,3.0
5278,2001-05-06,,,,2001,5,6,,-1.06604,0.1251,1.07335,3.0
5279,2001-05-07,,,,2001,5,7,,-1.15798,0.18825,1.17318,3.0
5280,2001-05-08,,,,2001,5,8,,-1.28249,0.21347,1.30014,3.0
5281,2001-05-09,,,,2001,5,9,,-1.42966,0.15153,1.43767,3.0
5282,2001-05-10,,,,2001,5,10,,-1.56903,0.00486,1.56904,3.0
5283,2001-05-11,,,,2001,5,11,,-1.65925,-0.1128,1.66308,2.0
5284,2001-05-12,,,,2001,5,12,,-1.7295,-0.20722,1.74187,2.0
5285,2001-05-13,,,,2001,5,13,,-1.70255,-0.3096,1.73047,2.0
5286,2001-05-14,,,,2001,5,14,,-1.56951,-0.48893,1.6439,2.0
5287,2001-05-15,,,,2001,5,15,,-1.38427,-0.71721,1.55904,2.0
5288,2001-05-16,,,,2001,5,16,,-1.20077,-1.01134,1.56992,2.0
5289,2001-05-17,,,,2001,5,17,,-1.02546,-1.20874,1.58513,1.0
5290,2001-05-18,,,,2001,5,18,,-0.81438,-1.1681,1.42396,1.0
5291,2001-05-19,,,,2001,5,19,,-0.61281,-1.04745,1.21355,1.0
5292,2001-05-20,,,,2001,5,20,,-0.41496,-0.93519,1.02312,1.0
5293,2001-05-21,,,,2001,5,21,,-0.17752,-0.87347,0.89132,1.0
5294,2001-05-22,,,,2001,5,22,,-0.00907,-0.80176,0.80181,1.0
5295,2001-05-23,,,,2001,5,23,,0.10111,-0.64374,0.65163,8.0
5296,2001-05-24,,,,2001,5,24,,0.21282,-0.47702,0.52234,8.0
5297,2001-05-25,,,,2001,5,25,,0.35495,-0.32163,0.47899,7.0
5298,2001-05-26,,,,2001,5,26,,0.48586,-0.18019,0.5182,7.0
5299,2001-05-27,,,,2001,5,27,,0.60433,-0.10337,0.61311,7.0
5300,2001-05-28,,,,2001,5,28,,0.73869,-0.05571,0.74079,7.0
5301,2001-05-29,,,,2001,5,29,,0.8469,-0.04395,0.84804,7.0
5302,2001-05-30,,,,2001,5,30,,0.86827,0.00758,0.8683,6.0
5303,2001-05-31,,,,2001,5,31,,0.8403,0.06639,0.84292,6.0
5304,2001-06-01,-0.19,-0.917,-0.015,2001,6,1,,0.84881,0.06971,0.85167,6.0
5305,2001-06-02,,,,2001,6,2,,0.92059,0.07748,0.92384,6.0
5306,2001-06-03,,,,2001,6,3,,0.92405,0.13081,0.93326,6.0
5307,2001-06-04,,,,2001,6,4,,0.90414,0.1865,0.92318,6.0
5308,2001-06-05,,,,2001,6,5,,0.87922,0.19412,0.90039,6.0
5309,2001-06-06,,,,2001,6,6,,0.82325,0.27909,0.86927,6.0
5310,2001-06-07,,,,2001,6,7,,0.77638,0.36541,0.85807,6.0
5311,2001-06-08,,,,2001,6,8,,0.64194,0.33202,0.72272,6.0
5312,2001-06-09,,,,2001,6,9,,0.49315,0.30573,0.58024,6.0
5313,2001-06-10,,,,2001,6,10,,0.23443,0.31851,0.39548,5.0
5314,2001-06-11,,,,2001,6,11,,-0.03941,0.35878,0.36094,4.0
5315,2001-06-12,,,,2001,6,12,,-0.19241,0.36348,0.41127,4.0
5316,2001-06-13,,,,2001,6,13,,-0.38026,0.33752,0.50845,3.0
5317,2001-06-14,,,,2001,6,14,,-0.53144,0.35902,0.64135,3.0
5318,2001-06-15,,,,2001,6,15,,-0.67422,0.32118,0.74681,3.0
5319,2001-06-16,,,,2001,6,16,,-0.7963,0.25595,0.83643,3.0
5320,2001-06-17,,,,2001,6,17,,-0.9139,0.32362,0.96951,3.0
5321,2001-06-18,,,,2001,6,18,,-0.98468,0.40839,1.06601,3.0
5322,2001-06-19,,,,2001,6,19,,-0.96083,0.4016,1.04138,3.0
5323,2001-06-20,,,,2001,6,20,,-0.98418,0.37008,1.05146,3.0
5324,2001-06-21,,,,2001,6,21,,-1.02556,0.38986,1.09716,3.0
5325,2001-06-22,,,,2001,6,22,,-0.97958,0.42984,1.06973,3.0
5326,2001-06-23,,,,2001,6,23,,-0.97953,0.43846,1.07318,3.0
5327,2001-06-24,,,,2001,6,24,,-0.9432,0.42803,1.03578,3.0
5328,2001-06-25,,,,2001,6,25,,-0.97227,0.45957,1.07542,3.0
5329,2001-06-26,,,,2001,6,26,,-0.93641,0.43984,1.03456,3.0
5330,2001-06-27,,,,2001,6,27,,-1.00738,0.37561,1.07512,3.0
5331,2001-06-28,,,,2001,6,28,,-1.16604,0.32218,1.20973,3.0
5332,2001-06-29,,,,2001,6,29,,-1.24724,0.29727,1.28218,3.0
5333,2001-06-30,,,,2001,6,30,,-1.28094,0.19221,1.29528,3.0
5334,2001-07-01,-0.27,-1.622,-0.031,2001,7,1,,-1.28322,0.01169,1.28327,3.0
5335,2001-07-02,,,,2001,7,2,,-1.20387,-0.25049,1.22966,2.0
5336,2001-07-03,,,,2001,7,3,,-1.18176,-0.47605,1.27404,2.0
5337,2001-07-04,,,,2001,7,4,,-1.05688,-0.62387,1.22728,2.0
5338,2001-07-05,,,,2001,7,5,,-0.8665,-0.76939,1.15879,2.0
5339,2001-07-06,,,,2001,7,6,,-0.60499,-0.93539,1.11399,1.0
5340,2001-07-07,,,,2001,7,7,,-0.32376,-1.0458,1.09477,1.0
5341,2001-07-08,,,,2001,7,8,,-0.11967,-1.2304,1.2362,1.0
5342,2001-07-09,,,,2001,7,9,,-0.00407,-1.33478,1.33478,1.0
5343,2001-07-10,,,,2001,7,10,,0.13329,-1.35432,1.36086,8.0
5344,2001-07-11,,,,2001,7,11,,0.26507,-1.2669,1.29433,8.0
5345,2001-07-12,,,,2001,7,12,,0.41196,-1.19578,1.26475,8.0
5346,2001-07-13,,,,2001,7,13,,0.48892,-1.23528,1.32851,8.0
5347,2001-07-14,,,,2001,7,14,,0.49791,-1.28733,1.38027,8.0
5348,2001-07-15,,,,2001,7,15,,0.50563,-1.26829,1.36537,8.0
5349,2001-07-16,,,,2001,7,16,,0.55053,-1.26653,1.381,8.0
5350,2001-07-17,,,,2001,7,17,,0.60829,-1.2088,1.35322,8.0
5351,2001-07-18,,,,2001,7,18,,0.71309,-1.15084,1.35386,8.0
5352,2001-07-19,,,,2001,7,19,,0.84385,-1.10597,1.39113,8.0
5353,2001-07-20,,,,2001,7,20,,0.93529,-1.03301,1.39351,8.0
5354,2001-07-21,,,,2001,7,21,,1.07597,-0.97147,1.44964,7.0
5355,2001-07-22,,,,2001,7,22,,1.24602,-0.81924,1.49121,7.0
5356,2001-07-23,,,,2001,7,23,,1.42603,-0.61512,1.55304,7.0
5357,2001-07-24,,,,2001,7,24,,1.62554,-0.41476,1.67762,7.0
5358,2001-07-25,,,,2001,7,25,,1.73903,-0.19235,1.74963,7.0
5359,2001-07-26,,,,2001,7,26,,1.8745,-0.02958,1.87473,7.0
5360,2001-07-27,,,,2001,7,27,,1.94239,0.11763,1.94595,6.0
5361,2001-07-28,,,,2001,7,28,,1.74032,0.31962,1.76943,6.0
5362,2001-07-29,,,,2001,7,29,,1.46596,0.5643,1.57082,6.0
5363,2001-07-30,,,,2001,7,30,,1.21888,0.78629,1.45049,6.0
5364,2001-07-31,,,,2001,7,31,,0.95846,0.97227,1.36527,5.0
5365,2001-08-01,-1.01,-0.977,0.521,2001,8,1,,0.68768,1.09493,1.29298,5.0
5366,2001-08-02,,,,2001,8,2,,0.39658,1.20861,1.27202,5.0
5367,2001-08-03,,,,2001,8,3,,0.18268,1.2724,1.28544,5.0
5368,2001-08-04,,,,2001,8,4,,-0.10991,1.32934,1.33388,4.0
5369,2001-08-05,,,,2001,8,5,,-0.45868,1.38965,1.46339,4.0
5370,2001-08-06,,,,2001,8,6,,-0.60147,1.43583,1.55672,4.0
5371,2001-08-07,,,,2001,8,7,,-0.71657,1.36762,1.54397,4.0
5372,2001-08-08,,,,2001,8,8,,-0.87719,1.26144,1.53646,4.0
5373,2001-08-09,,,,2001,8,9,,-1.06341,1.14557,1.56307,4.0
5374,2001-08-10,,,,2001,8,10,,-1.26193,1.05459,1.64457,3.0
5375,2001-08-11,,,,2001,8,11,,-1.4682,0.94416,1.74558,3.0
5376,2001-08-12,,,,2001,8,12,,-1.64612,0.85963,1.85706,3.0
5377,2001-08-13,,,,2001,8,13,,-1.76552,0.80389,1.93992,3.0
5378,2001-08-14,,,,2001,8,14,,-1.81213,0.68398,1.93692,3.0
5379,2001-08-15,,,,2001,8,15,,-1.82056,0.53518,1.89759,3.0
5380,2001-08-16,,,,2001,8,16,,-1.67431,0.39851,1.72109,3.0
5381,2001-08-17,,,,2001,8,17,,-1.47315,0.19288,1.48572,3.0
5382,2001-08-18,,,,2001,8,18,,-1.24507,-0.06471,1.24675,2.0
5383,2001-08-19,,,,2001,8,19,,-1.02032,-0.29921,1.06329,2.0
5384,2001-08-20,,,,2001,8,20,,-0.70798,-0.53714,0.88869,2.0
5385,2001-08-21,,,,2001,8,21,,-0.40974,-0.74978,0.85444,1.0
5386,2001-08-22,,,,2001,8,22,,-0.16874,-0.85282,0.86935,1.0
5387,2001-08-23,,,,2001,8,23,,0.07537,-0.85442,0.85774,8.0
5388,2001-08-24,,,,2001,8,24,,0.28823,-0.85227,0.89969,8.0
5389,2001-08-25,,,,2001,8,25,,0.44032,-0.86067,0.96676,8.0
5390,2001-08-26,,,,2001,8,26,,0.52252,-0.84622,0.99454,8.0
5391,2001-08-27,,,,2001,8,27,,0.67229,-0.79608,1.04197,8.0
5392,2001-08-28,,,,2001,8,28,,0.77563,-0.76065,1.08637,7.0
5393,2001-08-29,,,,2001,8,29,,0.8001,-0.74401,1.09257,7.0
5394,2001-08-30,,,,2001,8,30,,0.86307,-0.69107,1.10565,7.0
5395,2001-08-31,,,,2001,8,31,,0.93781,-0.75475,1.2038,7.0
5396,2001-09-01,0.11,-1.185,-0.707,2001,9,1,,0.97194,-0.88066,1.31158,7.0
5397,2001-09-02,,,,2001,9,2,,1.01433,-1.01454,1.43463,8.0
5398,2001-09-03,,,,2001,9,3,,1.02342,-1.03809,1.45774,8.0
5399,2001-09-04,,,,2001,9,4,,1.03027,-0.96977,1.41489,7.0
5400,2001-09-05,,,,2001,9,5,,0.88092,-0.84926,1.22363,7.0
5401,2001-09-06,,,,2001,9,6,,0.88844,-0.78563,1.18597,7.0
5402,2001-09-07,,,,2001,9,7,,0.96395,-0.69395,1.18776,7.0
5403,2001-09-08,,,,2001,9,8,,1.0084,-0.62822,1.18808,7.0
5404,2001-09-09,,,,2001,9,9,,1.04665,-0.54246,1.17887,7.0
5405,2001-09-10,,,,2001,9,10,,1.07334,-0.49312,1.1812,7.0
5406,2001-09-11,,,,2001,9,11,,1.11283,-0.35543,1.16821,7.0
5407,2001-09-12,,,,2001,9,12,,1.14847,-0.25599,1.17666,7.0
5408,2001-09-13,,,,2001,9,13,,1.20898,-0.14476,1.21761,7.0
5409,2001-09-14,,,,2001,9,14,,1.31002,-0.1301,1.31647,7.0
5410,2001-09-15,,,,2001,9,15,,1.26748,-0.0781,1.26988,7.0
5411,2001-09-16,,,,2001,9,16,,1.16567,0.00442,1.16568,6.0
5412,2001-09-17,,,,2001,9,17,,1.05195,0.10342,1.05702,6.0
5413,2001-09-18,,,,2001,9,18,,0.92663,0.19828,0.94761,6.0
5414,2001-09-19,,,,2001,9,19,,0.80002,0.39881,0.89391,6.0
5415,2001-09-20,,,,2001,9,20,,0.65344,0.55935,0.86014,6.0
5416,2001-09-21,,,,2001,9,21,,0.51054,0.67488,0.84624,5.0
5417,2001-09-22,,,,2001,9,22,,0.36959,0.78462,0.86731,5.0
5418,2001-09-23,,,,2001,9,23,,0.30578,0.97766,1.02436,5.0
5419,2001-09-24,,,,2001,9,24,,0.30285,1.22857,1.26534,5.0
5420,2001-09-25,,,,2001,9,25,,0.28235,1.48292,1.50956,5.0
5421,2001-09-26,,,,2001,9,26,,0.22552,1.67266,1.68779,5.0
5422,2001-09-27,,,,2001,9,27,,0.22404,1.78164,1.79568,5.0
5423,2001-09-28,,,,2001,9,28,,0.22039,1.79349,1.80698,5.0
5424,2001-09-29,,,,2001,9,29,,0.13202,1.80489,1.80971,5.0
5425,2001-09-30,,,,2001,9,30,,0.06114,1.80748,1.80851,5.0
5426,2001-10-01,-0.38,-1.114,0.707,2001,10,1,,-0.06086,1.79462,1.79566,4.0
5427,2001-10-02,,,,2001,10,2,,-0.24051,1.68711,1.70416,4.0
5428,2001-10-03,,,,2001,10,3,,-0.50891,1.54813,1.62963,4.0
5429,2001-10-04,,,,2001,10,4,,-0.8689,1.38657,1.63633,4.0
5430,2001-10-05,,,,2001,10,5,,-1.21841,1.16723,1.68729,3.0
5431,2001-10-06,,,,2001,10,6,,-1.52562,0.95521,1.79998,3.0
5432,2001-10-07,,,,2001,10,7,,-1.82351,0.75013,1.97177,3.0
5433,2001-10-08,,,,2001,10,8,,-2.03004,0.52168,2.096,3.0
5434,2001-10-09,,,,2001,10,9,,-2.17649,0.14939,2.18161,3.0
5435,2001-10-10,,,,2001,10,10,,-2.14975,-0.27329,2.16705,2.0
5436,2001-10-11,,,,2001,10,11,,-2.03085,-0.55021,2.10407,2.0
5437,2001-10-12,,,,2001,10,12,,-1.76379,-0.73797,1.91195,2.0
5438,2001-10-13,,,,2001,10,13,,-1.37547,-0.79069,1.58655,2.0
5439,2001-10-14,,,,2001,10,14,,-1.07668,-0.66473,1.26535,2.0
5440,2001-10-15,,,,2001,10,15,,-0.90073,-0.53986,1.05013,2.0
5441,2001-10-16,,,,2001,10,16,,-0.7362,-0.39161,0.83387,2.0
5442,2001-10-17,,,,2001,10,17,,-0.51576,-0.29151,0.59244,2.0
5443,2001-10-18,,,,2001,10,18,,-0.26823,-0.14485,0.30484,2.0
5444,2001-10-19,,,,2001,10,19,,-0.03946,-0.01455,0.04206,2.0
5445,2001-10-20,,,,2001,10,20,,0.11045,0.01351,0.11127,6.0
5446,2001-10-21,,,,2001,10,21,,0.19447,0.03977,0.19849,6.0
5447,2001-10-22,,,,2001,10,22,,0.34644,0.04413,0.34924,6.0
5448,2001-10-23,,,,2001,10,23,,0.5236,-0.02087,0.52401,7.0
5449,2001-10-24,,,,2001,10,24,,0.71416,-0.05226,0.71607,7.0
5450,2001-10-25,,,,2001,10,25,,0.87206,-0.09592,0.87732,7.0
5451,2001-10-26,,,,2001,10,26,,0.89068,-0.12866,0.89993,7.0
5452,2001-10-27,,,,2001,10,27,,0.77392,-0.14979,0.78828,7.0
5453,2001-10-28,,,,2001,10,28,,0.63461,-0.16821,0.65653,7.0
5454,2001-10-29,,,,2001,10,29,,0.53163,-0.15883,0.55485,7.0
5455,2001-10-30,,,,2001,10,30,,0.45228,-0.11484,0.46663,7.0
5456,2001-10-31,,,,2001,10,31,,0.27164,-0.08857,0.28571,7.0
5457,2001-11-01,0.64,-0.838,0.819,2001,11,1,,0.15193,-0.03181,0.15522,7.0
5458,2001-11-02,,,,2001,11,2,,0.02845,-0.01532,0.03232,7.0
5459,2001-11-03,,,,2001,11,3,,-0.09152,-0.04775,0.10322,2.0
5460,2001-11-04,,,,2001,11,4,,-0.11042,-0.06721,0.12927,2.0
5461,2001-11-05,,,,2001,11,5,,0.00803,-0.03976,0.04056,8.0
5462,2001-11-06,,,,2001,11,6,,0.09174,0.02573,0.09528,6.0
5463,2001-11-07,,,,2001,11,7,,0.15981,0.06072,0.17096,6.0
5464,2001-11-08,,,,2001,11,8,,0.19114,0.00965,0.19139,6.0
5465,2001-11-09,,,,2001,11,9,,0.21686,0.01612,0.21746,6.0
5466,2001-11-10,,,,2001,11,10,,0.23572,-0.01657,0.2363,7.0
5467,2001-11-11,,,,2001,11,11,,0.25503,-0.03243,0.25708,7.0
5468,2001-11-12,,,,2001,11,12,,0.22453,0.00219,0.22454,6.0
5469,2001-11-13,,,,2001,11,13,,0.14991,0.05201,0.15868,6.0
5470,2001-11-14,,,,2001,11,14,,0.00364,0.13796,0.13801,5.0
5471,2001-11-15,,,,2001,11,15,,-0.19171,0.19548,0.2738,4.0
5472,2001-11-16,,,,2001,11,16,,-0.34682,0.27517,0.44272,3.0
5473,2001-11-17,,,,2001,11,17,,-0.49626,0.37756,0.62356,3.0
5474,2001-11-18,,,,2001,11,18,,-0.61981,0.42043,0.74895,3.0
5475,2001-11-19,,,,2001,11,19,,-0.72236,0.47834,0.86638,3.0
5476,2001-11-20,,,,2001,11,20,,-0.77932,0.41625,0.88352,3.0
5477,2001-11-21,,,,2001,11,21,,-0.75191,0.26189,0.79621,3.0
5478,2001-11-22,,,,2001,11,22,,-0.6827,0.13848,0.6966,3.0
5479,2001-11-23,,,,2001,11,23,,-0.58474,0.00401,0.58475,3.0
5480,2001-11-24,,,,2001,11,24,,-0.47818,-0.10652,0.48991,2.0
5481,2001-11-25,,,,2001,11,25,,-0.40495,-0.18644,0.44581,2.0
5482,2001-11-26,,,,2001,11,26,,-0.34396,-0.23688,0.41763,2.0
5483,2001-11-27,,,,2001,11,27,,-0.35549,-0.28834,0.45772,2.0
5484,2001-11-28,,,,2001,11,28,,-0.46763,-0.42486,0.63181,2.0
5485,2001-11-29,,,,2001,11,29,,-0.65554,-0.54735,0.854,2.0
5486,2001-11-30,,,,2001,11,30,,-0.84948,-0.59822,1.03898,2.0
5487,2001-12-01,-1.06,-0.896,-1.322,2001,12,1,,-1.09931,-0.61104,1.25771,2.0
5488,2001-12-02,,,,2001,12,2,,-1.32746,-0.53782,1.43227,2.0
5489,2001-12-03,,,,2001,12,3,,-1.51753,-0.43657,1.57908,2.0
5490,2001-12-04,,,,2001,12,4,,-1.70556,-0.33792,1.73871,2.0
5491,2001-12-05,,,,2001,12,5,,-1.87411,-0.24656,1.89026,2.0
5492,2001-12-06,,,,2001,12,6,,-1.99487,-0.19664,2.00454,2.0
5493,2001-12-07,,,,2001,12,7,,-1.99946,-0.20721,2.01017,2.0
5494,2001-12-08,,,,2001,12,8,,-2.00169,-0.30278,2.02446,2.0
5495,2001-12-09,,,,2001,12,9,,-1.98884,-0.48744,2.0477,2.0
5496,2001-12-10,,,,2001,12,10,,-1.8608,-0.77634,2.01625,2.0
5497,2001-12-11,,,,2001,12,11,,-1.80025,-1.09585,2.10755,2.0
5498,2001-12-12,,,,2001,12,12,,-1.58134,-1.47075,2.15957,2.0
5499,2001-12-13,,,,2001,12,13,,-1.31841,-1.83705,2.26119,1.0
5500,2001-12-14,,,,2001,12,14,,-0.9822,-2.13337,2.34862,1.0
5501,2001-12-15,,,,2001,12,15,,-0.65656,-2.45809,2.54426,1.0
5502,2001-12-16,,,,2001,12,16,,-0.38514,-2.69701,2.72437,1.0
5503,2001-12-17,,,,2001,12,17,,-0.09165,-2.8327,2.83418,1.0
5504,2001-12-18,,,,2001,12,18,,0.16695,-2.80668,2.81164,8.0
5505,2001-12-19,,,,2001,12,19,,0.34468,-2.71049,2.73232,8.0
5506,2001-12-20,,,,2001,12,20,,0.57729,-2.59829,2.66165,8.0
5507,2001-12-21,,,,2001,12,21,,0.62904,-2.4051,2.486,8.0
5508,2001-12-22,,,,2001,12,22,,0.64192,-2.17226,2.26513,8.0
5509,2001-12-23,,,,2001,12,23,,0.5866,-2.00253,2.08668,8.0
5510,2001-12-24,,,,2001,12,24,,0.56982,-1.72661,1.8182,8.0
5511,2001-12-25,,,,2001,12,25,,0.58875,-1.44585,1.56112,8.0
5512,2001-12-26,,,,2001,12,26,,0.564,-1.1597,1.28957,8.0
5513,2001-12-27,,,,2001,12,27,,0.4983,-0.94036,1.06423,8.0
5514,2001-12-28,,,,2001,12,28,,0.38394,-0.76103,0.85239,8.0
5515,2001-12-29,,,,2001,12,29,,0.29007,-0.6515,0.71315,8.0
5516,2001-12-30,,,,2001,12,30,,0.29652,-0.57171,0.64403,8.0
5517,2001-12-31,,,,2001,12,31,,0.36803,-0.48733,0.61068,8.0
5518,2002-01-01,0.2,-0.327,1.381,2002,1,1,,0.50428,-0.40834,0.64888,7.0
5519,2002-01-02,,,,2002,1,2,,0.64879,-0.40265,0.76358,7.0
5520,2002-01-03,,,,2002,1,3,,0.70911,-0.38964,0.80911,7.0
5521,2002-01-04,,,,2002,1,4,,0.76865,-0.40525,0.86894,7.0
5522,2002-01-05,,,,2002,1,5,,0.86831,-0.49324,0.99862,7.0
5523,2002-01-06,,,,2002,1,6,,1.06008,-0.54805,1.19337,7.0
5524,2002-01-07,,,,2002,1,7,,1.21656,-0.59409,1.35387,7.0
5525,2002-01-08,,,,2002,1,8,,1.42162,-0.60195,1.54381,7.0
5526,2002-01-09,,,,2002,1,9,,1.68734,-0.53063,1.76881,7.0
5527,2002-01-10,,,,2002,1,10,,1.88225,-0.38869,1.92197,7.0
5528,2002-01-11,,,,2002,1,11,,1.98506,-0.22505,1.99778,7.0
5529,2002-01-12,,,,2002,1,12,,2.14447,-0.01451,2.14452,7.0
5530,2002-01-13,,,,2002,1,13,,2.35344,0.2087,2.36267,6.0
5531,2002-01-14,,,,2002,1,14,,2.56252,0.43895,2.59984,6.0
5532,2002-01-15,,,,2002,1,15,,2.72329,0.60498,2.78968,6.0
5533,2002-01-16,,,,2002,1,16,,2.91074,0.84252,3.03023,6.0
5534,2002-01-17,,,,2002,1,17,,2.97203,1.05405,3.15341,6.0
5535,2002-01-18,,,,2002,1,18,,2.89356,1.23965,3.14792,6.0
5536,2002-01-19,,,,2002,1,19,,2.77644,1.36964,3.0959,6.0
5537,2002-01-20,,,,2002,1,20,,2.67169,1.48895,3.05858,6.0
5538,2002-01-21,,,,2002,1,21,,2.57766,1.47095,2.96783,6.0
5539,2002-01-22,,,,2002,1,22,,2.44385,1.48254,2.85837,6.0
5540,2002-01-23,,,,2002,1,23,,2.30882,1.52515,2.76708,6.0
5541,2002-01-24,,,,2002,1,24,,2.15317,1.62964,2.70035,6.0
5542,2002-01-25,,,,2002,1,25,,1.98075,1.73345,2.63215,6.0
5543,2002-01-26,,,,2002,1,26,,1.77519,1.78774,2.51939,5.0
5544,2002-01-27,,,,2002,1,27,,1.54336,1.74312,2.32818,5.0
5545,2002-01-28,,,,2002,1,28,,1.26245,1.67942,2.101,5.0
5546,2002-01-29,,,,2002,1,29,,0.94271,1.60998,1.86567,5.0
5547,2002-01-30,,,,2002,1,30,,0.63001,1.63598,1.7531,5.0
5548,2002-01-31,,,,2002,1,31,,0.31461,1.64654,1.67632,5.0
5549,2002-02-01,0.64,-1.014,1.304,2002,2,1,,0.05664,1.64921,1.65018,5.0
5550,2002-02-02,,,,2002,2,2,,-0.1772,1.59565,1.60546,4.0
5551,2002-02-03,,,,2002,2,3,,-0.47299,1.45955,1.53428,4.0
5552,2002-02-04,,,,2002,2,4,,-0.78917,1.31405,1.53281,4.0
5553,2002-02-05,,,,2002,2,5,,-1.05455,1.17413,1.57819,4.0
5554,2002-02-06,,,,2002,2,6,,-1.1299,1.04554,1.53943,3.0
5555,2002-02-07,,,,2002,2,7,,-1.15776,0.95203,1.49892,3.0
5556,2002-02-08,,,,2002,2,8,,-1.21657,0.82947,1.47244,3.0
5557,2002-02-09,,,,2002,2,9,,-1.26212,0.69012,1.43847,3.0
5558,2002-02-10,,,,2002,2,10,,-1.39893,0.51201,1.48969,3.0
5559,2002-02-11,,,,2002,2,11,,-1.53903,0.35594,1.57965,3.0
5560,2002-02-12,,,,2002,2,12,,-1.62105,0.25731,1.64134,3.0
5561,2002-02-13,,,,2002,2,13,,-1.66702,0.20555,1.67964,3.0
5562,2002-02-14,,,,2002,2,14,,-1.73371,0.18212,1.74325,3.0
5563,2002-02-15,,,,2002,2,15,,-1.90765,0.22987,1.92145,3.0
5564,2002-02-16,,,,2002,2,16,,-2.08235,0.32983,2.10831,3.0
5565,2002-02-17,,,,2002,2,17,,-2.21358,0.46627,2.26216,3.0
5566,2002-02-18,,,,2002,2,18,,-2.35673,0.5764,2.42619,3.0
5567,2002-02-19,,,,2002,2,19,,-2.53352,0.61179,2.60635,3.0
5568,2002-02-20,,,,2002,2,20,,-2.66235,0.59227,2.72744,3.0
5569,2002-02-21,,,,2002,2,21,,-2.74585,0.46615,2.78514,3.0
5570,2002-02-22,,,,2002,2,22,,-2.75315,0.18053,2.75906,3.0
5571,2002-02-23,,,,2002,2,23,,-2.61004,-0.24959,2.62195,2.0
5572,2002-02-24,,,,2002,2,24,,-2.30094,-0.75601,2.42195,2.0
5573,2002-02-25,,,,2002,2,25,,-1.89248,-1.15582,2.21752,2.0
5574,2002-02-26,,,,2002,2,26,,-1.47957,-1.40494,2.04034,2.0
5575,2002-02-27,,,,2002,2,27,,-1.06569,-1.52265,1.85854,1.0
5576,2002-02-28,,,,2002,2,28,,-0.64786,-1.46272,1.59977,1.0
5577,2002-03-01,-0.81,-0.757,0.902,2002,3,1,,-0.40968,-1.30705,1.36975,1.0
5578,2002-03-02,,,,2002,3,2,,-0.20871,-1.10471,1.12425,1.0
5579,2002-03-03,,,,2002,3,3,,-0.04821,-0.89504,0.89634,1.0
5580,2002-03-04,,,,2002,3,4,,0.05137,-0.70266,0.70454,8.0
5581,2002-03-05,,,,2002,3,5,,0.07497,-0.61658,0.62112,8.0
5582,2002-03-06,,,,2002,3,6,,0.06313,-0.52686,0.53063,8.0
5583,2002-03-07,,,,2002,3,7,,0.08601,-0.46554,0.47342,8.0
5584,2002-03-08,,,,2002,3,8,,0.05626,-0.38267,0.38678,8.0
5585,2002-03-09,,,,2002,3,9,,0.06372,-0.30513,0.31172,8.0
5586,2002-03-10,,,,2002,3,10,,0.1628,-0.29051,0.33301,8.0
5587,2002-03-11,,,,2002,3,11,,0.29109,-0.31968,0.43236,8.0
5588,2002-03-12,,,,2002,3,12,,0.44932,-0.41877,0.61421,7.0
5589,2002-03-13,,,,2002,3,13,,0.61687,-0.56094,0.83378,7.0
5590,2002-03-14,,,,2002,3,14,,0.84514,-0.55679,1.01207,7.0
5591,2002-03-15,,,,2002,3,15,,1.14328,-0.46139,1.23287,7.0
5592,2002-03-16,,,,2002,3,16,,1.34155,-0.24893,1.36445,7.0
5593,2002-03-17,,,,2002,3,17,,1.49993,-0.05827,1.50107,7.0
5594,2002-03-18,,,,2002,3,18,,1.59089,-0.02377,1.59107,7.0
5595,2002-03-19,,,,2002,3,19,,1.63029,-0.05577,1.63125,7.0
5596,2002-03-20,,,,2002,3,20,,1.64082,-0.19672,1.65257,7.0
5597,2002-03-21,,,,2002,3,21,,1.5496,-0.25292,1.5701,7.0
5598,2002-03-22,,,,2002,3,22,,1.42409,-0.24916,1.44572,7.0
5599,2002-03-23,,,,2002,3,23,,1.28106,-0.29834,1.31534,7.0
5600,2002-03-24,,,,2002,3,24,,1.10108,-0.34119,1.15273,7.0
5601,2002-03-25,,,,2002,3,25,,0.96221,-0.36508,1.02914,7.0
5602,2002-03-26,,,,2002,3,26,,0.82569,-0.28221,0.87259,7.0
5603,2002-03-27,,,,2002,3,27,,0.72861,-0.12325,0.73896,7.0
5604,2002-03-28,,,,2002,3,28,,0.70376,0.02633,0.70425,6.0
5605,2002-03-29,,,,2002,3,29,,0.66528,0.19204,0.69244,6.0
5606,2002-03-30,,,,2002,3,30,,0.63034,0.23497,0.67271,6.0
5607,2002-03-31,,,,2002,3,31,,0.50907,0.21669,0.55327,6.0
5608,2002-04-01,-0.48,-0.759,0.748,2002,4,1,,0.42918,0.23907,0.49127,6.0
5609,2002-04-02,,,,2002,4,2,,0.36197,0.26062,0.44603,6.0
5610,2002-04-03,,,,2002,4,3,,0.27482,0.20374,0.34211,6.0
5611,2002-04-04,,,,2002,4,4,,0.15086,-0.02179,0.15243,7.0
5612,2002-04-05,,,,2002,4,5,,-0.01216,-0.2495,0.2498,1.0
5613,2002-04-06,,,,2002,4,6,,-0.21136,-0.4979,0.5409,1.0
5614,2002-04-07,,,,2002,4,7,,-0.41039,-0.71373,0.8233,1.0
5615,2002-04-08,,,,2002,4,8,,-0.53824,-0.81208,0.97426,1.0
5616,2002-04-09,,,,2002,4,9,,-0.51261,-0.85551,0.99733,1.0
5617,2002-04-10,,,,2002,4,10,,-0.43998,-0.89161,0.99426,1.0
5618,2002-04-11,,,,2002,4,11,,-0.38591,-0.92094,0.99853,1.0
5619,2002-04-12,,,,2002,4,12,,-0.35965,-0.8905,0.96039,1.0
5620,2002-04-13,,,,2002,4,13,,-0.36204,-0.77869,0.85874,1.0
5621,2002-04-14,,,,2002,4,14,,-0.26872,-0.69747,0.74745,1.0
5622,2002-04-15,,,,2002,4,15,,-0.10959,-0.54679,0.55767,1.0
5623,2002-04-16,,,,2002,4,16,,0.1215,-0.40557,0.42338,8.0
5624,2002-04-17,,,,2002,4,17,,0.33483,-0.3569,0.48938,8.0
5625,2002-04-18,,,,2002,4,18,,0.39451,-0.30404,0.49808,7.0
5626,2002-04-19,,,,2002,4,19,,0.4626,-0.2508,0.52621,7.0
5627,2002-04-20,,,,2002,4,20,,0.54748,-0.19947,0.58269,7.0
5628,2002-04-21,,,,2002,4,21,,0.66862,-0.16271,0.68813,7.0
5629,2002-04-22,,,,2002,4,22,,0.85859,-0.16679,0.87464,7.0
5630,2002-04-23,,,,2002,4,23,,1.01879,-0.13164,1.02726,7.0
5631,2002-04-24,,,,2002,4,24,,1.06605,-0.12457,1.0733,7.0
5632,2002-04-25,,,,2002,4,25,,1.1107,-0.10741,1.11588,7.0
5633,2002-04-26,,,,2002,4,26,,1.19098,-0.07506,1.19334,7.0
5634,2002-04-27,,,,2002,4,27,,1.35855,-0.09823,1.3621,7.0
5635,2002-04-28,,,,2002,4,28,,1.52044,-0.13781,1.52667,7.0
5636,2002-04-29,,,,2002,4,29,,1.70432,-0.10237,1.70739,7.0
5637,2002-04-30,,,,2002,4,30,,1.85881,-0.01019,1.85883,7.0
5638,2002-05-01,-1.54,-1.055,0.401,2002,5,1,,1.98564,0.08282,1.98736,6.0
5639,2002-05-02,,,,2002,5,2,,2.08671,0.19987,2.09626,6.0
5640,2002-05-03,,,,2002,5,3,,2.1893,0.39823,2.22522,6.0
5641,2002-05-04,,,,2002,5,4,,2.12109,0.68719,2.22963,6.0
5642,2002-05-05,,,,2002,5,5,,1.89809,0.9897,2.14062,6.0
5643,2002-05-06,,,,2002,5,6,,1.56684,1.38734,2.09278,6.0
5644,2002-05-07,,,,2002,5,7,,1.15386,1.76025,2.10473,5.0
5645,2002-05-08,,,,2002,5,8,,0.68304,1.98971,2.10368,5.0
5646,2002-05-09,,,,2002,5,9,,0.13702,2.1264,2.13081,5.0
5647,2002-05-10,,,,2002,5,10,,-0.45873,2.2183,2.26524,4.0
5648,2002-05-11,,,,2002,5,11,,-1.06786,2.21897,2.46255,4.0
5649,2002-05-12,,,,2002,5,12,,-1.65575,2.05389,2.63818,4.0
5650,2002-05-13,,,,2002,5,13,,-2.0865,1.74005,2.71684,3.0
5651,2002-05-14,,,,2002,5,14,,-2.41102,1.34353,2.76009,3.0
5652,2002-05-15,,,,2002,5,15,,-2.62668,0.81933,2.7515,3.0
5653,2002-05-16,,,,2002,5,16,,-2.73049,0.30212,2.74715,3.0
5654,2002-05-17,,,,2002,5,17,,-2.75525,-0.1914,2.76189,2.0
5655,2002-05-18,,,,2002,5,18,,-2.69549,-0.61271,2.76425,2.0
5656,2002-05-19,,,,2002,5,19,,-2.62081,-0.92636,2.77971,2.0
5657,2002-05-20,,,,2002,5,20,,-2.49877,-1.09667,2.72883,2.0
5658,2002-05-21,,,,2002,5,21,,-2.29769,-1.13882,2.56443,2.0
5659,2002-05-22,,,,2002,5,22,,-2.13723,-1.11835,2.41215,2.0
5660,2002-05-23,,,,2002,5,23,,-2.03576,-1.07497,2.30215,2.0
5661,2002-05-24,,,,2002,5,24,,-1.93525,-0.95759,2.1592,2.0
5662,2002-05-25,,,,2002,5,25,,-1.8208,-0.81535,1.99502,2.0
5663,2002-05-26,,,,2002,5,26,,-1.66209,-0.70009,1.80351,2.0
5664,2002-05-27,,,,2002,5,27,,-1.45302,-0.54804,1.55293,2.0
5665,2002-05-28,,,,2002,5,28,,-1.19722,-0.42473,1.27033,2.0
5666,2002-05-29,,,,2002,5,29,,-0.97662,-0.39544,1.05364,2.0
5667,2002-05-30,,,,2002,5,30,,-0.76007,-0.45994,0.88839,2.0
5668,2002-05-31,,,,2002,5,31,,-0.55113,-0.56414,0.78867,1.0
5669,2002-06-01,-1.02,-0.907,0.573,2002,6,1,,-0.24947,-0.6388,0.68578,1.0
5670,2002-06-02,,,,2002,6,2,,0.11505,-0.68305,0.69267,8.0
5671,2002-06-03,,,,2002,6,3,,0.41036,-0.7449,0.85046,8.0
5672,2002-06-04,,,,2002,6,4,,0.68871,-0.73846,1.00977,8.0
5673,2002-06-05,,,,2002,6,5,,0.94177,-0.72812,1.19041,7.0
5674,2002-06-06,,,,2002,6,6,,1.18662,-0.63446,1.34559,7.0
5675,2002-06-07,,,,2002,6,7,,1.49273,-0.47339,1.566,7.0
5676,2002-06-08,,,,2002,6,8,,1.69619,-0.32827,1.72766,7.0
5677,2002-06-09,,,,2002,6,9,,1.89016,-0.0762,1.8917,7.0
5678,2002-06-10,,,,2002,6,10,,1.90672,0.16806,1.91411,6.0
5679,2002-06-11,,,,2002,6,11,,1.82058,0.43456,1.87172,6.0
5680,2002-06-12,,,,2002,6,12,,1.73276,0.74041,1.88432,6.0
5681,2002-06-13,,,,2002,6,13,,1.56187,1.01368,1.86198,6.0
5682,2002-06-14,,,,2002,6,14,,1.37553,1.27375,1.8747,6.0
5683,2002-06-15,,,,2002,6,15,,1.17525,1.41125,1.83653,5.0
5684,2002-06-16,,,,2002,6,16,,0.89872,1.53922,1.78238,5.0
5685,2002-06-17,,,,2002,6,17,,0.59183,1.70879,1.80838,5.0
5686,2002-06-18,,,,2002,6,18,,0.26941,1.76745,1.78787,5.0
5687,2002-06-19,,,,2002,6,19,,0.08656,1.75122,1.75335,5.0
5688,2002-06-20,,,,2002,6,20,,-0.11157,1.6698,1.67353,4.0
5689,2002-06-21,,,,2002,6,21,,-0.33434,1.55412,1.58968,4.0
5690,2002-06-22,,,,2002,6,22,,-0.54493,1.40065,1.50292,4.0
5691,2002-06-23,,,,2002,6,23,,-0.72992,1.18357,1.39055,4.0
5692,2002-06-24,,,,2002,6,24,,-0.93383,0.99803,1.36679,4.0
5693,2002-06-25,,,,2002,6,25,,-1.15134,0.77746,1.38925,3.0
5694,2002-06-26,,,,2002,6,26,,-1.27804,0.54017,1.3875,3.0
5695,2002-06-27,,,,2002,6,27,,-1.38318,0.32099,1.41994,3.0
5696,2002-06-28,,,,2002,6,28,,-1.53622,0.13362,1.54202,3.0
5697,2002-06-29,,,,2002,6,29,,-1.6318,-0.11769,1.63604,2.0
5698,2002-06-30,,,,2002,6,30,,-1.63776,-0.39645,1.68506,2.0
5699,2002-07-01,-0.7,-0.204,0.328,2002,7,1,,-1.64831,-0.6219,1.76172,2.0
5700,2002-07-02,,,,2002,7,2,,-1.64526,-0.80435,1.83135,2.0
5701,2002-07-03,,,,2002,7,3,,-1.56528,-0.95087,1.83146,2.0
5702,2002-07-04,,,,2002,7,4,,-1.41671,-1.07805,1.78024,2.0
5703,2002-07-05,,,,2002,7,5,,-1.2425,-1.23854,1.75436,2.0
5704,2002-07-06,,,,2002,7,6,,-1.02355,-1.38484,1.72204,1.0
5705,2002-07-07,,,,2002,7,7,,-0.76398,-1.44081,1.63083,1.0
5706,2002-07-08,,,,2002,7,8,,-0.54363,-1.43985,1.53906,1.0
5707,2002-07-09,,,,2002,7,9,,-0.41143,-1.4261,1.48426,1.0
5708,2002-07-10,,,,2002,7,10,,-0.2701,-1.34627,1.37309,1.0
5709,2002-07-11,,,,2002,7,11,,-0.08867,-1.2303,1.23349,1.0
5710,2002-07-12,,,,2002,7,12,,0.0643,-1.10764,1.10951,8.0
5711,2002-07-13,,,,2002,7,13,,0.2059,-1.02773,1.04815,8.0
5712,2002-07-14,,,,2002,7,14,,0.21414,-1.02327,1.04543,8.0
5713,2002-07-15,,,,2002,7,15,,0.11148,-1.0599,1.06574,8.0
5714,2002-07-16,,,,2002,7,16,,0.00797,-1.13631,1.13634,8.0
5715,2002-07-17,,,,2002,7,17,,-0.03559,-1.1619,1.16244,1.0
5716,2002-07-18,,,,2002,7,18,,0.01392,-1.11937,1.11946,8.0
5717,2002-07-19,,,,2002,7,19,,0.05672,-1.13954,1.14095,8.0
5718,2002-07-20,,,,2002,7,20,,0.03067,-1.13591,1.13632,8.0
5719,2002-07-21,,,,2002,7,21,,0.0264,-1.14984,1.15014,8.0
5720,2002-07-22,,,,2002,7,22,,0.00679,-1.14149,1.14151,8.0
5721,2002-07-23,,,,2002,7,23,,0.09664,-0.97662,0.98139,8.0
5722,2002-07-24,,,,2002,7,24,,0.27904,-0.74028,0.79113,8.0
5723,2002-07-25,,,,2002,7,25,,0.4993,-0.52255,0.72275,8.0
5724,2002-07-26,,,,2002,7,26,,0.69038,-0.31181,0.75753,7.0
5725,2002-07-27,,,,2002,7,27,,0.83659,-0.11779,0.84484,7.0
5726,2002-07-28,,,,2002,7,28,,0.9248,0.07609,0.92793,6.0
5727,2002-07-29,,,,2002,7,29,,0.96438,0.25638,0.99788,6.0
5728,2002-07-30,,,,2002,7,30,,0.94598,0.44856,1.04694,6.0
5729,2002-07-31,,,,2002,7,31,,0.82477,0.71969,1.09463,6.0
5730,2002-08-01,-1.62,0.269,-0.229,2002,8,1,,0.67919,0.93302,1.15405,5.0
5731,2002-08-02,,,,2002,8,2,,0.58967,1.0949,1.24359,5.0
5732,2002-08-03,,,,2002,8,3,,0.42605,1.25789,1.32808,5.0
5733,2002-08-04,,,,2002,8,4,,0.19103,1.41567,1.4285,5.0
5734,2002-08-05,,,,2002,8,5,,-0.08176,1.54809,1.55025,4.0
5735,2002-08-06,,,,2002,8,6,,-0.28302,1.68321,1.70684,4.0
5736,2002-08-07,,,,2002,8,7,,-0.47204,1.81818,1.87845,4.0
5737,2002-08-08,,,,2002,8,8,,-0.67882,1.93222,2.04799,4.0
5738,2002-08-09,,,,2002,8,9,,-0.76886,1.8974,2.04726,4.0
5739,2002-08-10,,,,2002,8,10,,-0.85989,1.77883,1.97577,4.0
5740,2002-08-11,,,,2002,8,11,,-1.07568,1.65096,1.97047,4.0
5741,2002-08-12,,,,2002,8,12,,-1.25654,1.53632,1.98474,4.0
5742,2002-08-13,,,,2002,8,13,,-1.35071,1.37521,1.9276,4.0
5743,2002-08-14,,,,2002,8,14,,-1.33567,1.17338,1.77788,3.0
5744,2002-08-15,,,,2002,8,15,,-1.30025,0.94065,1.60483,3.0
5745,2002-08-16,,,,2002,8,16,,-1.24929,0.65955,1.41271,3.0
5746,2002-08-17,,,,2002,8,17,,-1.09098,0.30425,1.13261,3.0
5747,2002-08-18,,,,2002,8,18,,-0.89381,0.0033,0.89382,3.0
5748,2002-08-19,,,,2002,8,19,,-0.61354,-0.22893,0.65486,2.0
5749,2002-08-20,,,,2002,8,20,,-0.28665,-0.47223,0.55242,1.0
5750,2002-08-21,,,,2002,8,21,,-0.06966,-0.70009,0.70355,1.0
5751,2002-08-22,,,,2002,8,22,,0.20086,-0.89724,0.91945,8.0
5752,2002-08-23,,,,2002,8,23,,0.3501,-1.04795,1.10488,8.0
5753,2002-08-24,,,,2002,8,24,,0.43212,-1.12119,1.20158,8.0
5754,2002-08-25,,,,2002,8,25,,0.57992,-1.14028,1.27927,8.0
5755,2002-08-26,,,,2002,8,26,,0.67281,-1.04309,1.24125,8.0
5756,2002-08-27,,,,2002,8,27,,0.72764,-0.8706,1.13463,8.0
5757,2002-08-28,,,,2002,8,28,,0.74602,-0.68309,1.01151,7.0
5758,2002-08-29,,,,2002,8,29,,0.73047,-0.54094,0.90896,7.0
5759,2002-08-30,,,,2002,8,30,,0.70253,-0.43556,0.8266,7.0
5760,2002-08-31,,,,2002,8,31,,0.59748,-0.34552,0.69019,7.0
5761,2002-09-01,-0.66,0.114,-0.043,2002,9,1,,0.46713,-0.25167,0.53061,7.0
5762,2002-09-02,,,,2002,9,2,,0.45821,-0.21095,0.50443,7.0
5763,2002-09-03,,,,2002,9,3,,0.42154,-0.18786,0.4615,7.0
5764,2002-09-04,,,,2002,9,4,,0.39586,-0.16184,0.42766,7.0
5765,2002-09-05,,,,2002,9,5,,0.31308,-0.1365,0.34154,7.0
5766,2002-09-06,,,,2002,9,6,,0.11194,-0.11865,0.16312,8.0
5767,2002-09-07,,,,2002,9,7,,-0.06098,-0.05209,0.0802,2.0
5768,2002-09-08,,,,2002,9,8,,-0.1244,-0.00781,0.12465,2.0
5769,2002-09-09,,,,2002,9,9,,-0.14831,0.00079,0.14831,3.0
5770,2002-09-10,,,,2002,9,10,,-0.14713,-0.02119,0.14865,2.0
5771,2002-09-11,,,,2002,9,11,,-0.20936,-0.02061,0.21038,2.0
5772,2002-09-12,,,,2002,9,12,,-0.30283,-0.05205,0.30727,2.0
5773,2002-09-13,,,,2002,9,13,,-0.39835,-0.10408,0.41172,2.0
5774,2002-09-14,,,,2002,9,14,,-0.454,-0.19287,0.49327,2.0
5775,2002-09-15,,,,2002,9,15,,-0.4014,-0.27537,0.48677,2.0
5776,2002-09-16,,,,2002,9,16,,-0.32964,-0.32175,0.46064,2.0
5777,2002-09-17,,,,2002,9,17,,-0.20643,-0.27614,0.34477,1.0
5778,2002-09-18,,,,2002,9,18,,-0.10568,-0.21571,0.24021,1.0
5779,2002-09-19,,,,2002,9,19,,0.03909,-0.11987,0.12608,8.0
5780,2002-09-20,,,,2002,9,20,,0.20658,-0.03688,0.20985,7.0
5781,2002-09-21,,,,2002,9,21,,0.40316,0.04238,0.40538,6.0
5782,2002-09-22,,,,2002,9,22,,0.67093,0.13364,0.68412,6.0
5783,2002-09-23,,,,2002,9,23,,0.93115,0.25375,0.96511,6.0
5784,2002-09-24,,,,2002,9,24,,1.09589,0.37915,1.15962,6.0
5785,2002-09-25,,,,2002,9,25,,1.18316,0.44498,1.26407,6.0
5786,2002-09-26,,,,2002,9,26,,1.1856,0.43765,1.2638,6.0
5787,2002-09-27,,,,2002,9,27,,1.12823,0.38404,1.1918,6.0
5788,2002-09-28,,,,2002,9,28,,1.10354,0.3606,1.16096,6.0
5789,2002-09-29,,,,2002,9,29,,1.09718,0.33293,1.14658,6.0
5790,2002-09-30,,,,2002,9,30,,1.11847,0.33839,1.16854,6.0
5791,2002-10-01,-0.79,0.184,-1.489,2002,10,1,,1.05943,0.3265,1.1086,6.0
5792,2002-10-02,,,,2002,10,2,,0.97056,0.28776,1.01232,6.0
5793,2002-10-03,,,,2002,10,3,,0.94064,0.28209,0.98203,6.0
5794,2002-10-04,,,,2002,10,4,,0.90012,0.3029,0.94971,6.0
5795,2002-10-05,,,,2002,10,5,,0.79833,0.30848,0.85586,6.0
5796,2002-10-06,,,,2002,10,6,,0.76232,0.38363,0.85341,6.0
5797,2002-10-07,,,,2002,10,7,,0.73281,0.41565,0.84248,6.0
5798,2002-10-08,,,,2002,10,8,,0.59188,0.46586,0.75322,6.0
5799,2002-10-09,,,,2002,10,9,,0.38966,0.37837,0.54314,6.0
5800,2002-10-10,,,,2002,10,10,,0.20483,0.23915,0.31488,5.0
5801,2002-10-11,,,,2002,10,11,,0.04748,0.10282,0.11325,5.0
5802,2002-10-12,,,,2002,10,12,,-0.00099,-0.03601,0.03602,1.0
5803,2002-10-13,,,,2002,10,13,,0.02068,-0.13964,0.14116,8.0
5804,2002-10-14,,,,2002,10,14,,0.11171,-0.23463,0.25987,8.0
5805,2002-10-15,,,,2002,10,15,,0.21113,-0.35854,0.41608,8.0
5806,2002-10-16,,,,2002,10,16,,0.23633,-0.41418,0.47686,8.0
5807,2002-10-17,,,,2002,10,17,,0.2832,-0.42785,0.51309,8.0
5808,2002-10-18,,,,2002,10,18,,0.25895,-0.37509,0.45579,8.0
5809,2002-10-19,,,,2002,10,19,,0.22955,-0.34612,0.41532,8.0
5810,2002-10-20,,,,2002,10,20,,0.24334,-0.34531,0.42244,8.0
5811,2002-10-21,,,,2002,10,21,,0.24507,-0.37053,0.44424,8.0
5812,2002-10-22,,,,2002,10,22,,0.22227,-0.34593,0.41118,8.0
5813,2002-10-23,,,,2002,10,23,,0.24816,-0.29362,0.38444,8.0
5814,2002-10-24,,,,2002,10,24,,0.26276,-0.23723,0.354,7.0
5815,2002-10-25,,,,2002,10,25,,0.28238,-0.24411,0.37327,7.0
5816,2002-10-26,,,,2002,10,26,,0.26813,-0.33944,0.43257,8.0
5817,2002-10-27,,,,2002,10,27,,0.34366,-0.36381,0.50046,8.0
5818,2002-10-28,,,,2002,10,28,,0.48478,-0.27633,0.55801,7.0
5819,2002-10-29,,,,2002,10,29,,0.58054,-0.16554,0.60368,7.0
5820,2002-10-30,,,,2002,10,30,,0.60829,-0.03197,0.60913,7.0
5821,2002-10-31,,,,2002,10,31,,0.62717,0.04859,0.62905,6.0
5822,2002-11-01,-0.6,1.042,-1.425,2002,11,1,,0.60264,0.19614,0.63376,6.0
5823,2002-11-02,,,,2002,11,2,,0.60673,0.37133,0.71134,6.0
5824,2002-11-03,,,,2002,11,3,,0.62691,0.56611,0.84469,6.0
5825,2002-11-04,,,,2002,11,4,,0.72665,0.80785,1.08657,5.0
5826,2002-11-05,,,,2002,11,5,,0.77936,0.99324,1.26251,5.0
5827,2002-11-06,,,,2002,11,6,,0.75305,1.08522,1.3209,5.0
5828,2002-11-07,,,,2002,11,7,,0.78299,1.14875,1.39021,5.0
5829,2002-11-08,,,,2002,11,8,,0.84844,1.1887,1.46043,5.0
5830,2002-11-09,,,,2002,11,9,,0.9594,1.20328,1.53894,5.0
5831,2002-11-10,,,,2002,11,10,,1.02141,1.16336,1.54813,5.0
5832,2002-11-11,,,,2002,11,11,,1.08848,1.03726,1.50356,6.0
5833,2002-11-12,,,,2002,11,12,,1.06925,0.94758,1.42871,6.0
5834,2002-11-13,,,,2002,11,13,,0.96996,0.86844,1.30193,6.0
5835,2002-11-14,,,,2002,11,14,,0.86356,0.83274,1.19966,6.0
5836,2002-11-15,,,,2002,11,15,,0.73763,0.83497,1.11412,5.0
5837,2002-11-16,,,,2002,11,16,,0.53024,0.93006,1.07059,5.0
5838,2002-11-17,,,,2002,11,17,,0.29456,1.10062,1.13935,5.0
5839,2002-11-18,,,,2002,11,18,,-0.0228,1.22669,1.2269,4.0
5840,2002-11-19,,,,2002,11,19,,-0.41501,1.24914,1.31628,4.0
5841,2002-11-20,,,,2002,11,20,,-0.88685,1.14151,1.44553,4.0
5842,2002-11-21,,,,2002,11,21,,-1.34418,0.82516,1.57725,3.0
5843,2002-11-22,,,,2002,11,22,,-1.69888,0.48206,1.76595,3.0
5844,2002-11-23,,,,2002,11,23,,-1.97617,0.18403,1.98472,3.0
5845,2002-11-24,,,,2002,11,24,,-2.16229,-0.13318,2.16639,2.0
5846,2002-11-25,,,,2002,11,25,,-2.23487,-0.49953,2.29001,2.0
5847,2002-11-26,,,,2002,11,26,,-2.22368,-0.89036,2.39531,2.0
5848,2002-11-27,,,,2002,11,27,,-2.20073,-1.17285,2.49375,2.0
5849,2002-11-28,,,,2002,11,28,,-2.12148,-1.40856,2.54651,2.0
5850,2002-11-29,,,,2002,11,29,,-2.01421,-1.59176,2.56725,2.0
5851,2002-11-30,,,,2002,11,30,,-1.73178,-1.68927,2.41924,2.0
5852,2002-12-01,-1.3,1.32,-1.592,2002,12,1,,-1.37118,-1.80897,2.26991,1.0
5853,2002-12-02,,,,2002,12,2,,-1.0362,-1.96484,2.22133,1.0
5854,2002-12-03,,,,2002,12,3,,-0.69404,-2.1503,2.25953,1.0
5855,2002-12-04,,,,2002,12,4,,-0.30779,-2.24618,2.26717,1.0
5856,2002-12-05,,,,2002,12,5,,0.07724,-2.2618,2.26312,8.0
5857,2002-12-06,,,,2002,12,6,,0.37651,-2.21851,2.25023,8.0
5858,2002-12-07,,,,2002,12,7,,0.54275,-2.09221,2.16146,8.0
5859,2002-12-08,,,,2002,12,8,,0.7109,-1.99881,2.12147,8.0
5860,2002-12-09,,,,2002,12,9,,0.77875,-1.94674,2.09672,8.0
5861,2002-12-10,,,,2002,12,10,,0.85234,-1.86323,2.04893,8.0
5862,2002-12-11,,,,2002,12,11,,0.96331,-1.76724,2.01273,8.0
5863,2002-12-12,,,,2002,12,12,,1.09811,-1.61358,1.9518,8.0
5864,2002-12-13,,,,2002,12,13,,1.20938,-1.48657,1.91638,8.0
5865,2002-12-14,,,,2002,12,14,,1.37798,-1.38178,1.95145,8.0
5866,2002-12-15,,,,2002,12,15,,1.63905,-1.24033,2.05546,7.0
5867,2002-12-16,,,,2002,12,16,,1.95598,-1.08145,2.23504,7.0
5868,2002-12-17,,,,2002,12,17,,2.20917,-0.83613,2.3621,7.0
5869,2002-12-18,,,,2002,12,18,,2.39782,-0.52197,2.45397,7.0
5870,2002-12-19,,,,2002,12,19,,2.45489,-0.20613,2.46352,7.0
5871,2002-12-20,,,,2002,12,20,,2.49278,0.14218,2.49683,6.0
5872,2002-12-21,,,,2002,12,21,,2.49639,0.56874,2.56036,6.0
5873,2002-12-22,,,,2002,12,22,,2.40771,1.00532,2.60917,6.0
5874,2002-12-23,,,,2002,12,23,,2.15275,1.40794,2.57228,6.0
5875,2002-12-24,,,,2002,12,24,,1.77021,1.75669,2.49391,6.0
5876,2002-12-25,,,,2002,12,25,,1.40142,2.0871,2.51396,5.0
5877,2002-12-26,,,,2002,12,26,,1.05958,2.28719,2.5207,5.0
5878,2002-12-27,,,,2002,12,27,,0.72227,2.31739,2.42734,5.0
5879,2002-12-28,,,,2002,12,28,,0.40089,2.33126,2.36547,5.0
5880,2002-12-29,,,,2002,12,29,,0.13384,2.29873,2.30262,5.0
5881,2002-12-30,,,,2002,12,30,,-0.18752,2.17925,2.18731,4.0
5882,2002-12-31,,,,2002,12,31,,-0.47788,2.03521,2.09057,4.0
5883,2003-01-01,-0.3,1.291,-0.472,2003,1,1,,-0.76923,1.88855,2.0392,4.0
5884,2003-01-02,,,,2003,1,2,,-0.96235,1.64569,1.90642,4.0
5885,2003-01-03,,,,2003,1,3,,-1.193,1.36407,1.81216,4.0
5886,2003-01-04,,,,2003,1,4,,-1.36893,1.04332,1.72119,3.0
5887,2003-01-05,,,,2003,1,5,,-1.51505,0.84082,1.73272,3.0
5888,2003-01-06,,,,2003,1,6,,-1.60021,0.62348,1.71738,3.0
5889,2003-01-07,,,,2003,1,7,,-1.77978,0.44396,1.83432,3.0
5890,2003-01-08,,,,2003,1,8,,-1.90551,0.28359,1.9265,3.0
5891,2003-01-09,,,,2003,1,9,,-1.91711,0.15607,1.92345,3.0
5892,2003-01-10,,,,2003,1,10,,-1.86041,0.02617,1.8606,3.0
5893,2003-01-11,,,,2003,1,11,,-1.78831,-0.09065,1.79061,2.0
5894,2003-01-12,,,,2003,1,12,,-1.70123,-0.2194,1.71532,2.0
5895,2003-01-13,,,,2003,1,13,,-1.58682,-0.29421,1.61387,2.0
5896,2003-01-14,,,,2003,1,14,,-1.41284,-0.3684,1.46008,2.0
5897,2003-01-15,,,,2003,1,15,,-1.28464,-0.44745,1.36033,2.0
5898,2003-01-16,,,,2003,1,16,,-1.16726,-0.50927,1.27351,2.0
5899,2003-01-17,,,,2003,1,17,,-1.06241,-0.55853,1.20028,2.0
5900,2003-01-18,,,,2003,1,18,,-0.97717,-0.58767,1.14027,2.0
5901,2003-01-19,,,,2003,1,19,,-0.95338,-0.64725,1.15232,2.0
5902,2003-01-20,,,,2003,1,20,,-0.95284,-0.63314,1.14401,2.0
5903,2003-01-21,,,,2003,1,21,,-0.92909,-0.57636,1.09334,2.0
5904,2003-01-22,,,,2003,1,22,,-0.97291,-0.45192,1.07275,2.0
5905,2003-01-23,,,,2003,1,23,,-0.96365,-0.30786,1.01163,2.0
5906,2003-01-24,,,,2003,1,24,,-0.88389,-0.15151,0.89678,2.0
5907,2003-01-25,,,,2003,1,25,,-0.73149,-0.10911,0.73958,2.0
5908,2003-01-26,,,,2003,1,26,,-0.51007,-0.09798,0.5194,2.0
5909,2003-01-27,,,,2003,1,27,,-0.26231,-0.09058,0.27751,2.0
5910,2003-01-28,,,,2003,1,28,,-0.04137,-0.04717,0.06274,1.0
5911,2003-01-29,,,,2003,1,29,,0.19999,-0.01249,0.20037,7.0
5912,2003-01-30,,,,2003,1,30,,0.48819,-0.09224,0.49683,7.0
5913,2003-01-31,,,,2003,1,31,,0.76717,-0.159,0.78347,7.0
5914,2003-02-01,-0.9,1.051,0.128,2003,2,1,,0.9206,-0.17313,0.93674,7.0
5915,2003-02-02,,,,2003,2,2,,1.00926,-0.14502,1.01963,7.0
5916,2003-02-03,,,,2003,2,3,,1.11674,-0.09472,1.12075,7.0
5917,2003-02-04,,,,2003,2,4,,1.15289,-0.11086,1.1582,7.0
5918,2003-02-05,,,,2003,2,5,,1.11966,-0.15029,1.1297,7.0
5919,2003-02-06,,,,2003,2,6,,1.13364,-0.27954,1.1676,7.0
5920,2003-02-07,,,,2003,2,7,,1.12123,-0.40062,1.19065,7.0
5921,2003-02-08,,,,2003,2,8,,1.0896,-0.4227,1.16872,7.0
5922,2003-02-09,,,,2003,2,9,,1.07177,-0.44929,1.16214,7.0
5923,2003-02-10,,,,2003,2,10,,1.06136,-0.5406,1.1911,7.0
5924,2003-02-11,,,,2003,2,11,,1.09464,-0.60891,1.2526,7.0
5925,2003-02-12,,,,2003,2,12,,1.04212,-0.5804,1.19284,7.0
5926,2003-02-13,,,,2003,2,13,,0.90409,-0.40339,0.99,7.0
5927,2003-02-14,,,,2003,2,14,,0.75736,-0.11079,0.76542,7.0
5928,2003-02-15,,,,2003,2,15,,0.58044,0.28447,0.6464,6.0
5929,2003-02-16,,,,2003,2,16,,0.45004,0.62547,0.77055,5.0
5930,2003-02-17,,,,2003,2,17,,0.30818,0.95226,1.00089,5.0
5931,2003-02-18,,,,2003,2,18,,0.15018,1.21237,1.22164,5.0
5932,2003-02-19,,,,2003,2,19,,-0.01367,1.4791,1.47916,4.0
5933,2003-02-20,,,,2003,2,20,,-0.17038,1.70533,1.71382,4.0
5934,2003-02-21,,,,2003,2,21,,-0.28664,1.88653,1.90818,4.0
5935,2003-02-22,,,,2003,2,22,,-0.3625,2.00601,2.03851,4.0
5936,2003-02-23,,,,2003,2,23,,-0.4329,1.95358,2.00097,4.0
5937,2003-02-24,,,,2003,2,24,,-0.465,1.83591,1.89388,4.0
5938,2003-02-25,,,,2003,2,25,,-0.44685,1.74605,1.80232,4.0
5939,2003-02-26,,,,2003,2,26,,-0.4516,1.59449,1.65721,4.0
5940,2003-02-27,,,,2003,2,27,,-0.4352,1.49065,1.55288,4.0
5941,2003-02-28,,,,2003,2,28,,-0.37618,1.37726,1.42771,4.0
5942,2003-03-01,-0.91,1.059,0.933,2003,3,1,,-0.29608,1.21827,1.25373,4.0
5943,2003-03-02,,,,2003,3,2,,-0.37073,1.00235,1.06871,4.0
5944,2003-03-03,,,,2003,3,3,,-0.52223,0.78911,0.94627,4.0
5945,2003-03-04,,,,2003,3,4,,-0.77397,0.66567,1.02085,3.0
5946,2003-03-05,,,,2003,3,5,,-1.04985,0.59952,1.20897,3.0
5947,2003-03-06,,,,2003,3,6,,-1.32016,0.57625,1.44044,3.0
5948,2003-03-07,,,,2003,3,7,,-1.46589,0.63663,1.59816,3.0
5949,2003-03-08,,,,2003,3,8,,-1.54069,0.61521,1.65898,3.0
5950,2003-03-09,,,,2003,3,9,,-1.58701,0.53889,1.676,3.0
5951,2003-03-10,,,,2003,3,10,,-1.53914,0.42194,1.59593,3.0
5952,2003-03-11,,,,2003,3,11,,-1.41583,0.23818,1.43572,3.0
5953,2003-03-12,,,,2003,3,12,,-1.21596,-0.02594,1.21624,2.0
5954,2003-03-13,,,,2003,3,13,,-0.99468,-0.32493,1.04641,2.0
5955,2003-03-14,,,,2003,3,14,,-0.75,-0.63244,0.98106,2.0
5956,2003-03-15,,,,2003,3,15,,-0.41481,-0.92992,1.01825,1.0
5957,2003-03-16,,,,2003,3,16,,-0.06362,-1.19771,1.1994,1.0
5958,2003-03-17,,,,2003,3,17,,0.20822,-1.30781,1.32428,8.0
5959,2003-03-18,,,,2003,3,18,,0.48982,-1.28147,1.37189,8.0
5960,2003-03-19,,,,2003,3,19,,0.67133,-1.21818,1.39092,8.0
5961,2003-03-20,,,,2003,3,20,,0.77314,-1.11889,1.36002,8.0
5962,2003-03-21,,,,2003,3,21,,0.75989,-1.02048,1.27232,8.0
5963,2003-03-22,,,,2003,3,22,,0.76574,-0.9385,1.21125,8.0
5964,2003-03-23,,,,2003,3,23,,0.78628,-0.75649,1.0911,7.0
5965,2003-03-24,,,,2003,3,24,,0.72558,-0.54422,0.90699,7.0
5966,2003-03-25,,,,2003,3,25,,0.68034,-0.31208,0.7485,7.0
5967,2003-03-26,,,,2003,3,26,,0.61109,-0.11152,0.62118,7.0
5968,2003-03-27,,,,2003,3,27,,0.50034,0.20025,0.53892,6.0
5969,2003-03-28,,,,2003,3,28,,0.38576,0.51805,0.6459,5.0
5970,2003-03-29,,,,2003,3,29,,0.2595,0.7613,0.80431,5.0
5971,2003-03-30,,,,2003,3,30,,0.15425,0.91154,0.9245,5.0
5972,2003-03-31,,,,2003,3,31,,0.00586,1.01541,1.01543,5.0
5973,2003-04-01,-0.48,0.549,-0.178,2003,4,1,,-0.16011,1.01464,1.0272,4.0
5974,2003-04-02,,,,2003,4,2,,-0.32537,0.90138,0.9583,4.0
5975,2003-04-03,,,,2003,4,3,,-0.50296,0.76669,0.91694,4.0
5976,2003-04-04,,,,2003,4,4,,-0.53694,0.58979,0.7976,4.0
5977,2003-04-05,,,,2003,4,5,,-0.56591,0.28091,0.63179,3.0
5978,2003-04-06,,,,2003,4,6,,-0.54684,-0.07073,0.5514,2.0
5979,2003-04-07,,,,2003,4,7,,-0.45708,-0.42917,0.62698,2.0
5980,2003-04-08,,,,2003,4,8,,-0.29068,-0.76879,0.82191,1.0
5981,2003-04-09,,,,2003,4,9,,-0.0815,-1.02691,1.03014,1.0
5982,2003-04-10,,,,2003,4,10,,0.09973,-1.19857,1.20272,8.0
5983,2003-04-11,,,,2003,4,11,,0.28008,-1.23868,1.26995,8.0
5984,2003-04-12,,,,2003,4,12,,0.44127,-1.25363,1.32903,8.0
5985,2003-04-13,,,,2003,4,13,,0.52646,-1.25835,1.36404,8.0
5986,2003-04-14,,,,2003,4,14,,0.6585,-1.25181,1.41444,8.0
5987,2003-04-15,,,,2003,4,15,,0.7455,-1.19103,1.4051,8.0
5988,2003-04-16,,,,2003,4,16,,0.77032,-1.12778,1.36575,8.0
5989,2003-04-17,,,,2003,4,17,,0.76095,-0.95656,1.22232,8.0
5990,2003-04-18,,,,2003,4,18,,0.75849,-0.71937,1.04537,7.0
5991,2003-04-19,,,,2003,4,19,,0.85964,-0.49481,0.99188,7.0
5992,2003-04-20,,,,2003,4,20,,0.95748,-0.39337,1.03514,7.0
5993,2003-04-21,,,,2003,4,21,,1.14517,-0.35564,1.19913,7.0
5994,2003-04-22,,,,2003,4,22,,1.26528,-0.33561,1.30903,7.0
5995,2003-04-23,,,,2003,4,23,,1.25915,-0.29998,1.29439,7.0
5996,2003-04-24,,,,2003,4,24,,1.27406,-0.24419,1.29725,7.0
5997,2003-04-25,,,,2003,4,25,,1.37446,-0.03133,1.37482,7.0
5998,2003-04-26,,,,2003,4,26,,1.51389,0.13231,1.51966,6.0
5999,2003-04-27,,,,2003,4,27,,1.58051,0.16762,1.58937,6.0
6000,2003-04-28,,,,2003,4,28,,1.51409,0.15714,1.52222,6.0
6001,2003-04-29,,,,2003,4,29,,1.44938,0.15632,1.45779,6.0
6002,2003-04-30,,,,2003,4,30,,1.34583,0.22082,1.36383,6.0
6003,2003-05-01,-0.85,0.144,1.017,2003,5,1,,1.41893,0.27322,1.44499,6.0
6004,2003-05-02,,,,2003,5,2,,1.52217,0.39219,1.57188,6.0
6005,2003-05-03,,,,2003,5,3,,1.56525,0.5748,1.66746,6.0
6006,2003-05-04,,,,2003,5,4,,1.48512,0.68245,1.63442,6.0
6007,2003-05-05,,,,2003,5,5,,1.30926,0.84139,1.55631,6.0
6008,2003-05-06,,,,2003,5,6,,1.19636,1.09779,1.6237,6.0
6009,2003-05-07,,,,2003,5,7,,1.11099,1.35092,1.74908,5.0
6010,2003-05-08,,,,2003,5,8,,1.02905,1.63048,1.92806,5.0
6011,2003-05-09,,,,2003,5,9,,0.8562,1.91624,2.09882,5.0
6012,2003-05-10,,,,2003,5,10,,0.5467,2.21385,2.28036,5.0
6013,2003-05-11,,,,2003,5,11,,0.13521,2.40312,2.40692,5.0
6014,2003-05-12,,,,2003,5,12,,-0.20655,2.46058,2.46923,4.0
6015,2003-05-13,,,,2003,5,13,,-0.46128,2.40443,2.44827,4.0
6016,2003-05-14,,,,2003,5,14,,-0.78977,2.26092,2.39489,4.0
6017,2003-05-15,,,,2003,5,15,,-1.24476,1.95731,2.31959,4.0
6018,2003-05-16,,,,2003,5,16,,-1.66871,1.58368,2.30057,3.0
6019,2003-05-17,,,,2003,5,17,,-2.04365,1.14856,2.34429,3.0
6020,2003-05-18,,,,2003,5,18,,-2.2826,0.68513,2.38321,3.0
6021,2003-05-19,,,,2003,5,19,,-2.48269,0.27954,2.49838,3.0
6022,2003-05-20,,,,2003,5,20,,-2.54424,-0.09104,2.54587,2.0
6023,2003-05-21,,,,2003,5,21,,-2.63874,-0.50393,2.68643,2.0
6024,2003-05-22,,,,2003,5,22,,-2.71022,-0.88999,2.85261,2.0
6025,2003-05-23,,,,2003,5,23,,-2.65619,-1.27246,2.94524,2.0
6026,2003-05-24,,,,2003,5,24,,-2.4297,-1.5337,2.87327,2.0
6027,2003-05-25,,,,2003,5,25,,-2.17988,-1.70915,2.77003,2.0
6028,2003-05-26,,,,2003,5,26,,-1.93047,-1.79232,2.63422,2.0
6029,2003-05-27,,,,2003,5,27,,-1.72529,-1.84204,2.52383,1.0
6030,2003-05-28,,,,2003,5,28,,-1.48499,-2.00818,2.4976,1.0
6031,2003-05-29,,,,2003,5,29,,-1.23223,-2.18466,2.50821,1.0
6032,2003-05-30,,,,2003,5,30,,-0.91253,-2.27752,2.45352,1.0
6033,2003-05-31,,,,2003,5,31,,-0.59329,-2.27971,2.35565,1.0
6034,2003-06-01,-1.75,-0.015,-0.102,2003,6,1,,-0.31435,-2.25582,2.27762,1.0
6035,2003-06-02,,,,2003,6,2,,-0.10654,-2.23818,2.24071,1.0
6036,2003-06-03,,,,2003,6,3,,0.08138,-2.23334,2.23483,8.0
6037,2003-06-04,,,,2003,6,4,,0.23854,-2.23079,2.24351,8.0
6038,2003-06-05,,,,2003,6,5,,0.47769,-2.23343,2.28395,8.0
6039,2003-06-06,,,,2003,6,6,,0.62672,-2.16725,2.25605,8.0
6040,2003-06-07,,,,2003,6,7,,0.69914,-2.01754,2.13524,8.0
6041,2003-06-08,,,,2003,6,8,,0.69511,-1.88383,2.00798,8.0
6042,2003-06-09,,,,2003,6,9,,0.6474,-1.7646,1.87961,8.0
6043,2003-06-10,,,,2003,6,10,,0.61676,-1.62035,1.73376,8.0
6044,2003-06-11,,,,2003,6,11,,0.57396,-1.48586,1.59286,8.0
6045,2003-06-12,,,,2003,6,12,,0.49667,-1.30146,1.39302,8.0
6046,2003-06-13,,,,2003,6,13,,0.50961,-1.05903,1.17527,8.0
6047,2003-06-14,,,,2003,6,14,,0.53768,-0.80279,0.96622,8.0
6048,2003-06-15,,,,2003,6,15,,0.60947,-0.58156,0.84242,7.0
6049,2003-06-16,,,,2003,6,16,,0.69552,-0.45922,0.83345,7.0
6050,2003-06-17,,,,2003,6,17,,0.84265,-0.38926,0.92822,7.0
6051,2003-06-18,,,,2003,6,18,,1.01194,-0.30482,1.05685,7.0
6052,2003-06-19,,,,2003,6,19,,1.19165,-0.1697,1.20367,7.0
6053,2003-06-20,,,,2003,6,20,,1.46328,-0.05485,1.46431,7.0
6054,2003-06-21,,,,2003,6,21,,1.77712,0.00285,1.77712,6.0
6055,2003-06-22,,,,2003,6,22,,1.92858,-0.00238,1.92858,7.0
6056,2003-06-23,,,,2003,6,23,,1.90988,0.02428,1.91003,6.0
6057,2003-06-24,,,,2003,6,24,,1.89152,0.18259,1.90031,6.0
6058,2003-06-25,,,,2003,6,25,,1.95541,0.40026,1.99595,6.0
6059,2003-06-26,,,,2003,6,26,,1.95685,0.65116,2.06235,6.0
6060,2003-06-27,,,,2003,6,27,,1.92085,0.88156,2.11348,6.0
6061,2003-06-28,,,,2003,6,28,,1.82441,1.04059,2.10031,6.0
6062,2003-06-29,,,,2003,6,29,,1.62607,1.20233,2.0223,6.0
6063,2003-06-30,,,,2003,6,30,,1.35125,1.37639,1.92882,5.0
6064,2003-07-01,0.26,0.619,0.075,2003,7,1,,1.09839,1.54379,1.89467,5.0
6065,2003-07-02,,,,2003,7,2,,0.93358,1.63474,1.88253,5.0
6066,2003-07-03,,,,2003,7,3,,0.78726,1.58489,1.76965,5.0
6067,2003-07-04,,,,2003,7,4,,0.5828,1.47177,1.58296,5.0
6068,2003-07-05,,,,2003,7,5,,0.43934,1.33481,1.40525,5.0
6069,2003-07-06,,,,2003,7,6,,0.35226,1.24265,1.29161,5.0
6070,2003-07-07,,,,2003,7,7,,0.28087,1.19142,1.22408,5.0
6071,2003-07-08,,,,2003,7,8,,0.22813,1.15805,1.1803,5.0
6072,2003-07-09,,,,2003,7,9,,0.19106,1.12936,1.14541,5.0
6073,2003-07-10,,,,2003,7,10,,0.15931,1.13524,1.14636,5.0
6074,2003-07-11,,,,2003,7,11,,0.13289,1.11864,1.12651,5.0
6075,2003-07-12,,,,2003,7,12,,0.09622,1.10656,1.11074,5.0
6076,2003-07-13,,,,2003,7,13,,0.04137,1.07312,1.07391,5.0
6077,2003-07-14,,,,2003,7,14,,-0.04593,1.09189,1.09285,4.0
6078,2003-07-15,,,,2003,7,15,,-0.22246,1.03135,1.05507,4.0
6079,2003-07-16,,,,2003,7,16,,-0.41758,0.92792,1.01755,4.0
6080,2003-07-17,,,,2003,7,17,,-0.62289,0.83792,1.04408,4.0
6081,2003-07-18,,,,2003,7,18,,-0.79479,0.78934,1.12015,3.0
6082,2003-07-19,,,,2003,7,19,,-0.94751,0.71993,1.18999,3.0
6083,2003-07-20,,,,2003,7,20,,-1.02239,0.65858,1.21615,3.0
6084,2003-07-21,,,,2003,7,21,,-0.98767,0.5703,1.14049,3.0
6085,2003-07-22,,,,2003,7,22,,-1.06328,0.4995,1.17476,3.0
6086,2003-07-23,,,,2003,7,23,,-1.12738,0.35601,1.18225,3.0
6087,2003-07-24,,,,2003,7,24,,-1.1126,0.24665,1.13961,3.0
6088,2003-07-25,,,,2003,7,25,,-1.09525,0.17434,1.10904,3.0
6089,2003-07-26,,,,2003,7,26,,-1.08114,0.0757,1.08378,3.0
6090,2003-07-27,,,,2003,7,27,,-1.02074,-0.10134,1.02576,2.0
6091,2003-07-28,,,,2003,7,28,,-0.92561,-0.23502,0.95498,2.0
6092,2003-07-29,,,,2003,7,29,,-0.95794,-0.33042,1.01333,2.0
6093,2003-07-30,,,,2003,7,30,,-1.04855,-0.44983,1.14097,2.0
6094,2003-07-31,,,,2003,7,31,,-0.93179,-0.51612,1.06518,2.0
6095,2003-08-01,-0.35,0.785,-0.28,2003,8,1,,-0.80375,-0.53688,0.96657,2.0
6096,2003-08-02,,,,2003,8,2,,-0.7233,-0.57745,0.92554,2.0
6097,2003-08-03,,,,2003,8,3,,-0.57971,-0.67742,0.89161,1.0
6098,2003-08-04,,,,2003,8,4,,-0.377,-0.79975,0.88416,1.0
6099,2003-08-05,,,,2003,8,5,,-0.25738,-0.98301,1.01615,1.0
6100,2003-08-06,,,,2003,8,6,,-0.217,-1.15308,1.17333,1.0
6101,2003-08-07,,,,2003,8,7,,-0.05036,-1.20205,1.20311,1.0
6102,2003-08-08,,,,2003,8,8,,0.12079,-1.12981,1.13624,8.0
6103,2003-08-09,,,,2003,8,9,,0.21285,-1.09356,1.11409,8.0
6104,2003-08-10,,,,2003,8,10,,0.31962,-1.06094,1.10804,8.0
6105,2003-08-11,,,,2003,8,11,,0.43759,-1.01092,1.10156,8.0
6106,2003-08-12,,,,2003,8,12,,0.47167,-0.82745,0.95245,8.0
6107,2003-08-13,,,,2003,8,13,,0.43792,-0.56873,0.71779,8.0
6108,2003-08-14,,,,2003,8,14,,0.36537,-0.20445,0.41869,7.0
6109,2003-08-15,,,,2003,8,15,,0.44816,0.13083,0.46687,6.0
6110,2003-08-16,,,,2003,8,16,,0.48907,0.26339,0.55549,6.0
6111,2003-08-17,,,,2003,8,17,,0.44976,0.3071,0.54461,6.0
6112,2003-08-18,,,,2003,8,18,,0.33658,0.42029,0.53845,5.0
6113,2003-08-19,,,,2003,8,19,,0.16923,0.51657,0.54358,5.0
6114,2003-08-20,,,,2003,8,20,,-0.00746,0.54942,0.54947,4.0
6115,2003-08-21,,,,2003,8,21,,-0.14496,0.57084,0.58896,4.0
6116,2003-08-22,,,,2003,8,22,,-0.18352,0.48305,0.51674,4.0
6117,2003-08-23,,,,2003,8,23,,-0.14118,0.35193,0.37919,4.0
6118,2003-08-24,,,,2003,8,24,,-0.15045,0.18217,0.23626,4.0
6119,2003-08-25,,,,2003,8,25,,-0.17929,0.08846,0.19993,3.0
6120,2003-08-26,,,,2003,8,26,,-0.22241,0.0543,0.22895,3.0
6121,2003-08-27,,,,2003,8,27,,-0.23294,0.00706,0.23305,3.0
6122,2003-08-28,,,,2003,8,28,,-0.28801,-0.03489,0.29011,2.0
6123,2003-08-29,,,,2003,8,29,,-0.30435,-0.01638,0.30479,2.0
6124,2003-08-30,,,,2003,8,30,,-0.28169,-0.05629,0.28726,2.0
6125,2003-08-31,,,,2003,8,31,,-0.3285,0.00099,0.3285,3.0
6126,2003-09-01,-0.18,-0.059,0.467,2003,9,1,,-0.41786,0.09579,0.4287,3.0
6127,2003-09-02,,,,2003,9,2,,-0.49068,0.21398,0.53531,3.0
6128,2003-09-03,,,,2003,9,3,,-0.52325,0.35015,0.6296,3.0
6129,2003-09-04,,,,2003,9,4,,-0.53054,0.42424,0.67931,3.0
6130,2003-09-05,,,,2003,9,5,,-0.54192,0.49597,0.73462,3.0
6131,2003-09-06,,,,2003,9,6,,-0.47806,0.54027,0.72141,4.0
6132,2003-09-07,,,,2003,9,7,,-0.44371,0.58691,0.73576,4.0
6133,2003-09-08,,,,2003,9,8,,-0.44364,0.58772,0.73637,4.0
6134,2003-09-09,,,,2003,9,9,,-0.45165,0.58881,0.74207,4.0
6135,2003-09-10,,,,2003,9,10,,-0.39643,0.58243,0.70455,4.0
6136,2003-09-11,,,,2003,9,11,,-0.35989,0.56357,0.66868,4.0
6137,2003-09-12,,,,2003,9,12,,-0.45345,0.45182,0.64013,3.0
6138,2003-09-13,,,,2003,9,13,,-0.53062,0.36601,0.64461,3.0
6139,2003-09-14,,,,2003,9,14,,-0.47149,0.27952,0.54812,3.0
6140,2003-09-15,,,,2003,9,15,,-0.3136,0.28502,0.42377,3.0
6141,2003-09-16,,,,2003,9,16,,-0.15545,0.23524,0.28196,4.0
6142,2003-09-17,,,,2003,9,17,,-0.04886,0.22559,0.23082,4.0
6143,2003-09-18,,,,2003,9,18,,0.05744,0.16621,0.17586,5.0
6144,2003-09-19,,,,2003,9,19,,0.16376,0.112,0.19839,6.0
6145,2003-09-20,,,,2003,9,20,,0.23723,-0.01312,0.23759,7.0
6146,2003-09-21,,,,2003,9,21,,0.36576,-0.13417,0.38959,7.0
6147,2003-09-22,,,,2003,9,22,,0.53708,-0.17924,0.56619,7.0
6148,2003-09-23,,,,2003,9,23,,0.68409,-0.18809,0.70948,7.0
6149,2003-09-24,,,,2003,9,24,,0.6842,-0.3103,0.75128,7.0
6150,2003-09-25,,,,2003,9,25,,0.64026,-0.3191,0.71537,7.0
6151,2003-09-26,,,,2003,9,26,,0.7702,-0.29332,0.82416,7.0
6152,2003-09-27,,,,2003,9,27,,0.92615,-0.25009,0.95932,7.0
6153,2003-09-28,,,,2003,9,28,,0.98358,-0.20856,1.00544,7.0
6154,2003-09-29,,,,2003,9,29,,1.05801,-0.0705,1.06035,7.0
6155,2003-09-30,,,,2003,9,30,,1.1755,0.15978,1.18631,6.0
6156,2003-10-01,-0.26,0.593,-0.67,2003,10,1,,1.24108,0.29234,1.27505,6.0
6157,2003-10-02,,,,2003,10,2,,1.20284,0.42339,1.27518,6.0
6158,2003-10-03,,,,2003,10,3,,1.17192,0.55518,1.29678,6.0
6159,2003-10-04,,,,2003,10,4,,1.14126,0.52793,1.25745,6.0
6160,2003-10-05,,,,2003,10,5,,0.96201,0.46487,1.06845,6.0
6161,2003-10-06,,,,2003,10,6,,0.76643,0.4262,0.87696,6.0
6162,2003-10-07,,,,2003,10,7,,0.56731,0.42958,0.7116,6.0
6163,2003-10-08,,,,2003,10,8,,0.36178,0.4026,0.54127,5.0
6164,2003-10-09,,,,2003,10,9,,0.05407,0.34918,0.35334,5.0
6165,2003-10-10,,,,2003,10,10,,-0.28569,0.29646,0.41171,4.0
6166,2003-10-11,,,,2003,10,11,,-0.55577,0.12851,0.57043,3.0
6167,2003-10-12,,,,2003,10,12,,-0.78146,-0.04456,0.78273,2.0
6168,2003-10-13,,,,2003,10,13,,-0.97709,-0.13285,0.98608,2.0
6169,2003-10-14,,,,2003,10,14,,-1.14012,-0.18898,1.15567,2.0
6170,2003-10-15,,,,2003,10,15,,-1.27153,-0.18028,1.28425,2.0
6171,2003-10-16,,,,2003,10,16,,-1.29467,-0.17373,1.30627,2.0
6172,2003-10-17,,,,2003,10,17,,-1.27729,-0.20601,1.29379,2.0
6173,2003-10-18,,,,2003,10,18,,-1.2345,-0.31,1.27283,2.0
6174,2003-10-19,,,,2003,10,19,,-1.1262,-0.44777,1.21195,2.0
6175,2003-10-20,,,,2003,10,20,,-0.98338,-0.5023,1.10424,2.0
6176,2003-10-21,,,,2003,10,21,,-0.77295,-0.62303,0.99279,2.0
6177,2003-10-22,,,,2003,10,22,,-0.52132,-0.76332,0.92436,1.0
6178,2003-10-23,,,,2003,10,23,,-0.21184,-0.91151,0.9358,1.0
6179,2003-10-24,,,,2003,10,24,,0.01642,-1.07685,1.07697,8.0
6180,2003-10-25,,,,2003,10,25,,0.15312,-1.12523,1.1356,8.0
6181,2003-10-26,,,,2003,10,26,,0.26703,-1.13901,1.1699,8.0
6182,2003-10-27,,,,2003,10,27,,0.44594,-1.12942,1.21427,8.0
6183,2003-10-28,,,,2003,10,28,,0.5871,-1.0762,1.22593,8.0
6184,2003-10-29,,,,2003,10,29,,0.67303,-1.0153,1.21811,8.0
6185,2003-10-30,,,,2003,10,30,,0.76898,-0.88771,1.17446,8.0
6186,2003-10-31,,,,2003,10,31,,0.84612,-0.75901,1.13667,7.0
6187,2003-11-01,-0.32,-0.214,0.642,2003,11,1,,0.78959,-0.61143,0.99865,7.0
6188,2003-11-02,,,,2003,11,2,,0.78195,-0.51005,0.93359,7.0
6189,2003-11-03,,,,2003,11,3,,0.89392,-0.50899,1.02867,7.0
6190,2003-11-04,,,,2003,11,4,,1.06954,-0.4799,1.17227,7.0
6191,2003-11-05,,,,2003,11,5,,1.16998,-0.43236,1.24731,7.0
6192,2003-11-06,,,,2003,11,6,,1.17341,-0.43827,1.25259,7.0
6193,2003-11-07,,,,2003,11,7,,1.1381,-0.44476,1.22191,7.0
6194,2003-11-08,,,,2003,11,8,,1.04658,-0.40853,1.12349,7.0
6195,2003-11-09,,,,2003,11,9,,0.94016,-0.35058,1.0034,7.0
6196,2003-11-10,,,,2003,11,10,,0.84989,-0.21045,0.87555,7.0
6197,2003-11-11,,,,2003,11,11,,0.71419,-0.04491,0.7156,7.0
6198,2003-11-12,,,,2003,11,12,,0.56416,0.10061,0.57306,6.0
6199,2003-11-13,,,,2003,11,13,,0.4293,0.2061,0.47621,6.0
6200,2003-11-14,,,,2003,11,14,,0.3355,0.27783,0.4356,6.0
6201,2003-11-15,,,,2003,11,15,,0.3541,0.34356,0.49337,6.0
6202,2003-11-16,,,,2003,11,16,,0.40922,0.34313,0.53404,6.0
6203,2003-11-17,,,,2003,11,17,,0.38804,0.29629,0.48822,6.0
6204,2003-11-18,,,,2003,11,18,,0.29247,0.29974,0.41879,5.0
6205,2003-11-19,,,,2003,11,19,,0.19738,0.24907,0.3178,5.0
6206,2003-11-20,,,,2003,11,20,,0.08295,0.11207,0.13943,5.0
6207,2003-11-21,,,,2003,11,21,,0.0168,0.0086,0.01888,6.0
6208,2003-11-22,,,,2003,11,22,,-0.02859,-0.06295,0.06914,1.0
6209,2003-11-23,,,,2003,11,23,,-0.03783,-0.05991,0.07085,1.0
6210,2003-11-24,,,,2003,11,24,,-0.05945,0.01074,0.06041,3.0
6211,2003-11-25,,,,2003,11,25,,-0.08311,0.12682,0.15163,4.0
6212,2003-11-26,,,,2003,11,26,,-0.05558,0.22096,0.22785,4.0
6213,2003-11-27,,,,2003,11,27,,-0.00084,0.30777,0.30777,4.0
6214,2003-11-28,,,,2003,11,28,,0.0455,0.37837,0.3811,5.0
6215,2003-11-29,,,,2003,11,29,,0.13165,0.42616,0.44603,5.0
6216,2003-11-30,,,,2003,11,30,,0.22159,0.43185,0.48538,5.0
6217,2003-12-01,0.92,-0.48,0.265,2003,12,1,,0.27429,0.42685,0.50739,5.0
6218,2003-12-02,,,,2003,12,2,,0.30333,0.44716,0.54033,5.0
6219,2003-12-03,,,,2003,12,3,,0.37339,0.46581,0.59699,5.0
6220,2003-12-04,,,,2003,12,4,,0.40711,0.52783,0.66659,5.0
6221,2003-12-05,,,,2003,12,5,,0.41097,0.62594,0.7488,5.0
6222,2003-12-06,,,,2003,12,6,,0.42142,0.74471,0.85568,5.0
6223,2003-12-07,,,,2003,12,7,,0.43194,0.87308,0.97408,5.0
6224,2003-12-08,,,,2003,12,8,,0.42725,1.01413,1.10046,5.0
6225,2003-12-09,,,,2003,12,9,,0.33188,1.14076,1.18806,5.0
6226,2003-12-10,,,,2003,12,10,,0.16991,1.27013,1.28144,5.0
6227,2003-12-11,,,,2003,12,11,,-0.05416,1.32798,1.32909,4.0
6228,2003-12-12,,,,2003,12,12,,-0.38369,1.40408,1.45556,4.0
6229,2003-12-13,,,,2003,12,13,,-0.68646,1.3093,1.47834,4.0
6230,2003-12-14,,,,2003,12,14,,-0.91966,1.24995,1.55182,4.0
6231,2003-12-15,,,,2003,12,15,,-1.20609,1.22478,1.71894,4.0
6232,2003-12-16,,,,2003,12,16,,-1.50332,1.17101,1.90558,3.0
6233,2003-12-17,,,,2003,12,17,,-1.7528,1.07255,2.05491,3.0
6234,2003-12-18,,,,2003,12,18,,-1.90205,0.94641,2.1245,3.0
6235,2003-12-19,,,,2003,12,19,,-1.98458,0.73027,2.11468,3.0
6236,2003-12-20,,,,2003,12,20,,-1.99451,0.5486,2.06858,3.0
6237,2003-12-21,,,,2003,12,21,,-1.92505,0.25256,1.94155,3.0
6238,2003-12-22,,,,2003,12,22,,-1.86659,0.02598,1.86677,3.0
6239,2003-12-23,,,,2003,12,23,,-1.8234,-0.23729,1.83877,2.0
6240,2003-12-24,,,,2003,12,24,,-1.76876,-0.59639,1.8666,2.0
6241,2003-12-25,,,,2003,12,25,,-1.68722,-1.02182,1.97252,2.0
6242,2003-12-26,,,,2003,12,26,,-1.61176,-1.37151,2.11632,2.0
6243,2003-12-27,,,,2003,12,27,,-1.52456,-1.6701,2.26131,1.0
6244,2003-12-28,,,,2003,12,28,,-1.40632,-1.86085,2.33249,1.0
6245,2003-12-29,,,,2003,12,29,,-1.27996,-2.01258,2.38511,1.0
6246,2003-12-30,,,,2003,12,30,,-1.13906,-2.07579,2.36778,1.0
6247,2003-12-31,,,,2003,12,31,,-1.06502,-2.12335,2.37548,1.0
6248,2004-01-01,-1.31,-0.31,-1.686,2004,1,1,,-0.97916,-2.25799,2.46115,1.0
6249,2004-01-02,,,,2004,1,2,,-0.80525,-2.40305,2.53438,1.0
6250,2004-01-03,,,,2004,1,3,,-0.60363,-2.53002,2.60104,1.0
6251,2004-01-04,,,,2004,1,4,,-0.40487,-2.6729,2.70339,1.0
6252,2004-01-05,,,,2004,1,5,,-0.19573,-2.76236,2.76928,1.0
6253,2004-01-06,,,,2004,1,6,,6e-05,-2.80436,2.80436,8.0
6254,2004-01-07,,,,2004,1,7,,0.23514,-2.79427,2.80415,8.0
6255,2004-01-08,,,,2004,1,8,,0.41331,-2.80632,2.83659,8.0
6256,2004-01-09,,,,2004,1,9,,0.62617,-2.81548,2.88427,8.0
6257,2004-01-10,,,,2004,1,10,,0.9157,-2.75561,2.90377,8.0
6258,2004-01-11,,,,2004,1,11,,1.16613,-2.61125,2.8598,8.0
6259,2004-01-12,,,,2004,1,12,,1.35514,-2.41436,2.76867,8.0
6260,2004-01-13,,,,2004,1,13,,1.48196,-2.22324,2.67189,8.0
6261,2004-01-14,,,,2004,1,14,,1.59118,-1.9925,2.54988,8.0
6262,2004-01-15,,,,2004,1,15,,1.69276,-1.76705,2.44702,8.0
6263,2004-01-16,,,,2004,1,16,,1.74483,-1.6013,2.36825,7.0
6264,2004-01-17,,,,2004,1,17,,1.82342,-1.47986,2.34837,7.0
6265,2004-01-18,,,,2004,1,18,,1.85711,-1.34901,2.29536,7.0
6266,2004-01-19,,,,2004,1,19,,1.9155,-1.19278,2.25652,7.0
6267,2004-01-20,,,,2004,1,20,,1.99059,-1.00985,2.23209,7.0
6268,2004-01-21,,,,2004,1,21,,2.09252,-0.81545,2.2458,7.0
6269,2004-01-22,,,,2004,1,22,,2.26859,-0.61595,2.35073,7.0
6270,2004-01-23,,,,2004,1,23,,2.4551,-0.40996,2.4891,7.0
6271,2004-01-24,,,,2004,1,24,,2.53439,-0.10962,2.53676,7.0
6272,2004-01-25,,,,2004,1,25,,2.50663,0.18562,2.51349,6.0
6273,2004-01-26,,,,2004,1,26,,2.43559,0.50333,2.48706,6.0
6274,2004-01-27,,,,2004,1,27,,2.45431,0.88192,2.60796,6.0
6275,2004-01-28,,,,2004,1,28,,2.44288,1.25313,2.74554,6.0
6276,2004-01-29,,,,2004,1,29,,2.32583,1.54853,2.79418,6.0
6277,2004-01-30,,,,2004,1,30,,2.1359,1.90231,2.86021,6.0
6278,2004-01-31,,,,2004,1,31,,1.86461,2.28805,2.9516,5.0
6279,2004-02-01,0.77,-0.099,-1.528,2004,2,1,,1.51857,2.67739,3.07806,5.0
6280,2004-02-02,,,,2004,2,2,,1.10372,2.969,3.16752,5.0
6281,2004-02-03,,,,2004,2,3,,0.65225,3.29468,3.35862,5.0
6282,2004-02-04,,,,2004,2,4,,0.19581,3.5982,3.60353,5.0
6283,2004-02-05,,,,2004,2,5,,-0.38455,3.70837,3.72825,4.0
6284,2004-02-06,,,,2004,2,6,,-1.02712,3.55599,3.70135,4.0
6285,2004-02-07,,,,2004,2,7,,-1.5029,3.34569,3.66774,4.0
6286,2004-02-08,,,,2004,2,8,,-1.77484,3.08582,3.55983,4.0
6287,2004-02-09,,,,2004,2,9,,-1.91897,2.90671,3.48301,4.0
6288,2004-02-10,,,,2004,2,10,,-1.9438,2.61096,3.25507,4.0
6289,2004-02-11,,,,2004,2,11,,-1.81124,2.25281,2.89063,4.0
6290,2004-02-12,,,,2004,2,12,,-1.57518,1.90063,2.46852,4.0
6291,2004-02-13,,,,2004,2,13,,-1.3556,1.51796,2.03516,4.0
6292,2004-02-14,,,,2004,2,14,,-1.1076,1.14627,1.59396,4.0
6293,2004-02-15,,,,2004,2,15,,-0.8851,0.89001,1.2552,4.0
6294,2004-02-16,,,,2004,2,16,,-0.72995,0.64075,0.97127,3.0
6295,2004-02-17,,,,2004,2,17,,-0.61056,0.39287,0.72604,3.0
6296,2004-02-18,,,,2004,2,18,,-0.51448,0.04073,0.51609,3.0
6297,2004-02-19,,,,2004,2,19,,-0.5151,-0.18506,0.54733,2.0
6298,2004-02-20,,,,2004,2,20,,-0.577,-0.25932,0.63259,2.0
6299,2004-02-21,,,,2004,2,21,,-0.61827,-0.32446,0.69823,2.0
6300,2004-02-22,,,,2004,2,22,,-0.63249,-0.37352,0.73455,2.0
6301,2004-02-23,,,,2004,2,23,,-0.62254,-0.33918,0.70895,2.0
6302,2004-02-24,,,,2004,2,24,,-0.54263,-0.3212,0.63057,2.0
6303,2004-02-25,,,,2004,2,25,,-0.42627,-0.2094,0.47493,2.0
6304,2004-02-26,,,,2004,2,26,,-0.39314,-0.08476,0.40217,2.0
6305,2004-02-27,,,,2004,2,27,,-0.37847,0.06534,0.38407,3.0
6306,2004-02-28,,,,2004,2,28,,-0.27434,0.26102,0.37867,3.0
6307,2004-02-29,,,,2004,2,29,,-0.02702,0.35814,0.35916,4.0
6308,2004-03-01,-0.11,0.127,0.318,2004,3,1,,0.1408,0.30783,0.3385,5.0
6309,2004-03-02,,,,2004,3,2,,0.19527,0.23891,0.30856,5.0
6310,2004-03-03,,,,2004,3,3,,0.23077,0.15436,0.27764,6.0
6311,2004-03-04,,,,2004,3,4,,0.25675,0.12635,0.28615,6.0
6312,2004-03-05,,,,2004,3,5,,0.25918,0.03117,0.26105,6.0
6313,2004-03-06,,,,2004,3,6,,0.26527,-0.03767,0.26793,7.0
6314,2004-03-07,,,,2004,3,7,,0.25502,-0.01667,0.25557,7.0
6315,2004-03-08,,,,2004,3,8,,0.14714,0.01907,0.14837,6.0
6316,2004-03-09,,,,2004,3,9,,0.01046,0.22644,0.22668,5.0
6317,2004-03-10,,,,2004,3,10,,0.00984,0.52544,0.52553,5.0
6318,2004-03-11,,,,2004,3,11,,0.01785,0.78252,0.78272,5.0
6319,2004-03-12,,,,2004,3,12,,-0.00052,1.00998,1.00998,4.0
6320,2004-03-13,,,,2004,3,13,,-0.13334,1.19433,1.20175,4.0
6321,2004-03-14,,,,2004,3,14,,-0.33138,1.43831,1.47599,4.0
6322,2004-03-15,,,,2004,3,15,,-0.63716,1.58512,1.70838,4.0
6323,2004-03-16,,,,2004,3,16,,-0.98713,1.51066,1.80458,4.0
6324,2004-03-17,,,,2004,3,17,,-1.17336,1.33071,1.77414,4.0
6325,2004-03-18,,,,2004,3,18,,-1.22248,1.07282,1.62647,3.0
6326,2004-03-19,,,,2004,3,19,,-1.26594,0.73683,1.46476,3.0
6327,2004-03-20,,,,2004,3,20,,-1.25216,0.40388,1.31569,3.0
6328,2004-03-21,,,,2004,3,21,,-1.22369,-0.01168,1.22375,2.0
6329,2004-03-22,,,,2004,3,22,,-1.14957,-0.40558,1.21901,2.0
6330,2004-03-23,,,,2004,3,23,,-1.13833,-0.88888,1.44427,2.0
6331,2004-03-24,,,,2004,3,24,,-1.13187,-1.33049,1.74681,1.0
6332,2004-03-25,,,,2004,3,25,,-1.08725,-1.72063,2.03536,1.0
6333,2004-03-26,,,,2004,3,26,,-1.08664,-2.01022,2.28512,1.0
6334,2004-03-27,,,,2004,3,27,,-1.14594,-2.31233,2.58071,1.0
6335,2004-03-28,,,,2004,3,28,,-1.14098,-2.54677,2.79067,1.0
6336,2004-03-29,,,,2004,3,29,,-1.01978,-2.69947,2.88567,1.0
6337,2004-03-30,,,,2004,3,30,,-0.86303,-2.70799,2.84219,1.0
6338,2004-03-31,,,,2004,3,31,,-0.75183,-2.63325,2.73848,1.0
6339,2004-04-01,-1.91,0.144,-0.409,2004,4,1,,-0.61565,-2.5042,2.57877,1.0
6340,2004-04-02,,,,2004,4,2,,-0.4696,-2.38067,2.42654,1.0
6341,2004-04-03,,,,2004,4,3,,-0.33274,-2.167,2.1924,1.0
6342,2004-04-04,,,,2004,4,4,,-0.14365,-1.93346,1.93879,1.0
6343,2004-04-05,,,,2004,4,5,,0.03949,-1.72901,1.72946,8.0
6344,2004-04-06,,,,2004,4,6,,0.05683,-1.49675,1.49783,8.0
6345,2004-04-07,,,,2004,4,7,,-0.09454,-1.28303,1.28651,1.0
6346,2004-04-08,,,,2004,4,8,,-0.19268,-1.16905,1.18482,1.0
6347,2004-04-09,,,,2004,4,9,,-0.18241,-1.13987,1.15437,1.0
6348,2004-04-10,,,,2004,4,10,,-0.1431,-1.17917,1.18782,1.0
6349,2004-04-11,,,,2004,4,11,,-0.09914,-1.21994,1.22396,1.0
6350,2004-04-12,,,,2004,4,12,,-0.04365,-1.32902,1.32974,1.0
6351,2004-04-13,,,,2004,4,13,,-0.06985,-1.50517,1.50679,1.0
6352,2004-04-14,,,,2004,4,14,,-0.04936,-1.54585,1.54664,1.0
6353,2004-04-15,,,,2004,4,15,,0.14303,-1.54093,1.54755,8.0
6354,2004-04-16,,,,2004,4,16,,0.42492,-1.49452,1.55376,8.0
6355,2004-04-17,,,,2004,4,17,,0.67557,-1.42545,1.57743,8.0
6356,2004-04-18,,,,2004,4,18,,0.86571,-1.36502,1.6164,8.0
6357,2004-04-19,,,,2004,4,19,,0.97718,-1.1958,1.54429,8.0
6358,2004-04-20,,,,2004,4,20,,1.07555,-0.96587,1.44558,7.0
6359,2004-04-21,,,,2004,4,21,,1.08113,-0.67268,1.27332,7.0
6360,2004-04-22,,,,2004,4,22,,1.23177,-0.38336,1.29004,7.0
6361,2004-04-23,,,,2004,4,23,,1.31937,-0.12856,1.32562,7.0
6362,2004-04-24,,,,2004,4,24,,1.33898,0.13408,1.34567,6.0
6363,2004-04-25,,,,2004,4,25,,1.41545,0.31226,1.44948,6.0
6364,2004-04-26,,,,2004,4,26,,1.48237,0.54837,1.58054,6.0
6365,2004-04-27,,,,2004,4,27,,1.55794,0.84625,1.77294,6.0
6366,2004-04-28,,,,2004,4,28,,1.78561,1.09943,2.09693,6.0
6367,2004-04-29,,,,2004,4,29,,2.02236,1.31552,2.41257,6.0
6368,2004-04-30,,,,2004,4,30,,2.22845,1.55272,2.71605,6.0
6369,2004-05-01,1.22,0.45,-0.094,2004,5,1,,2.30672,1.80355,2.92809,6.0
6370,2004-05-02,,,,2004,5,2,,2.35557,2.00805,3.09532,6.0
6371,2004-05-03,,,,2004,5,3,,2.33533,2.22601,3.22628,6.0
6372,2004-05-04,,,,2004,5,4,,2.11603,2.41777,3.21297,5.0
6373,2004-05-05,,,,2004,5,5,,1.79323,2.54063,3.10974,5.0
6374,2004-05-06,,,,2004,5,6,,1.44557,2.68203,3.0468,5.0
6375,2004-05-07,,,,2004,5,7,,0.99787,2.78899,2.96213,5.0
6376,2004-05-08,,,,2004,5,8,,0.56037,2.82745,2.88244,5.0
6377,2004-05-09,,,,2004,5,9,,0.19955,2.76012,2.76732,5.0
6378,2004-05-10,,,,2004,5,10,,-0.17734,2.63303,2.63899,4.0
6379,2004-05-11,,,,2004,5,11,,-0.54386,2.51958,2.5776,4.0
6380,2004-05-12,,,,2004,5,12,,-0.81913,2.30066,2.44214,4.0
6381,2004-05-13,,,,2004,5,13,,-0.98461,2.03421,2.25997,4.0
6382,2004-05-14,,,,2004,5,14,,-1.12591,1.67166,2.01547,4.0
6383,2004-05-15,,,,2004,5,15,,-1.25572,1.19741,1.73512,3.0
6384,2004-05-16,,,,2004,5,16,,-1.33779,0.66714,1.49492,3.0
6385,2004-05-17,,,,2004,5,17,,-1.41918,0.22709,1.43723,3.0
6386,2004-05-18,,,,2004,5,18,,-1.45158,-0.13344,1.4577,2.0
6387,2004-05-19,,,,2004,5,19,,-1.33476,-0.37707,1.387,2.0
6388,2004-05-20,,,,2004,5,20,,-1.19105,-0.48893,1.2875,2.0
6389,2004-05-21,,,,2004,5,21,,-1.05422,-0.56602,1.19656,2.0
6390,2004-05-22,,,,2004,5,22,,-0.92743,-0.55926,1.08301,2.0
6391,2004-05-23,,,,2004,5,23,,-0.74036,-0.45975,0.8715,2.0
6392,2004-05-24,,,,2004,5,24,,-0.59258,-0.34654,0.68647,2.0
6393,2004-05-25,,,,2004,5,25,,-0.46725,-0.16725,0.49628,2.0
6394,2004-05-26,,,,2004,5,26,,-0.34186,-0.04608,0.34495,2.0
6395,2004-05-27,,,,2004,5,27,,-0.24417,0.10426,0.2655,3.0
6396,2004-05-28,,,,2004,5,28,,-0.3036,0.18233,0.35415,3.0
6397,2004-05-29,,,,2004,5,29,,-0.29061,0.12958,0.3182,3.0
6398,2004-05-30,,,,2004,5,30,,-0.25934,0.0742,0.26975,3.0
6399,2004-05-31,,,,2004,5,31,,-0.23672,0.03808,0.23976,3.0
6400,2004-06-01,-1.91,-0.347,-0.236,2004,6,1,,-0.2368,0.01856,0.23753,3.0
6401,2004-06-02,,,,2004,6,2,,-0.25404,0.03942,0.25708,3.0
6402,2004-06-03,,,,2004,6,3,,-0.2387,0.03643,0.24147,3.0
6403,2004-06-04,,,,2004,6,4,,-0.22767,0.05515,0.23425,3.0
6404,2004-06-05,,,,2004,6,5,,-0.11997,0.03301,0.12443,3.0
6405,2004-06-06,,,,2004,6,6,,-0.01626,0.1239,0.12497,4.0
6406,2004-06-07,,,,2004,6,7,,-0.07163,0.23933,0.24982,4.0
6407,2004-06-08,,,,2004,6,8,,-0.19151,0.28755,0.34549,4.0
6408,2004-06-09,,,,2004,6,9,,-0.26609,0.28123,0.38716,4.0
6409,2004-06-10,,,,2004,6,10,,-0.36635,0.24942,0.4432,3.0
6410,2004-06-11,,,,2004,6,11,,-0.41332,0.17548,0.44902,3.0
6411,2004-06-12,,,,2004,6,12,,-0.45017,0.04638,0.45255,3.0
6412,2004-06-13,,,,2004,6,13,,-0.50362,-0.15011,0.52552,2.0
6413,2004-06-14,,,,2004,6,14,,-0.65099,-0.36461,0.74614,2.0
6414,2004-06-15,,,,2004,6,15,,-0.78865,-0.64494,1.01878,2.0
6415,2004-06-16,,,,2004,6,16,,-0.85149,-0.89568,1.23583,1.0
6416,2004-06-17,,,,2004,6,17,,-0.88254,-1.09532,1.40663,1.0
6417,2004-06-18,,,,2004,6,18,,-0.95559,-1.23372,1.56052,1.0
6418,2004-06-19,,,,2004,6,19,,-0.99043,-1.31417,1.6456,1.0
6419,2004-06-20,,,,2004,6,20,,-0.99436,-1.4164,1.73059,1.0
6420,2004-06-21,,,,2004,6,21,,-0.95666,-1.43707,1.72637,1.0
6421,2004-06-22,,,,2004,6,22,,-0.89877,-1.41533,1.67659,1.0
6422,2004-06-23,,,,2004,6,23,,-0.77052,-1.34669,1.55154,1.0
6423,2004-06-24,,,,2004,6,24,,-0.61413,-1.28292,1.42233,1.0
6424,2004-06-25,,,,2004,6,25,,-0.48471,-1.32564,1.41148,1.0
6425,2004-06-26,,,,2004,6,26,,-0.35911,-1.36113,1.4077,1.0
6426,2004-06-27,,,,2004,6,27,,-0.11938,-1.32902,1.33438,1.0
6427,2004-06-28,,,,2004,6,28,,0.1303,-1.32583,1.33222,8.0
6428,2004-06-29,,,,2004,6,29,,0.42952,-1.29376,1.3632,8.0
6429,2004-06-30,,,,2004,6,30,,0.73606,-1.27777,1.47461,8.0
6430,2004-07-01,-0.72,0.054,-0.201,2004,7,1,,1.04245,-1.25591,1.63218,8.0
6431,2004-07-02,,,,2004,7,2,,1.29832,-1.23624,1.79274,7.0
6432,2004-07-03,,,,2004,7,3,,1.51051,-1.1176,1.87901,7.0
6433,2004-07-04,,,,2004,7,4,,1.684,-0.93405,1.92569,7.0
6434,2004-07-05,,,,2004,7,5,,1.81145,-0.74664,1.9593,7.0
6435,2004-07-06,,,,2004,7,6,,1.85787,-0.62134,1.95902,7.0
6436,2004-07-07,,,,2004,7,7,,1.82229,-0.53626,1.89955,7.0
6437,2004-07-08,,,,2004,7,8,,1.70798,-0.41452,1.75756,7.0
6438,2004-07-09,,,,2004,7,9,,1.50398,-0.30591,1.53478,7.0
6439,2004-07-10,,,,2004,7,10,,1.31275,-0.19799,1.32759,7.0
6440,2004-07-11,,,,2004,7,11,,1.15622,-0.13466,1.16404,7.0
6441,2004-07-12,,,,2004,7,12,,1.07365,-0.13989,1.08272,7.0
6442,2004-07-13,,,,2004,7,13,,0.9754,-0.07496,0.97828,7.0
6443,2004-07-14,,,,2004,7,14,,0.83381,-0.03863,0.8347,7.0
6444,2004-07-15,,,,2004,7,15,,0.70828,0.00066,0.70829,6.0
6445,2004-07-16,,,,2004,7,16,,0.56654,0.05585,0.56929,6.0
6446,2004-07-17,,,,2004,7,17,,0.45201,0.14371,0.47431,6.0
6447,2004-07-18,,,,2004,7,18,,0.46332,0.28244,0.54262,6.0
6448,2004-07-19,,,,2004,7,19,,0.46188,0.41395,0.62024,6.0
6449,2004-07-20,,,,2004,7,20,,0.37939,0.53936,0.65943,5.0
6450,2004-07-21,,,,2004,7,21,,0.23277,0.71308,0.75011,5.0
6451,2004-07-22,,,,2004,7,22,,0.14275,0.85694,0.86875,5.0
6452,2004-07-23,,,,2004,7,23,,0.09492,0.98638,0.99094,5.0
6453,2004-07-24,,,,2004,7,24,,0.02525,1.13611,1.13639,5.0
6454,2004-07-25,,,,2004,7,25,,-0.0064,1.33703,1.33705,4.0
6455,2004-07-26,,,,2004,7,26,,-0.02542,1.52041,1.52063,4.0
6456,2004-07-27,,,,2004,7,27,,-0.15001,1.57833,1.58544,4.0
6457,2004-07-28,,,,2004,7,28,,-0.34216,1.63992,1.67523,4.0
6458,2004-07-29,,,,2004,7,29,,-0.55458,1.72693,1.8138,4.0
6459,2004-07-30,,,,2004,7,30,,-0.76827,1.73776,1.90002,4.0
6460,2004-07-31,,,,2004,7,31,,-0.9675,1.62589,1.89197,4.0
6461,2004-08-01,-0.9,0.459,-0.72,2004,8,1,,-1.13931,1.51889,1.8987,4.0
6462,2004-08-02,,,,2004,8,2,,-1.29545,1.37469,1.8889,4.0
6463,2004-08-03,,,,2004,8,3,,-1.4209,1.2013,1.86067,3.0
6464,2004-08-04,,,,2004,8,4,,-1.48747,1.00664,1.79608,3.0
6465,2004-08-05,,,,2004,8,5,,-1.49731,0.80078,1.698,3.0
6466,2004-08-06,,,,2004,8,6,,-1.49257,0.58544,1.60328,3.0
6467,2004-08-07,,,,2004,8,7,,-1.46002,0.38843,1.51081,3.0
6468,2004-08-08,,,,2004,8,8,,-1.34313,0.17658,1.35469,3.0
6469,2004-08-09,,,,2004,8,9,,-1.24758,0.11258,1.25265,3.0
6470,2004-08-10,,,,2004,8,10,,-1.16218,0.08401,1.16521,3.0
6471,2004-08-11,,,,2004,8,11,,-1.10917,-0.03519,1.10973,2.0
6472,2004-08-12,,,,2004,8,12,,-1.04646,-0.19125,1.06379,2.0
6473,2004-08-13,,,,2004,8,13,,-0.99574,-0.35934,1.0586,2.0
6474,2004-08-14,,,,2004,8,14,,-0.97088,-0.41431,1.05558,2.0
6475,2004-08-15,,,,2004,8,15,,-0.92158,-0.46341,1.03154,2.0
6476,2004-08-16,,,,2004,8,16,,-0.80445,-0.58947,0.9973,2.0
6477,2004-08-17,,,,2004,8,17,,-0.71876,-0.70544,1.00711,2.0
6478,2004-08-18,,,,2004,8,18,,-0.60078,-0.92164,1.10016,1.0
6479,2004-08-19,,,,2004,8,19,,-0.40817,-1.17312,1.2421,1.0
6480,2004-08-20,,,,2004,8,20,,-0.13058,-1.33247,1.33886,1.0
6481,2004-08-21,,,,2004,8,21,,0.16568,-1.45297,1.46238,8.0
6482,2004-08-22,,,,2004,8,22,,0.40128,-1.56722,1.61778,8.0
6483,2004-08-23,,,,2004,8,23,,0.65288,-1.63081,1.75664,8.0
6484,2004-08-24,,,,2004,8,24,,0.95743,-1.64031,1.89929,8.0
6485,2004-08-25,,,,2004,8,25,,1.25744,-1.58857,2.02601,8.0
6486,2004-08-26,,,,2004,8,26,,1.49738,-1.51444,2.12971,8.0
6487,2004-08-27,,,,2004,8,27,,1.68814,-1.40314,2.19514,7.0
6488,2004-08-28,,,,2004,8,28,,1.8237,-1.31299,2.24718,7.0
6489,2004-08-29,,,,2004,8,29,,1.89786,-1.17708,2.23325,7.0
6490,2004-08-30,,,,2004,8,30,,1.94451,-0.98963,2.18185,7.0
6491,2004-08-31,,,,2004,8,31,,1.97838,-0.78488,2.12839,7.0
6492,2004-09-01,-0.31,0.151,0.855,2004,9,1,,1.99068,-0.62183,2.08554,7.0
6493,2004-09-02,,,,2004,9,2,,1.87959,-0.40541,1.92282,7.0
6494,2004-09-03,,,,2004,9,3,,1.66785,-0.16436,1.67593,7.0
6495,2004-09-04,,,,2004,9,4,,1.47663,0.04565,1.47733,6.0
6496,2004-09-05,,,,2004,9,5,,1.28931,0.22808,1.30933,6.0
6497,2004-09-06,,,,2004,9,6,,1.1472,0.48769,1.24656,6.0
6498,2004-09-07,,,,2004,9,7,,1.00091,0.58694,1.16031,6.0
6499,2004-09-08,,,,2004,9,8,,0.78108,0.60802,0.98984,6.0
6500,2004-09-09,,,,2004,9,9,,0.61959,0.68775,0.92568,5.0
6501,2004-09-10,,,,2004,9,10,,0.49079,0.72345,0.87421,5.0
6502,2004-09-11,,,,2004,9,11,,0.434,0.67334,0.80109,5.0
6503,2004-09-12,,,,2004,9,12,,0.42208,0.57669,0.71465,5.0
6504,2004-09-13,,,,2004,9,13,,0.44433,0.57228,0.72452,5.0
6505,2004-09-14,,,,2004,9,14,,0.50768,0.60869,0.79262,5.0
6506,2004-09-15,,,,2004,9,15,,0.56882,0.57825,0.81113,5.0
6507,2004-09-16,,,,2004,9,16,,0.65194,0.62262,0.90148,6.0
6508,2004-09-17,,,,2004,9,17,,0.85309,0.63159,1.06145,6.0
6509,2004-09-18,,,,2004,9,18,,0.99014,0.55443,1.1348,6.0
6510,2004-09-19,,,,2004,9,19,,1.05718,0.49528,1.16745,6.0
6511,2004-09-20,,,,2004,9,20,,1.11826,0.47775,1.21604,6.0
6512,2004-09-21,,,,2004,9,21,,1.22209,0.52665,1.33074,6.0
6513,2004-09-22,,,,2004,9,22,,1.31762,0.5156,1.41491,6.0
6514,2004-09-23,,,,2004,9,23,,1.28737,0.48248,1.37481,6.0
6515,2004-09-24,,,,2004,9,24,,1.1156,0.49476,1.22039,6.0
6516,2004-09-25,,,,2004,9,25,,0.91424,0.55483,1.06943,6.0
6517,2004-09-26,,,,2004,9,26,,0.6077,0.64981,0.88969,5.0
6518,2004-09-27,,,,2004,9,27,,0.2155,0.72491,0.75627,5.0
6519,2004-09-28,,,,2004,9,28,,-0.15339,0.76748,0.78266,4.0
6520,2004-09-29,,,,2004,9,29,,-0.44117,0.77699,0.8935,4.0
6521,2004-09-30,,,,2004,9,30,,-0.84512,0.74246,1.12493,3.0
6522,2004-10-01,-0.42,-0.59,-0.515,2004,10,1,,-1.31893,0.66522,1.47719,3.0
6523,2004-10-02,,,,2004,10,2,,-1.66772,0.55674,1.75819,3.0
6524,2004-10-03,,,,2004,10,3,,-1.84653,0.40234,1.88986,3.0
6525,2004-10-04,,,,2004,10,4,,-1.96039,0.21932,1.97262,3.0
6526,2004-10-05,,,,2004,10,5,,-2.03347,0.0321,2.03373,3.0
6527,2004-10-06,,,,2004,10,6,,-2.01048,-0.18884,2.01933,2.0
6528,2004-10-07,,,,2004,10,7,,-1.93905,-0.39926,1.97973,2.0
6529,2004-10-08,,,,2004,10,8,,-1.88808,-0.65509,1.99849,2.0
6530,2004-10-09,,,,2004,10,9,,-1.70588,-0.94163,1.94851,2.0
6531,2004-10-10,,,,2004,10,10,,-1.3985,-1.19846,1.84177,2.0
6532,2004-10-11,,,,2004,10,11,,-1.08052,-1.38896,1.75975,1.0
6533,2004-10-12,,,,2004,10,12,,-0.81215,-1.60763,1.80113,1.0
6534,2004-10-13,,,,2004,10,13,,-0.57241,-1.79547,1.88451,1.0
6535,2004-10-14,,,,2004,10,14,,-0.29939,-1.90326,1.92666,1.0
6536,2004-10-15,,,,2004,10,15,,0.02542,-1.93372,1.93388,8.0
6537,2004-10-16,,,,2004,10,16,,0.36857,-1.96855,2.00276,8.0
6538,2004-10-17,,,,2004,10,17,,0.7023,-1.95826,2.08039,8.0
6539,2004-10-18,,,,2004,10,18,,0.95717,-1.89886,2.12646,8.0
6540,2004-10-19,,,,2004,10,19,,1.15016,-1.73976,2.08558,8.0
6541,2004-10-20,,,,2004,10,20,,1.30629,-1.63596,2.09351,8.0
6542,2004-10-21,,,,2004,10,21,,1.58578,-1.36319,2.09116,7.0
6543,2004-10-22,,,,2004,10,22,,1.81894,-1.03163,2.09113,7.0
6544,2004-10-23,,,,2004,10,23,,1.98707,-0.69882,2.10637,7.0
6545,2004-10-24,,,,2004,10,24,,2.09272,-0.39323,2.12935,7.0
6546,2004-10-25,,,,2004,10,25,,2.09758,-0.08317,2.09922,7.0
6547,2004-10-26,,,,2004,10,26,,2.02464,0.21809,2.03635,6.0
6548,2004-10-27,,,,2004,10,27,,1.99079,0.44103,2.03906,6.0
6549,2004-10-28,,,,2004,10,28,,1.95016,0.57426,2.03295,6.0
6550,2004-10-29,,,,2004,10,29,,1.89247,0.76718,2.04205,6.0
6551,2004-10-30,,,,2004,10,30,,1.79443,0.89113,2.00352,6.0
6552,2004-10-31,,,,2004,10,31,,1.72857,0.94024,1.96774,6.0
6553,2004-11-01,-1.06,-1.096,0.678,2004,11,1,,1.59424,0.92368,1.84249,6.0
6554,2004-11-02,,,,2004,11,2,,1.40588,0.91249,1.67605,6.0
6555,2004-11-03,,,,2004,11,3,,1.19314,0.79826,1.43555,6.0
6556,2004-11-04,,,,2004,11,4,,1.02489,0.59785,1.18651,6.0
6557,2004-11-05,,,,2004,11,5,,0.84898,0.42442,0.94916,6.0
6558,2004-11-06,,,,2004,11,6,,0.67131,0.23389,0.71089,6.0
6559,2004-11-07,,,,2004,11,7,,0.49848,0.07478,0.50406,6.0
6560,2004-11-08,,,,2004,11,8,,0.37983,-0.00593,0.37988,7.0
6561,2004-11-09,,,,2004,11,9,,0.24224,-0.02912,0.24398,7.0
6562,2004-11-10,,,,2004,11,10,,0.16318,0.00326,0.16321,6.0
6563,2004-11-11,,,,2004,11,11,,0.1152,0.00517,0.11532,6.0
6564,2004-11-12,,,,2004,11,12,,0.14429,0.09618,0.17341,6.0
6565,2004-11-13,,,,2004,11,13,,0.18546,0.16519,0.24836,6.0
6566,2004-11-14,,,,2004,11,14,,0.22454,0.19431,0.29694,6.0
6567,2004-11-15,,,,2004,11,15,,0.27351,0.26315,0.37955,6.0
6568,2004-11-16,,,,2004,11,16,,0.31445,0.36424,0.48119,5.0
6569,2004-11-17,,,,2004,11,17,,0.27136,0.47968,0.55112,5.0
6570,2004-11-18,,,,2004,11,18,,0.15266,0.51837,0.54038,5.0
6571,2004-11-19,,,,2004,11,19,,-0.04274,0.48772,0.48959,4.0
6572,2004-11-20,,,,2004,11,20,,-0.29783,0.3887,0.48968,4.0
6573,2004-11-21,,,,2004,11,21,,-0.56389,0.17796,0.59131,3.0
6574,2004-11-22,,,,2004,11,22,,-0.7824,0.01651,0.78258,3.0
6575,2004-11-23,,,,2004,11,23,,-1.02903,-0.03043,1.02948,2.0
6576,2004-11-24,,,,2004,11,24,,-1.22089,-0.07688,1.2233,2.0
6577,2004-11-25,,,,2004,11,25,,-1.36362,-0.13714,1.3705,2.0
6578,2004-11-26,,,,2004,11,26,,-1.49626,-0.18263,1.50737,2.0
6579,2004-11-27,,,,2004,11,27,,-1.62985,-0.17425,1.63914,2.0
6580,2004-11-28,,,,2004,11,28,,-1.74079,-0.02557,1.74098,2.0
6581,2004-11-29,,,,2004,11,29,,-1.70158,0.15543,1.70867,3.0
6582,2004-11-30,,,,2004,11,30,,-1.55368,0.28773,1.5801,3.0
6583,2004-12-01,-0.94,-0.791,0.265,2004,12,1,,-1.4672,0.42415,1.52727,3.0
6584,2004-12-02,,,,2004,12,2,,-1.4333,0.4748,1.5099,3.0
6585,2004-12-03,,,,2004,12,3,,-1.36852,0.47574,1.44885,3.0
6586,2004-12-04,,,,2004,12,4,,-1.28171,0.41669,1.34774,3.0
6587,2004-12-05,,,,2004,12,5,,-1.16412,0.27556,1.19629,3.0
6588,2004-12-06,,,,2004,12,6,,-1.02165,0.12808,1.02965,3.0
6589,2004-12-07,,,,2004,12,7,,-0.86488,-0.09383,0.86995,2.0
6590,2004-12-08,,,,2004,12,8,,-0.77959,-0.27845,0.82783,2.0
6591,2004-12-09,,,,2004,12,9,,-0.7339,-0.37456,0.82395,2.0
6592,2004-12-10,,,,2004,12,10,,-0.62239,-0.55661,0.83497,2.0
6593,2004-12-11,,,,2004,12,11,,-0.40661,-0.73492,0.8399,1.0
6594,2004-12-12,,,,2004,12,12,,-0.18222,-0.86725,0.88619,1.0
6595,2004-12-13,,,,2004,12,13,,0.00459,-0.91402,0.91403,8.0
6596,2004-12-14,,,,2004,12,14,,0.24309,-0.88194,0.91483,8.0
6597,2004-12-15,,,,2004,12,15,,0.45883,-0.83623,0.95384,8.0
6598,2004-12-16,,,,2004,12,16,,0.55965,-0.70552,0.90054,8.0
6599,2004-12-17,,,,2004,12,17,,0.65211,-0.46486,0.80084,7.0
6600,2004-12-18,,,,2004,12,18,,0.80432,-0.19048,0.82657,7.0
6601,2004-12-19,,,,2004,12,19,,0.97253,0.07476,0.9754,6.0
6602,2004-12-20,,,,2004,12,20,,1.05725,0.31893,1.10431,6.0
6603,2004-12-21,,,,2004,12,21,,1.04182,0.6286,1.21677,6.0
6604,2004-12-22,,,,2004,12,22,,1.06437,0.90315,1.39591,6.0
6605,2004-12-23,,,,2004,12,23,,0.96454,1.10732,1.4685,5.0
6606,2004-12-24,,,,2004,12,24,,0.86842,1.31956,1.57968,5.0
6607,2004-12-25,,,,2004,12,25,,0.78239,1.43703,1.63621,5.0
6608,2004-12-26,,,,2004,12,26,,0.6844,1.39657,1.55525,5.0
6609,2004-12-27,,,,2004,12,27,,0.55537,1.34236,1.45271,5.0
6610,2004-12-28,,,,2004,12,28,,0.3627,1.32617,1.37487,5.0
6611,2004-12-29,,,,2004,12,29,,0.22915,1.27545,1.29587,5.0
6612,2004-12-30,,,,2004,12,30,,0.10084,1.17751,1.18182,5.0
6613,2004-12-31,,,,2004,12,31,,-0.01788,1.16479,1.16492,4.0
6614,2005-01-01,0.2,-0.239,0.356,2005,1,1,,-0.05999,1.17129,1.17282,4.0
6615,2005-01-02,,,,2005,1,2,,-0.10156,1.12192,1.1265,4.0
6616,2005-01-03,,,,2005,1,3,,-0.16461,1.05075,1.06356,4.0
6617,2005-01-04,,,,2005,1,4,,-0.29649,0.99237,1.03571,4.0
6618,2005-01-05,,,,2005,1,5,,-0.47486,0.91929,1.03469,4.0
6619,2005-01-06,,,,2005,1,6,,-0.62879,0.80322,1.02007,4.0
6620,2005-01-07,,,,2005,1,7,,-0.81589,0.6417,1.038,3.0
6621,2005-01-08,,,,2005,1,8,,-0.91206,0.4455,1.01505,3.0
6622,2005-01-09,,,,2005,1,9,,-0.94185,0.17122,0.95729,3.0
6623,2005-01-10,,,,2005,1,10,,-0.95669,-0.1092,0.9629,2.0
6624,2005-01-11,,,,2005,1,11,,-0.93944,-0.30376,0.98733,2.0
6625,2005-01-12,,,,2005,1,12,,-0.96247,-0.44841,1.0618,2.0
6626,2005-01-13,,,,2005,1,13,,-0.96481,-0.52519,1.09849,2.0
6627,2005-01-14,,,,2005,1,14,,-0.95583,-0.55333,1.10444,2.0
6628,2005-01-15,,,,2005,1,15,,-0.93693,-0.49853,1.0613,2.0
6629,2005-01-16,,,,2005,1,16,,-0.89023,-0.42931,0.98834,2.0
6630,2005-01-17,,,,2005,1,17,,-0.84898,-0.41011,0.94285,2.0
6631,2005-01-18,,,,2005,1,18,,-0.82954,-0.42469,0.93193,2.0
6632,2005-01-19,,,,2005,1,19,,-0.85258,-0.47231,0.97466,2.0
6633,2005-01-20,,,,2005,1,20,,-0.91628,-0.57391,1.08118,2.0
6634,2005-01-21,,,,2005,1,21,,-0.835,-0.72131,1.10341,2.0
6635,2005-01-22,,,,2005,1,22,,-0.60294,-0.92337,1.10279,1.0
6636,2005-01-23,,,,2005,1,23,,-0.39382,-1.18194,1.24582,1.0
6637,2005-01-24,,,,2005,1,24,,-0.29101,-1.42657,1.45595,1.0
6638,2005-01-25,,,,2005,1,25,,-0.22272,-1.62962,1.64477,1.0
6639,2005-01-26,,,,2005,1,26,,-0.18474,-1.63896,1.64933,1.0
6640,2005-01-27,,,,2005,1,27,,-0.21262,-1.58085,1.59508,1.0
6641,2005-01-28,,,,2005,1,28,,-0.29053,-1.41875,1.44819,1.0
6642,2005-01-29,,,,2005,1,29,,-0.36623,-1.21052,1.26471,1.0
6643,2005-01-30,,,,2005,1,30,,-0.42631,-0.9519,1.043,1.0
6644,2005-01-31,,,,2005,1,31,,-0.54871,-0.69519,0.88565,1.0
6645,2005-02-01,-2.99,0.083,-1.271,2005,2,1,,-0.62932,-0.49793,0.80249,2.0
6646,2005-02-02,,,,2005,2,2,,-0.65392,-0.38304,0.75784,2.0
6647,2005-02-03,,,,2005,2,3,,-0.64584,-0.29028,0.70808,2.0
6648,2005-02-04,,,,2005,2,4,,-0.59463,-0.36959,0.70013,2.0
6649,2005-02-05,,,,2005,2,5,,-0.45815,-0.5016,0.67935,1.0
6650,2005-02-06,,,,2005,2,6,,-0.19616,-0.6588,0.68738,1.0
6651,2005-02-07,,,,2005,2,7,,0.0996,-0.81256,0.81864,8.0
6652,2005-02-08,,,,2005,2,8,,0.31666,-1.01517,1.06341,8.0
6653,2005-02-09,,,,2005,2,9,,0.44627,-1.21375,1.2932,8.0
6654,2005-02-10,,,,2005,2,10,,0.47964,-1.40217,1.48194,8.0
6655,2005-02-11,,,,2005,2,11,,0.56161,-1.57887,1.67578,8.0
6656,2005-02-12,,,,2005,2,12,,0.65645,-1.76011,1.87854,8.0
6657,2005-02-13,,,,2005,2,13,,0.72853,-1.87733,2.01373,8.0
6658,2005-02-14,,,,2005,2,14,,0.71121,-1.86314,1.99427,8.0
6659,2005-02-15,,,,2005,2,15,,0.57596,-1.80875,1.89824,8.0
6660,2005-02-16,,,,2005,2,16,,0.43424,-1.74888,1.80198,8.0
6661,2005-02-17,,,,2005,2,17,,0.39119,-1.63016,1.67644,8.0
6662,2005-02-18,,,,2005,2,18,,0.42161,-1.52147,1.57881,8.0
6663,2005-02-19,,,,2005,2,19,,0.4529,-1.41859,1.48913,8.0
6664,2005-02-20,,,,2005,2,20,,0.43715,-1.29234,1.36427,8.0
6665,2005-02-21,,,,2005,2,21,,0.43946,-1.15518,1.23595,8.0
6666,2005-02-22,,,,2005,2,22,,0.45125,-0.97912,1.0781,8.0
6667,2005-02-23,,,,2005,2,23,,0.47442,-0.79337,0.9244,8.0
6668,2005-02-24,,,,2005,2,24,,0.497,-0.64425,0.81368,8.0
6669,2005-02-25,,,,2005,2,25,,0.44266,-0.51123,0.67624,8.0
6670,2005-02-26,,,,2005,2,26,,0.27621,-0.40991,0.49428,8.0
6671,2005-02-27,,,,2005,2,27,,0.02438,-0.32235,0.32327,8.0
6672,2005-02-28,,,,2005,2,28,,-0.19704,-0.21733,0.29336,1.0
6673,2005-03-01,-0.26,0.728,-1.348,2005,3,1,,-0.43539,-0.05917,0.43939,2.0
6674,2005-03-02,,,,2005,3,2,,-0.63762,0.16958,0.65978,3.0
6675,2005-03-03,,,,2005,3,3,,-0.82195,0.41554,0.92102,3.0
6676,2005-03-04,,,,2005,3,4,,-0.91924,0.55786,1.07527,3.0
6677,2005-03-05,,,,2005,3,5,,-0.85843,0.69976,1.10751,3.0
6678,2005-03-06,,,,2005,3,6,,-0.69222,0.85073,1.09677,4.0
6679,2005-03-07,,,,2005,3,7,,-0.55436,0.90817,1.064,4.0
6680,2005-03-08,,,,2005,3,8,,-0.37841,0.91735,0.99233,4.0
6681,2005-03-09,,,,2005,3,9,,-0.14304,0.93805,0.94889,4.0
6682,2005-03-10,,,,2005,3,10,,0.15909,0.88986,0.90397,5.0
6683,2005-03-11,,,,2005,3,11,,0.37975,0.80701,0.89189,5.0
6684,2005-03-12,,,,2005,3,12,,0.5203,0.69588,0.86888,5.0
6685,2005-03-13,,,,2005,3,13,,0.64956,0.66977,0.93302,5.0
6686,2005-03-14,,,,2005,3,14,,0.70333,0.71481,1.00281,5.0
6687,2005-03-15,,,,2005,3,15,,0.74267,0.8312,1.11465,5.0
6688,2005-03-16,,,,2005,3,16,,0.77906,0.99636,1.26478,5.0
6689,2005-03-17,,,,2005,3,17,,0.79173,1.25454,1.48348,5.0
6690,2005-03-18,,,,2005,3,18,,0.8224,1.40716,1.62986,5.0
6691,2005-03-19,,,,2005,3,19,,0.84475,1.53593,1.75291,5.0
6692,2005-03-20,,,,2005,3,20,,0.91544,1.65666,1.89277,5.0
6693,2005-03-21,,,,2005,3,21,,1.01427,1.8509,2.11059,5.0
6694,2005-03-22,,,,2005,3,22,,1.19502,2.00698,2.33582,5.0
6695,2005-03-23,,,,2005,3,23,,1.39851,2.15438,2.56849,5.0
6696,2005-03-24,,,,2005,3,24,,1.57633,2.26698,2.76116,5.0
6697,2005-03-25,,,,2005,3,25,,1.73784,2.40154,2.96437,5.0
6698,2005-03-26,,,,2005,3,26,,1.95459,2.40327,3.09776,5.0
6699,2005-03-27,,,,2005,3,27,,2.20421,2.43355,3.2834,5.0
6700,2005-03-28,,,,2005,3,28,,2.391,2.40978,3.39469,5.0
6701,2005-03-29,,,,2005,3,29,,2.46885,2.40219,3.44467,6.0
6702,2005-03-30,,,,2005,3,30,,2.53049,2.33942,3.4462,6.0
6703,2005-03-31,,,,2005,3,31,,2.51501,2.24781,3.37312,6.0
6704,2005-04-01,-1.22,0.381,-0.046,2005,4,1,,2.30501,2.17802,3.17126,6.0
6705,2005-04-02,,,,2005,4,2,,1.98786,2.12106,2.90697,5.0
6706,2005-04-03,,,,2005,4,3,,1.62755,2.09353,2.65175,5.0
6707,2005-04-04,,,,2005,4,4,,1.1936,2.11737,2.43063,5.0
6708,2005-04-05,,,,2005,4,5,,0.60671,2.13838,2.22278,5.0
6709,2005-04-06,,,,2005,4,6,,-0.01297,2.14802,2.14806,4.0
6710,2005-04-07,,,,2005,4,7,,-0.55923,2.05663,2.13131,4.0
6711,2005-04-08,,,,2005,4,8,,-1.09,1.89344,2.18476,4.0
6712,2005-04-09,,,,2005,4,9,,-1.55355,1.71972,2.31753,4.0
6713,2005-04-10,,,,2005,4,10,,-1.86597,1.50584,2.39779,3.0
6714,2005-04-11,,,,2005,4,11,,-2.15035,1.25854,2.49157,3.0
6715,2005-04-12,,,,2005,4,12,,-2.34967,0.91918,2.52306,3.0
6716,2005-04-13,,,,2005,4,13,,-2.53948,0.5122,2.59062,3.0
6717,2005-04-14,,,,2005,4,14,,-2.6092,0.08453,2.61057,3.0
6718,2005-04-15,,,,2005,4,15,,-2.54571,-0.37375,2.573,2.0
6719,2005-04-16,,,,2005,4,16,,-2.38508,-0.73662,2.49624,2.0
6720,2005-04-17,,,,2005,4,17,,-2.16777,-1.14216,2.45025,2.0
6721,2005-04-18,,,,2005,4,18,,-1.93862,-1.53795,2.47458,2.0
6722,2005-04-19,,,,2005,4,19,,-1.74676,-1.88428,2.56937,1.0
6723,2005-04-20,,,,2005,4,20,,-1.53622,-2.15943,2.65012,1.0
6724,2005-04-21,,,,2005,4,21,,-1.26677,-2.37568,2.69232,1.0
6725,2005-04-22,,,,2005,4,22,,-0.92378,-2.4846,2.65078,1.0
6726,2005-04-23,,,,2005,4,23,,-0.55186,-2.51028,2.57022,1.0
6727,2005-04-24,,,,2005,4,24,,-0.2391,-2.48403,2.49551,1.0
6728,2005-04-25,,,,2005,4,25,,0.08133,-2.57001,2.5713,8.0
6729,2005-04-26,,,,2005,4,26,,0.40331,-2.62285,2.65367,8.0
6730,2005-04-27,,,,2005,4,27,,0.71217,-2.53855,2.63656,8.0
6731,2005-04-28,,,,2005,4,28,,1.07806,-2.45758,2.68364,8.0
6732,2005-04-29,,,,2005,4,29,,1.45507,-2.34306,2.7581,8.0
6733,2005-04-30,,,,2005,4,30,,1.85194,-2.08059,2.78542,8.0
6734,2005-05-01,-1.46,1.112,-0.763,2005,5,1,,2.08517,-1.7871,2.74621,7.0
6735,2005-05-02,,,,2005,5,2,,2.14828,-1.42772,2.57943,7.0
6736,2005-05-03,,,,2005,5,3,,2.17729,-1.03472,2.41065,7.0
6737,2005-05-04,,,,2005,5,4,,2.10798,-0.58337,2.18722,7.0
6738,2005-05-05,,,,2005,5,5,,1.94583,-0.09704,1.94825,7.0
6739,2005-05-06,,,,2005,5,6,,1.66413,0.27784,1.68716,6.0
6740,2005-05-07,,,,2005,5,7,,1.31025,0.63419,1.45566,6.0
6741,2005-05-08,,,,2005,5,8,,0.95119,0.90758,1.31471,6.0
6742,2005-05-09,,,,2005,5,9,,0.51351,0.99425,1.11903,5.0
6743,2005-05-10,,,,2005,5,10,,0.17752,1.00374,1.01932,5.0
6744,2005-05-11,,,,2005,5,11,,-0.09811,0.89379,0.89916,4.0
6745,2005-05-12,,,,2005,5,12,,-0.41519,0.6238,0.74934,4.0
6746,2005-05-13,,,,2005,5,13,,-0.72008,0.27913,0.77229,3.0
6747,2005-05-14,,,,2005,5,14,,-0.97889,-0.0644,0.981,2.0
6748,2005-05-15,,,,2005,5,15,,-1.14182,-0.37824,1.20283,2.0
6749,2005-05-16,,,,2005,5,16,,-1.25417,-0.6954,1.43406,2.0
6750,2005-05-17,,,,2005,5,17,,-1.24774,-0.98358,1.5888,2.0
6751,2005-05-18,,,,2005,5,18,,-1.13858,-1.19381,1.64971,1.0
6752,2005-05-19,,,,2005,5,19,,-1.03494,-1.31568,1.67395,1.0
6753,2005-05-20,,,,2005,5,20,,-0.88427,-1.26313,1.54189,1.0
6754,2005-05-21,,,,2005,5,21,,-0.74017,-1.0401,1.27658,1.0
6755,2005-05-22,,,,2005,5,22,,-0.60925,-0.77298,0.98421,1.0
6756,2005-05-23,,,,2005,5,23,,-0.4672,-0.55065,0.72214,1.0
6757,2005-05-24,,,,2005,5,24,,-0.38216,-0.33769,0.50998,2.0
6758,2005-05-25,,,,2005,5,25,,-0.31174,-0.07726,0.32117,2.0
6759,2005-05-26,,,,2005,5,26,,-0.31033,0.07874,0.32017,3.0
6760,2005-05-27,,,,2005,5,27,,-0.31261,0.19584,0.36889,3.0
6761,2005-05-28,,,,2005,5,28,,-0.30925,0.30907,0.43722,3.0
6762,2005-05-29,,,,2005,5,29,,-0.34385,0.27967,0.44323,3.0
6763,2005-05-30,,,,2005,5,30,,-0.41268,0.27039,0.49337,3.0
6764,2005-05-31,,,,2005,5,31,,-0.4598,0.26099,0.52871,3.0
6765,2005-06-01,0.11,0.487,-0.383,2005,6,1,,-0.4667,0.21573,0.51415,3.0
6766,2005-06-02,,,,2005,6,2,,-0.44735,0.17538,0.4805,3.0
6767,2005-06-03,,,,2005,6,3,,-0.39957,0.14853,0.42628,3.0
6768,2005-06-04,,,,2005,6,4,,-0.33405,0.20038,0.38954,3.0
6769,2005-06-05,,,,2005,6,5,,-0.27963,0.34663,0.44536,4.0
6770,2005-06-06,,,,2005,6,6,,-0.11922,0.38117,0.39938,4.0
6771,2005-06-07,,,,2005,6,7,,0.09705,0.37759,0.38986,5.0
6772,2005-06-08,,,,2005,6,8,,0.31551,0.40693,0.51491,5.0
6773,2005-06-09,,,,2005,6,9,,0.43538,0.52453,0.68168,5.0
6774,2005-06-10,,,,2005,6,10,,0.51516,0.69748,0.86711,5.0
6775,2005-06-11,,,,2005,6,11,,0.67999,0.8168,1.06281,5.0
6776,2005-06-12,,,,2005,6,12,,0.81321,0.89064,1.20605,5.0
6777,2005-06-13,,,,2005,6,13,,0.9616,0.93242,1.33943,6.0
6778,2005-06-14,,,,2005,6,14,,1.05336,0.85451,1.35637,6.0
6779,2005-06-15,,,,2005,6,15,,1.04377,0.84212,1.34112,6.0
6780,2005-06-16,,,,2005,6,16,,1.00593,0.95896,1.38978,6.0
6781,2005-06-17,,,,2005,6,17,,0.97745,0.9892,1.39066,5.0
6782,2005-06-18,,,,2005,6,18,,0.94874,0.85734,1.27873,6.0
6783,2005-06-19,,,,2005,6,19,,0.85149,0.65792,1.07606,6.0
6784,2005-06-20,,,,2005,6,20,,0.64379,0.53629,0.8379,6.0
6785,2005-06-21,,,,2005,6,21,,0.50649,0.43952,0.6706,6.0
6786,2005-06-22,,,,2005,6,22,,0.29814,0.33879,0.45129,5.0
6787,2005-06-23,,,,2005,6,23,,0.08224,0.27612,0.28811,5.0
6788,2005-06-24,,,,2005,6,24,,-0.11429,0.21576,0.24416,4.0
6789,2005-06-25,,,,2005,6,25,,-0.33153,0.11633,0.35134,3.0
6790,2005-06-26,,,,2005,6,26,,-0.50166,-0.00356,0.50167,2.0
6791,2005-06-27,,,,2005,6,27,,-0.59425,-0.06252,0.59753,2.0
6792,2005-06-28,,,,2005,6,28,,-0.61069,-0.10781,0.62013,2.0
6793,2005-06-29,,,,2005,6,29,,-0.4827,-0.13431,0.50104,2.0
6794,2005-06-30,,,,2005,6,30,,-0.37971,-0.08676,0.3895,2.0
6795,2005-07-01,0.06,0.063,-0.03,2005,7,1,,-0.23087,-0.04068,0.23443,2.0
6796,2005-07-02,,,,2005,7,2,,-0.08183,0.01447,0.0831,3.0
6797,2005-07-03,,,,2005,7,3,,0.06468,0.0649,0.09163,5.0
6798,2005-07-04,,,,2005,7,4,,0.24629,0.1134,0.27114,6.0
6799,2005-07-05,,,,2005,7,5,,0.44934,0.17192,0.4811,6.0
6800,2005-07-06,,,,2005,7,6,,0.70694,0.13479,0.71968,6.0
6801,2005-07-07,,,,2005,7,7,,0.90152,0.07056,0.90428,6.0
6802,2005-07-08,,,,2005,7,8,,0.98478,0.0162,0.98492,6.0
6803,2005-07-09,,,,2005,7,9,,1.05499,-0.11239,1.06096,7.0
6804,2005-07-10,,,,2005,7,10,,1.10243,-0.27217,1.13553,7.0
6805,2005-07-11,,,,2005,7,11,,1.07344,-0.37416,1.13678,7.0
6806,2005-07-12,,,,2005,7,12,,1.05014,-0.46493,1.14846,7.0
6807,2005-07-13,,,,2005,7,13,,1.01819,-0.56066,1.16235,7.0
6808,2005-07-14,,,,2005,7,14,,0.90525,-0.71394,1.1529,7.0
6809,2005-07-15,,,,2005,7,15,,0.64759,-0.6843,0.94215,8.0
6810,2005-07-16,,,,2005,7,16,,0.41977,-0.50267,0.65489,8.0
6811,2005-07-17,,,,2005,7,17,,0.16394,-0.37669,0.41081,8.0
6812,2005-07-18,,,,2005,7,18,,-0.03996,-0.21828,0.22191,1.0
6813,2005-07-19,,,,2005,7,19,,-0.21975,0.03629,0.22272,3.0
6814,2005-07-20,,,,2005,7,20,,-0.35018,0.24956,0.43001,3.0
6815,2005-07-21,,,,2005,7,21,,-0.48544,0.50013,0.69698,4.0
6816,2005-07-22,,,,2005,7,22,,-0.72118,0.76362,1.05034,4.0
6817,2005-07-23,,,,2005,7,23,,-1.00815,1.03107,1.44204,4.0
6818,2005-07-24,,,,2005,7,24,,-1.20061,1.14871,1.66163,3.0
6819,2005-07-25,,,,2005,7,25,,-1.3405,1.11487,1.74352,3.0
6820,2005-07-26,,,,2005,7,26,,-1.38229,1.05669,1.73992,3.0
6821,2005-07-27,,,,2005,7,27,,-1.466,0.93049,1.73637,3.0
6822,2005-07-28,,,,2005,7,28,,-1.55885,0.7338,1.72292,3.0
6823,2005-07-29,,,,2005,7,29,,-1.62399,0.48995,1.69629,3.0
6824,2005-07-30,,,,2005,7,30,,-1.68928,0.2165,1.7031,3.0
6825,2005-07-31,,,,2005,7,31,,-1.61645,-0.03759,1.61689,2.0
6826,2005-08-01,-0.97,-0.149,0.026,2005,8,1,,-1.40263,-0.21954,1.4197,2.0
6827,2005-08-02,,,,2005,8,2,,-1.28562,-0.42666,1.35457,2.0
6828,2005-08-03,,,,2005,8,3,,-1.33061,-0.59157,1.45619,2.0
6829,2005-08-04,,,,2005,8,4,,-1.32107,-0.7146,1.50196,2.0
6830,2005-08-05,,,,2005,8,5,,-1.2629,-0.83998,1.51674,2.0
6831,2005-08-06,,,,2005,8,6,,-1.19572,-0.95914,1.53288,2.0
6832,2005-08-07,,,,2005,8,7,,-1.11609,-1.00839,1.50416,2.0
6833,2005-08-08,,,,2005,8,8,,-0.98459,-1.01141,1.41151,1.0
6834,2005-08-09,,,,2005,8,9,,-0.81333,-0.98677,1.27875,1.0
6835,2005-08-10,,,,2005,8,10,,-0.70993,-0.95755,1.19201,1.0
6836,2005-08-11,,,,2005,8,11,,-0.5624,-0.90496,1.06548,1.0
6837,2005-08-12,,,,2005,8,12,,-0.26648,-0.84938,0.8902,1.0
6838,2005-08-13,,,,2005,8,13,,0.02977,-0.81299,0.81353,8.0
6839,2005-08-14,,,,2005,8,14,,0.24349,-0.74253,0.78144,8.0
6840,2005-08-15,,,,2005,8,15,,0.4872,-0.59115,0.76604,8.0
6841,2005-08-16,,,,2005,8,16,,0.74658,-0.49427,0.89537,7.0
6842,2005-08-17,,,,2005,8,17,,0.91958,-0.49013,1.04205,7.0
6843,2005-08-18,,,,2005,8,18,,0.94209,-0.42569,1.0338,7.0
6844,2005-08-19,,,,2005,8,19,,0.97768,-0.31576,1.02741,7.0
6845,2005-08-20,,,,2005,8,20,,1.08229,-0.19651,1.09998,7.0
6846,2005-08-21,,,,2005,8,21,,1.11747,-0.09451,1.12146,7.0
6847,2005-08-22,,,,2005,8,22,,1.03032,-0.00277,1.03032,7.0
6848,2005-08-23,,,,2005,8,23,,0.99021,0.10916,0.99621,6.0
6849,2005-08-24,,,,2005,8,24,,0.9555,0.13264,0.96466,6.0
6850,2005-08-25,,,,2005,8,25,,0.92011,0.11303,0.92703,6.0
6851,2005-08-26,,,,2005,8,26,,0.884,0.10249,0.88993,6.0
6852,2005-08-27,,,,2005,8,27,,0.94597,0.04575,0.94708,6.0
6853,2005-08-28,,,,2005,8,28,,1.0768,-0.04279,1.07765,7.0
6854,2005-08-29,,,,2005,8,29,,1.06692,-0.00654,1.06694,7.0
6855,2005-08-30,,,,2005,8,30,,1.0579,0.05054,1.05911,6.0
6856,2005-08-31,,,,2005,8,31,,1.09223,0.10859,1.09761,6.0
6857,2005-09-01,0.34,-0.814,0.802,2005,9,1,,1.11876,0.16902,1.13146,6.0
6858,2005-09-02,,,,2005,9,2,,0.99769,0.2316,1.02422,6.0
6859,2005-09-03,,,,2005,9,3,,0.72061,0.42269,0.83544,6.0
6860,2005-09-04,,,,2005,9,4,,0.40468,0.67724,0.78894,5.0
6861,2005-09-05,,,,2005,9,5,,0.06262,0.88377,0.88599,5.0
6862,2005-09-06,,,,2005,9,6,,-0.29828,1.05306,1.09449,4.0
6863,2005-09-07,,,,2005,9,7,,-0.61541,1.14154,1.29686,4.0
6864,2005-09-08,,,,2005,9,8,,-0.95921,1.15309,1.4999,4.0
6865,2005-09-09,,,,2005,9,9,,-1.33484,1.10284,1.73149,3.0
6866,2005-09-10,,,,2005,9,10,,-1.6673,0.99847,1.94341,3.0
6867,2005-09-11,,,,2005,9,11,,-1.87459,0.90022,2.07954,3.0
6868,2005-09-12,,,,2005,9,12,,-1.95318,0.70618,2.07692,3.0
6869,2005-09-13,,,,2005,9,13,,-2.0009,0.44017,2.04875,3.0
6870,2005-09-14,,,,2005,9,14,,-2.0072,0.1744,2.01476,3.0
6871,2005-09-15,,,,2005,9,15,,-1.97494,-0.05281,1.97564,2.0
6872,2005-09-16,,,,2005,9,16,,-1.85849,-0.28243,1.87983,2.0
6873,2005-09-17,,,,2005,9,17,,-1.6963,-0.51511,1.77279,2.0
6874,2005-09-18,,,,2005,9,18,,-1.51453,-0.71984,1.67689,2.0
6875,2005-09-19,,,,2005,9,19,,-1.31381,-0.85432,1.56715,2.0
6876,2005-09-20,,,,2005,9,20,,-1.06459,-0.98968,1.45356,2.0
6877,2005-09-21,,,,2005,9,21,,-0.85214,-0.99237,1.30803,1.0
6878,2005-09-22,,,,2005,9,22,,-0.60551,-0.89089,1.07718,1.0
6879,2005-09-23,,,,2005,9,23,,-0.38865,-0.79759,0.88724,1.0
6880,2005-09-24,,,,2005,9,24,,-0.18518,-0.7311,0.75419,1.0
6881,2005-09-25,,,,2005,9,25,,0.01931,-0.6738,0.67407,8.0
6882,2005-09-26,,,,2005,9,26,,0.18002,-0.55962,0.58786,8.0
6883,2005-09-27,,,,2005,9,27,,0.34888,-0.4073,0.53629,8.0
6884,2005-09-28,,,,2005,9,28,,0.47036,-0.35346,0.58837,7.0
6885,2005-09-29,,,,2005,9,29,,0.58808,-0.24467,0.63695,7.0
6886,2005-09-30,,,,2005,9,30,,0.70934,-0.22382,0.74381,7.0
6887,2005-10-01,1.12,-1.725,0.03,2005,10,1,,0.82498,-0.26075,0.86521,7.0
6888,2005-10-02,,,,2005,10,2,,0.96633,-0.33023,1.0212,7.0
6889,2005-10-03,,,,2005,10,3,,1.02988,-0.34692,1.08674,7.0
6890,2005-10-04,,,,2005,10,4,,1.05804,-0.30164,1.1002,7.0
6891,2005-10-05,,,,2005,10,5,,1.15698,-0.26131,1.18612,7.0
6892,2005-10-06,,,,2005,10,6,,1.33235,-0.21892,1.35021,7.0
6893,2005-10-07,,,,2005,10,7,,1.48516,-0.07591,1.4871,7.0
6894,2005-10-08,,,,2005,10,8,,1.53455,0.13958,1.54088,6.0
6895,2005-10-09,,,,2005,10,9,,1.60256,0.41605,1.65568,6.0
6896,2005-10-10,,,,2005,10,10,,1.63143,0.7051,1.77728,6.0
6897,2005-10-11,,,,2005,10,11,,1.51335,0.9428,1.78301,6.0
6898,2005-10-12,,,,2005,10,12,,1.41634,1.1552,1.82771,6.0
6899,2005-10-13,,,,2005,10,13,,1.26325,1.26087,1.78482,6.0
6900,2005-10-14,,,,2005,10,14,,1.09416,1.35088,1.73841,5.0
6901,2005-10-15,,,,2005,10,15,,0.92514,1.40728,1.68414,5.0
6902,2005-10-16,,,,2005,10,16,,0.80409,1.44191,1.65096,5.0
6903,2005-10-17,,,,2005,10,17,,0.72665,1.41753,1.59292,5.0
6904,2005-10-18,,,,2005,10,18,,0.68035,1.33537,1.49869,5.0
6905,2005-10-19,,,,2005,10,19,,0.61049,1.24344,1.38522,5.0
6906,2005-10-20,,,,2005,10,20,,0.58625,1.19641,1.33232,5.0
6907,2005-10-21,,,,2005,10,21,,0.40755,1.1749,1.24358,5.0
6908,2005-10-22,,,,2005,10,22,,0.2404,1.13991,1.16499,5.0
6909,2005-10-23,,,,2005,10,23,,0.0404,1.06495,1.06572,5.0
6910,2005-10-24,,,,2005,10,24,,-0.13732,0.95821,0.968,4.0
6911,2005-10-25,,,,2005,10,25,,-0.2731,0.7808,0.82718,4.0
6912,2005-10-26,,,,2005,10,26,,-0.385,0.67111,0.7737,4.0
6913,2005-10-27,,,,2005,10,27,,-0.49189,0.68994,0.84733,4.0
6914,2005-10-28,,,,2005,10,28,,-0.61022,0.76547,0.97893,4.0
6915,2005-10-29,,,,2005,10,29,,-0.63483,0.86144,1.07009,4.0
6916,2005-10-30,,,,2005,10,30,,-0.60902,0.89634,1.08367,4.0
6917,2005-10-31,,,,2005,10,31,,-0.61573,0.91446,1.10244,4.0
6918,2005-11-01,-0.42,-1.738,0.228,2005,11,1,,-0.6383,0.86389,1.07411,4.0
6919,2005-11-02,,,,2005,11,2,,-0.65468,0.76421,1.00629,4.0
6920,2005-11-03,,,,2005,11,3,,-0.71268,0.68672,0.98969,3.0
6921,2005-11-04,,,,2005,11,4,,-0.82715,0.54062,0.98815,3.0
6922,2005-11-05,,,,2005,11,5,,-0.98477,0.23719,1.01293,3.0
6923,2005-11-06,,,,2005,11,6,,-1.08203,-0.0116,1.08209,2.0
6924,2005-11-07,,,,2005,11,7,,-1.26959,-0.27357,1.29873,2.0
6925,2005-11-08,,,,2005,11,8,,-1.46791,-0.501,1.55105,2.0
6926,2005-11-09,,,,2005,11,9,,-1.54317,-0.71425,1.70045,2.0
6927,2005-11-10,,,,2005,11,10,,-1.49344,-0.785,1.68718,2.0
6928,2005-11-11,,,,2005,11,11,,-1.47923,-0.71054,1.64103,2.0
6929,2005-11-12,,,,2005,11,12,,-1.46296,-0.63477,1.59474,2.0
6930,2005-11-13,,,,2005,11,13,,-1.40577,-0.54342,1.50715,2.0
6931,2005-11-14,,,,2005,11,14,,-1.23483,-0.44171,1.31146,2.0
6932,2005-11-15,,,,2005,11,15,,-1.08436,-0.4237,1.16419,2.0
6933,2005-11-16,,,,2005,11,16,,-0.91521,-0.38096,0.99133,2.0
6934,2005-11-17,,,,2005,11,17,,-0.7548,-0.37421,0.84247,2.0
6935,2005-11-18,,,,2005,11,18,,-0.61862,-0.40298,0.7383,2.0
6936,2005-11-19,,,,2005,11,19,,-0.54495,-0.49188,0.73411,2.0
6937,2005-11-20,,,,2005,11,20,,-0.49562,-0.62326,0.7963,1.0
6938,2005-11-21,,,,2005,11,21,,-0.36372,-0.70675,0.79485,1.0
6939,2005-11-22,,,,2005,11,22,,-0.21074,-0.76127,0.7899,1.0
6940,2005-11-23,,,,2005,11,23,,-0.20744,-0.74439,0.77276,1.0
6941,2005-11-24,,,,2005,11,24,,-0.22682,-0.69145,0.7277,1.0
6942,2005-11-25,,,,2005,11,25,,-0.20289,-0.71156,0.73992,1.0
6943,2005-11-26,,,,2005,11,26,,-0.11371,-0.7087,0.71776,1.0
6944,2005-11-27,,,,2005,11,27,,-0.02063,-0.65791,0.65823,1.0
6945,2005-11-28,,,,2005,11,28,,0.0525,-0.55484,0.55732,8.0
6946,2005-11-29,,,,2005,11,29,,0.17682,-0.45619,0.48926,8.0
6947,2005-11-30,,,,2005,11,30,,0.21633,-0.32634,0.39153,8.0
6948,2005-12-01,0.01,-0.308,-2.104,2005,12,1,,0.23515,-0.16753,0.28872,7.0
6949,2005-12-02,,,,2005,12,2,,0.2497,-0.07081,0.25955,7.0
6950,2005-12-03,,,,2005,12,3,,0.2438,0.02842,0.24545,6.0
6951,2005-12-04,,,,2005,12,4,,0.25549,0.10256,0.27531,6.0
6952,2005-12-05,,,,2005,12,5,,0.23233,0.22396,0.3227,6.0
6953,2005-12-06,,,,2005,12,6,,0.24528,0.39974,0.46899,5.0
6954,2005-12-07,,,,2005,12,7,,0.36172,0.51091,0.626,5.0
6955,2005-12-08,,,,2005,12,8,,0.47659,0.64847,0.80477,5.0
6956,2005-12-09,,,,2005,12,9,,0.53536,0.75976,0.92944,5.0
6957,2005-12-10,,,,2005,12,10,,0.52907,0.83272,0.98658,5.0
6958,2005-12-11,,,,2005,12,11,,0.54801,0.84505,1.00719,5.0
6959,2005-12-12,,,,2005,12,12,,0.52311,0.8023,0.95777,5.0
6960,2005-12-13,,,,2005,12,13,,0.45715,0.88289,0.99423,5.0
6961,2005-12-14,,,,2005,12,14,,0.37676,0.93926,1.01201,5.0
6962,2005-12-15,,,,2005,12,15,,0.25796,0.96143,0.99544,5.0
6963,2005-12-16,,,,2005,12,16,,0.1004,0.92693,0.93235,5.0
6964,2005-12-17,,,,2005,12,17,,-0.09788,0.87165,0.87713,4.0
6965,2005-12-18,,,,2005,12,18,,-0.25669,0.78781,0.82857,4.0
6966,2005-12-19,,,,2005,12,19,,-0.31236,0.68262,0.75069,4.0
6967,2005-12-20,,,,2005,12,20,,-0.38623,0.58542,0.70135,4.0
6968,2005-12-21,,,,2005,12,21,,-0.44859,0.49844,0.67058,4.0
6969,2005-12-22,,,,2005,12,22,,-0.45921,0.32571,0.56299,3.0
6970,2005-12-23,,,,2005,12,23,,-0.45861,0.19788,0.49948,3.0
6971,2005-12-24,,,,2005,12,24,,-0.46496,0.04652,0.46728,3.0
6972,2005-12-25,,,,2005,12,25,,-0.54456,-0.07918,0.55029,2.0
6973,2005-12-26,,,,2005,12,26,,-0.56046,-0.19122,0.59219,2.0
6974,2005-12-27,,,,2005,12,27,,-0.47148,-0.29817,0.55786,2.0
6975,2005-12-28,,,,2005,12,28,,-0.43929,-0.35631,0.56563,2.0
6976,2005-12-29,,,,2005,12,29,,-0.39284,-0.30968,0.50023,2.0
6977,2005-12-30,,,,2005,12,30,,-0.27523,-0.30025,0.4073,1.0
6978,2005-12-31,,,,2005,12,31,,-0.12516,-0.35863,0.37984,1.0
6979,2006-01-01,1.29,0.404,-0.17,2006,1,1,,-0.03636,-0.46865,0.47006,1.0
6980,2006-01-02,,,,2006,1,2,,0.08114,-0.50963,0.51605,8.0
6981,2006-01-03,,,,2006,1,3,,0.28816,-0.56216,0.63171,8.0
6982,2006-01-04,,,,2006,1,4,,0.56759,-0.63102,0.84873,8.0
6983,2006-01-05,,,,2006,1,5,,0.73427,-0.72394,1.03113,7.0
6984,2006-01-06,,,,2006,1,6,,0.85689,-0.84264,1.20179,7.0
6985,2006-01-07,,,,2006,1,7,,0.97133,-1.02223,1.41012,8.0
6986,2006-01-08,,,,2006,1,8,,1.0344,-1.13764,1.5376,8.0
6987,2006-01-09,,,,2006,1,9,,1.01664,-1.08946,1.49012,8.0
6988,2006-01-10,,,,2006,1,10,,1.01957,-0.97254,1.40902,7.0
6989,2006-01-11,,,,2006,1,11,,0.85886,-0.8243,1.19043,7.0
6990,2006-01-12,,,,2006,1,12,,0.6522,-0.59543,0.88312,7.0
6991,2006-01-13,,,,2006,1,13,,0.32925,-0.29107,0.43946,7.0
6992,2006-01-14,,,,2006,1,14,,0.03381,0.02759,0.04364,6.0
6993,2006-01-15,,,,2006,1,15,,-0.21368,0.37186,0.42888,4.0
6994,2006-01-16,,,,2006,1,16,,-0.46228,0.76846,0.89679,4.0
6995,2006-01-17,,,,2006,1,17,,-0.6592,1.0911,1.27477,4.0
6996,2006-01-18,,,,2006,1,18,,-0.81817,1.27234,1.51269,4.0
6997,2006-01-19,,,,2006,1,19,,-0.91267,1.40442,1.67492,4.0
6998,2006-01-20,,,,2006,1,20,,-0.92193,1.42268,1.69528,4.0
6999,2006-01-21,,,,2006,1,21,,-0.9,1.35126,1.62355,4.0
7000,2006-01-22,,,,2006,1,22,,-0.94784,1.23989,1.56068,4.0
7001,2006-01-23,,,,2006,1,23,,-1.09389,1.08441,1.5403,3.0
7002,2006-01-24,,,,2006,1,24,,-1.27645,0.89925,1.5614,3.0
7003,2006-01-25,,,,2006,1,25,,-1.46231,0.64757,1.59928,3.0
7004,2006-01-26,,,,2006,1,26,,-1.63374,0.45324,1.69544,3.0
7005,2006-01-27,,,,2006,1,27,,-1.77743,0.3018,1.80287,3.0
7006,2006-01-28,,,,2006,1,28,,-2.00677,0.09863,2.0092,3.0
7007,2006-01-29,,,,2006,1,29,,-2.20076,-0.17605,2.20779,2.0
7008,2006-01-30,,,,2006,1,30,,-2.35537,-0.44605,2.39723,2.0
7009,2006-01-31,,,,2006,1,31,,-2.36793,-0.74358,2.48194,2.0
7010,2006-02-01,-0.12,0.388,-0.156,2006,2,1,,-2.2684,-1.03215,2.49218,2.0
7011,2006-02-02,,,,2006,2,2,,-2.07894,-1.34756,2.47748,2.0
7012,2006-02-03,,,,2006,2,3,,-1.77498,-1.68585,2.44799,2.0
7013,2006-02-04,,,,2006,2,4,,-1.43289,-2.01209,2.47016,1.0
7014,2006-02-05,,,,2006,2,5,,-1.07997,-2.29635,2.53763,1.0
7015,2006-02-06,,,,2006,2,6,,-0.66076,-2.46734,2.55429,1.0
7016,2006-02-07,,,,2006,2,7,,-0.18221,-2.51322,2.51982,1.0
7017,2006-02-08,,,,2006,2,8,,0.13897,-2.51688,2.52071,8.0
7018,2006-02-09,,,,2006,2,9,,0.36288,-2.42346,2.45048,8.0
7019,2006-02-10,,,,2006,2,10,,0.56644,-2.26561,2.33535,8.0
7020,2006-02-11,,,,2006,2,11,,0.7284,-2.0515,2.17697,8.0
7021,2006-02-12,,,,2006,2,12,,0.7662,-1.8286,1.98263,8.0
7022,2006-02-13,,,,2006,2,13,,0.76143,-1.59543,1.76781,8.0
7023,2006-02-14,,,,2006,2,14,,0.86595,-1.35385,1.6071,8.0
7024,2006-02-15,,,,2006,2,15,,1.03808,-1.14826,1.54794,8.0
7025,2006-02-16,,,,2006,2,16,,1.10281,-0.96362,1.4645,7.0
7026,2006-02-17,,,,2006,2,17,,1.22297,-0.80023,1.46152,7.0
7027,2006-02-18,,,,2006,2,18,,1.39103,-0.70595,1.55991,7.0
7028,2006-02-19,,,,2006,2,19,,1.56754,-0.62777,1.68857,7.0
7029,2006-02-20,,,,2006,2,20,,1.79425,-0.56837,1.88212,7.0
7030,2006-02-21,,,,2006,2,21,,2.11647,-0.42874,2.15946,7.0
7031,2006-02-22,,,,2006,2,22,,2.40683,-0.25096,2.41988,7.0
7032,2006-02-23,,,,2006,2,23,,2.54276,0.0642,2.54357,6.0
7033,2006-02-24,,,,2006,2,24,,2.52931,0.44278,2.56777,6.0
7034,2006-02-25,,,,2006,2,25,,2.4355,0.84603,2.57826,6.0
7035,2006-02-26,,,,2006,2,26,,2.26915,1.16902,2.55258,6.0
7036,2006-02-27,,,,2006,2,27,,2.08553,1.27912,2.44655,6.0
7037,2006-02-28,,,,2006,2,28,,1.94756,1.2717,2.32598,6.0
7038,2006-03-01,1.32,-0.308,-1.604,2006,3,1,,1.71194,1.17192,2.07464,6.0
7039,2006-03-02,,,,2006,3,2,,1.39386,1.12114,1.7888,6.0
7040,2006-03-03,,,,2006,3,3,,1.09516,1.04541,1.51402,6.0
7041,2006-03-04,,,,2006,3,4,,0.86112,0.91599,1.25721,5.0
7042,2006-03-05,,,,2006,3,5,,0.5795,0.8242,1.00753,5.0
7043,2006-03-06,,,,2006,3,6,,0.28325,0.77491,0.82506,5.0
7044,2006-03-07,,,,2006,3,7,,0.03444,0.74789,0.74868,5.0
7045,2006-03-08,,,,2006,3,8,,-0.07295,0.82034,0.82358,4.0
7046,2006-03-09,,,,2006,3,9,,-0.13472,0.85463,0.86518,4.0
7047,2006-03-10,,,,2006,3,10,,-0.10649,0.84374,0.85043,4.0
7048,2006-03-11,,,,2006,3,11,,-0.03031,0.83805,0.8386,4.0
7049,2006-03-12,,,,2006,3,12,,0.08105,0.87913,0.88286,5.0
7050,2006-03-13,,,,2006,3,13,,0.16321,0.98496,0.99839,5.0
7051,2006-03-14,,,,2006,3,14,,0.25866,1.07082,1.10162,5.0
7052,2006-03-15,,,,2006,3,15,,0.34827,1.10545,1.15901,5.0
7053,2006-03-16,,,,2006,3,16,,0.42268,1.21404,1.28551,5.0
7054,2006-03-17,,,,2006,3,17,,0.50936,1.27991,1.37754,5.0
7055,2006-03-18,,,,2006,3,18,,0.59462,1.33846,1.4646,5.0
7056,2006-03-19,,,,2006,3,19,,0.66784,1.35742,1.51281,5.0
7057,2006-03-20,,,,2006,3,20,,0.68197,1.27569,1.44654,5.0
7058,2006-03-21,,,,2006,3,21,,0.63855,1.17539,1.33765,5.0
7059,2006-03-22,,,,2006,3,22,,0.63562,1.1536,1.31712,5.0
7060,2006-03-23,,,,2006,3,23,,0.60556,1.13037,1.28236,5.0
7061,2006-03-24,,,,2006,3,24,,0.51428,1.1447,1.25492,5.0
7062,2006-03-25,,,,2006,3,25,,0.42332,1.14909,1.22458,5.0
7063,2006-03-26,,,,2006,3,26,,0.20283,1.17588,1.19325,5.0
7064,2006-03-27,,,,2006,3,27,,0.04256,1.29248,1.29319,5.0
7065,2006-03-28,,,,2006,3,28,,-0.05817,1.39078,1.392,4.0
7066,2006-03-29,,,,2006,3,29,,-0.17133,1.49959,1.50935,4.0
7067,2006-03-30,,,,2006,3,30,,-0.27355,1.53908,1.5632,4.0
7068,2006-03-31,,,,2006,3,31,,-0.43824,1.50349,1.56606,4.0
7069,2006-04-01,1.17,-0.336,0.138,2006,4,1,,-0.55293,1.36328,1.47115,4.0
7070,2006-04-02,,,,2006,4,2,,-0.65094,1.12926,1.30344,4.0
7071,2006-04-03,,,,2006,4,3,,-0.72286,0.87953,1.13846,4.0
7072,2006-04-04,,,,2006,4,4,,-0.7144,0.661,0.97329,3.0
7073,2006-04-05,,,,2006,4,5,,-0.76523,0.38271,0.85559,3.0
7074,2006-04-06,,,,2006,4,6,,-0.83841,0.06507,0.84093,3.0
7075,2006-04-07,,,,2006,4,7,,-0.78609,-0.28781,0.83713,2.0
7076,2006-04-08,,,,2006,4,8,,-0.65113,-0.5687,0.86452,2.0
7077,2006-04-09,,,,2006,4,9,,-0.52352,-0.77281,0.93344,1.0
7078,2006-04-10,,,,2006,4,10,,-0.4271,-0.82444,0.9285,1.0
7079,2006-04-11,,,,2006,4,11,,-0.3023,-0.80207,0.85714,1.0
7080,2006-04-12,,,,2006,4,12,,-0.19977,-0.77525,0.80058,1.0
7081,2006-04-13,,,,2006,4,13,,-0.15985,-0.77011,0.78653,1.0
7082,2006-04-14,,,,2006,4,14,,-0.10773,-0.66395,0.67264,1.0
7083,2006-04-15,,,,2006,4,15,,0.00177,-0.48269,0.4827,8.0
7084,2006-04-16,,,,2006,4,16,,0.15831,-0.23911,0.28676,8.0
7085,2006-04-17,,,,2006,4,17,,0.31121,-0.02801,0.31246,7.0
7086,2006-04-18,,,,2006,4,18,,0.44939,0.1371,0.46984,6.0
7087,2006-04-19,,,,2006,4,19,,0.55362,0.26802,0.61508,6.0
7088,2006-04-20,,,,2006,4,20,,0.59078,0.41692,0.72308,6.0
7089,2006-04-21,,,,2006,4,21,,0.59451,0.53833,0.80202,6.0
7090,2006-04-22,,,,2006,4,22,,0.53178,0.57677,0.78451,5.0
7091,2006-04-23,,,,2006,4,23,,0.38345,0.54016,0.66242,5.0
7092,2006-04-24,,,,2006,4,24,,0.14414,0.44333,0.46618,5.0
7093,2006-04-25,,,,2006,4,25,,-0.13989,0.31426,0.34399,4.0
7094,2006-04-26,,,,2006,4,26,,-0.43379,0.22781,0.48997,3.0
7095,2006-04-27,,,,2006,4,27,,-0.69204,0.13607,0.70529,3.0
7096,2006-04-28,,,,2006,4,28,,-0.93379,-0.01049,0.93385,2.0
7097,2006-04-29,,,,2006,4,29,,-1.14071,-0.17054,1.15338,2.0
7098,2006-04-30,,,,2006,4,30,,-1.3309,-0.34695,1.37538,2.0
7099,2006-05-01,-0.96,-0.163,0.156,2006,5,1,,-1.44056,-0.42969,1.50328,2.0
7100,2006-05-02,,,,2006,5,2,,-1.43536,-0.51061,1.52348,2.0
7101,2006-05-03,,,,2006,5,3,,-1.38768,-0.63992,1.52812,2.0
7102,2006-05-04,,,,2006,5,4,,-1.40633,-0.77975,1.60803,2.0
7103,2006-05-05,,,,2006,5,5,,-1.40336,-0.94718,1.69309,2.0
7104,2006-05-06,,,,2006,5,6,,-1.38816,-1.11614,1.78122,2.0
7105,2006-05-07,,,,2006,5,7,,-1.34799,-1.28186,1.86017,2.0
7106,2006-05-08,,,,2006,5,8,,-1.30096,-1.42678,1.93085,1.0
7107,2006-05-09,,,,2006,5,9,,-1.2228,-1.57113,1.9909,1.0
7108,2006-05-10,,,,2006,5,10,,-1.05091,-1.70694,2.00451,1.0
7109,2006-05-11,,,,2006,5,11,,-0.86088,-1.80127,1.99642,1.0
7110,2006-05-12,,,,2006,5,12,,-0.6112,-1.71688,1.82243,1.0
7111,2006-05-13,,,,2006,5,13,,-0.21838,-1.58275,1.59775,1.0
7112,2006-05-14,,,,2006,5,14,,0.13873,-1.40229,1.40914,8.0
7113,2006-05-15,,,,2006,5,15,,0.47018,-1.17072,1.2616,8.0
7114,2006-05-16,,,,2006,5,16,,0.69192,-0.8931,1.12977,8.0
7115,2006-05-17,,,,2006,5,17,,0.83443,-0.59729,1.02617,7.0
7116,2006-05-18,,,,2006,5,18,,0.97244,-0.29971,1.01758,7.0
7117,2006-05-19,,,,2006,5,19,,1.0584,-0.03258,1.05891,7.0
7118,2006-05-20,,,,2006,5,20,,1.07799,0.15865,1.0896,6.0
7119,2006-05-21,,,,2006,5,21,,1.08354,0.21334,1.10435,6.0
7120,2006-05-22,,,,2006,5,22,,1.01514,0.25265,1.04611,6.0
7121,2006-05-23,,,,2006,5,23,,0.92839,0.22841,0.95607,6.0
7122,2006-05-24,,,,2006,5,24,,0.87007,0.13618,0.88066,6.0
7123,2006-05-25,,,,2006,5,25,,0.86737,-0.0182,0.86756,7.0
7124,2006-05-26,,,,2006,5,26,,0.88345,-0.18371,0.90235,7.0
7125,2006-05-27,,,,2006,5,27,,0.8055,-0.38543,0.89297,7.0
7126,2006-05-28,,,,2006,5,28,,0.67313,-0.62254,0.91687,7.0
7127,2006-05-29,,,,2006,5,29,,0.53949,-0.75612,0.92885,8.0
7128,2006-05-30,,,,2006,5,30,,0.39831,-0.80149,0.89501,8.0
7129,2006-05-31,,,,2006,5,31,,0.28369,-0.84635,0.89263,8.0
7130,2006-06-01,-0.98,0.224,1.071,2006,6,1,,0.29529,-0.83173,0.88259,8.0
7131,2006-06-02,,,,2006,6,2,,0.24777,-0.83282,0.86889,8.0
7132,2006-06-03,,,,2006,6,3,,0.19402,-0.81233,0.83518,8.0
7133,2006-06-04,,,,2006,6,4,,0.21157,-0.76183,0.79066,8.0
7134,2006-06-05,,,,2006,6,5,,0.30771,-0.64692,0.71637,8.0
7135,2006-06-06,,,,2006,6,6,,0.36653,-0.50893,0.62718,8.0
7136,2006-06-07,,,,2006,6,7,,0.41847,-0.48057,0.63723,8.0
7137,2006-06-08,,,,2006,6,8,,0.43586,-0.47349,0.64356,8.0
7138,2006-06-09,,,,2006,6,9,,0.44845,-0.52366,0.68944,8.0
7139,2006-06-10,,,,2006,6,10,,0.37813,-0.55857,0.67453,8.0
7140,2006-06-11,,,,2006,6,11,,0.42066,-0.48892,0.64498,8.0
7141,2006-06-12,,,,2006,6,12,,0.50661,-0.27577,0.57681,7.0
7142,2006-06-13,,,,2006,6,13,,0.56918,-0.08078,0.57489,7.0
7143,2006-06-14,,,,2006,6,14,,0.55613,0.07306,0.56091,6.0
7144,2006-06-15,,,,2006,6,15,,0.65731,0.20544,0.68867,6.0
7145,2006-06-16,,,,2006,6,16,,0.79374,0.37685,0.87866,6.0
7146,2006-06-17,,,,2006,6,17,,0.93585,0.49274,1.05764,6.0
7147,2006-06-18,,,,2006,6,18,,1.07946,0.61963,1.24466,6.0
7148,2006-06-19,,,,2006,6,19,,1.15042,0.73692,1.3662,6.0
7149,2006-06-20,,,,2006,6,20,,1.04222,0.90814,1.38237,6.0
7150,2006-06-21,,,,2006,6,21,,0.86775,1.00254,1.32592,5.0
7151,2006-06-22,,,,2006,6,22,,0.63873,1.11972,1.28909,5.0
7152,2006-06-23,,,,2006,6,23,,0.3904,1.20185,1.26367,5.0
7153,2006-06-24,,,,2006,6,24,,0.03243,1.2841,1.28451,5.0
7154,2006-06-25,,,,2006,6,25,,-0.31559,1.36907,1.40497,4.0
7155,2006-06-26,,,,2006,6,26,,-0.67431,1.38954,1.54451,4.0
7156,2006-06-27,,,,2006,6,27,,-1.11399,1.40004,1.78916,4.0
7157,2006-06-28,,,,2006,6,28,,-1.48627,1.36448,2.01762,3.0
7158,2006-06-29,,,,2006,6,29,,-1.75937,1.13679,2.09468,3.0
7159,2006-06-30,,,,2006,6,30,,-1.90647,0.79049,2.06385,3.0
7160,2006-07-01,-0.9,0.35,0.103,2006,7,1,,-1.98644,0.38512,2.02342,3.0
7161,2006-07-02,,,,2006,7,2,,-1.97691,-0.03607,1.97724,2.0
7162,2006-07-03,,,,2006,7,3,,-1.88521,-0.44336,1.93664,2.0
7163,2006-07-04,,,,2006,7,4,,-1.74411,-0.80315,1.92015,2.0
7164,2006-07-05,,,,2006,7,5,,-1.53058,-1.0418,1.85149,2.0
7165,2006-07-06,,,,2006,7,6,,-1.28918,-1.20995,1.76804,2.0
7166,2006-07-07,,,,2006,7,7,,-1.04866,-1.31974,1.68564,1.0
7167,2006-07-08,,,,2006,7,8,,-0.83424,-1.30175,1.54613,1.0
7168,2006-07-09,,,,2006,7,9,,-0.74238,-1.17622,1.3909,1.0
7169,2006-07-10,,,,2006,7,10,,-0.6231,-1.06201,1.23131,1.0
7170,2006-07-11,,,,2006,7,11,,-0.51177,-0.89975,1.03511,1.0
7171,2006-07-12,,,,2006,7,12,,-0.3956,-0.72533,0.8262,1.0
7172,2006-07-13,,,,2006,7,13,,-0.25859,-0.61217,0.66454,1.0
7173,2006-07-14,,,,2006,7,14,,-0.12532,-0.60957,0.62232,1.0
7174,2006-07-15,,,,2006,7,15,,-0.07902,-0.61152,0.6166,1.0
7175,2006-07-16,,,,2006,7,16,,-0.15737,-0.57827,0.5993,1.0
7176,2006-07-17,,,,2006,7,17,,-0.23562,-0.51566,0.56694,1.0
7177,2006-07-18,,,,2006,7,18,,-0.14425,-0.52817,0.54752,1.0
7178,2006-07-19,,,,2006,7,19,,-0.0697,-0.59158,0.59567,1.0
7179,2006-07-20,,,,2006,7,20,,-0.00399,-0.65444,0.65445,1.0
7180,2006-07-21,,,,2006,7,21,,-0.01144,-0.69274,0.69283,1.0
7181,2006-07-22,,,,2006,7,22,,-0.03073,-0.65105,0.65177,1.0
7182,2006-07-23,,,,2006,7,23,,-0.02729,-0.48161,0.48238,1.0
7183,2006-07-24,,,,2006,7,24,,-0.00131,-0.32862,0.32862,1.0
7184,2006-07-25,,,,2006,7,25,,0.12927,-0.22926,0.2632,8.0
7185,2006-07-26,,,,2006,7,26,,0.2989,-0.15196,0.33531,7.0
7186,2006-07-27,,,,2006,7,27,,0.29439,-0.06077,0.30059,7.0
7187,2006-07-28,,,,2006,7,28,,0.22148,0.12447,0.25406,6.0
7188,2006-07-29,,,,2006,7,29,,0.1883,0.34094,0.38949,5.0
7189,2006-07-30,,,,2006,7,30,,0.23145,0.54225,0.58958,5.0
7190,2006-07-31,,,,2006,7,31,,0.17857,0.68975,0.71249,5.0
7191,2006-08-01,-1.75,-0.554,-0.265,2006,8,1,,0.04834,0.74499,0.74656,5.0
7192,2006-08-02,,,,2006,8,2,,-0.01383,0.77346,0.77358,4.0
7193,2006-08-03,,,,2006,8,3,,-0.09036,0.81726,0.82224,4.0
7194,2006-08-04,,,,2006,8,4,,-0.32199,0.81911,0.88013,4.0
7195,2006-08-05,,,,2006,8,5,,-0.51202,0.80058,0.95031,4.0
7196,2006-08-06,,,,2006,8,6,,-0.66406,0.77992,1.02433,4.0
7197,2006-08-07,,,,2006,8,7,,-0.84665,0.70778,1.10353,3.0
7198,2006-08-08,,,,2006,8,8,,-0.97153,0.58177,1.1324,3.0
7199,2006-08-09,,,,2006,8,9,,-0.96876,0.4712,1.07728,3.0
7200,2006-08-10,,,,2006,8,10,,-0.87188,0.36227,0.94414,3.0
7201,2006-08-11,,,,2006,8,11,,-0.80084,0.27457,0.8466,3.0
7202,2006-08-12,,,,2006,8,12,,-0.68874,0.09495,0.69525,3.0
7203,2006-08-13,,,,2006,8,13,,-0.43137,-0.13353,0.45156,2.0
7204,2006-08-14,,,,2006,8,14,,-0.16676,-0.28703,0.33196,1.0
7205,2006-08-15,,,,2006,8,15,,0.02838,-0.4717,0.47256,8.0
7206,2006-08-16,,,,2006,8,16,,0.1714,-0.6091,0.63275,8.0
7207,2006-08-17,,,,2006,8,17,,0.32343,-0.68294,0.75566,8.0
7208,2006-08-18,,,,2006,8,18,,0.45992,-0.72934,0.86224,8.0
7209,2006-08-19,,,,2006,8,19,,0.61132,-0.81319,1.01734,8.0
7210,2006-08-20,,,,2006,8,20,,0.7237,-0.88427,1.14266,8.0
7211,2006-08-21,,,,2006,8,21,,0.79541,-0.83941,1.15641,8.0
7212,2006-08-22,,,,2006,8,22,,0.79552,-0.67792,1.04519,7.0
7213,2006-08-23,,,,2006,8,23,,0.77399,-0.57587,0.96473,7.0
7214,2006-08-24,,,,2006,8,24,,0.82393,-0.4048,0.918,7.0
7215,2006-08-25,,,,2006,8,25,,0.96243,-0.25043,0.99448,7.0
7216,2006-08-26,,,,2006,8,26,,1.05887,-0.12111,1.06578,7.0
7217,2006-08-27,,,,2006,8,27,,1.11741,-0.07351,1.11982,7.0
7218,2006-08-28,,,,2006,8,28,,1.08837,0.04086,1.08914,6.0
7219,2006-08-29,,,,2006,8,29,,1.08129,0.15847,1.09284,6.0
7220,2006-08-30,,,,2006,8,30,,1.0635,0.15524,1.07477,6.0
7221,2006-08-31,,,,2006,8,31,,1.13196,0.07762,1.13462,6.0
7222,2006-09-01,-0.6,-1.001,0.606,2006,9,1,,1.26375,0.02602,1.26402,6.0
7223,2006-09-02,,,,2006,9,2,,1.4165,-0.11378,1.42106,7.0
7224,2006-09-03,,,,2006,9,3,,1.531,-0.24931,1.55116,7.0
7225,2006-09-04,,,,2006,9,4,,1.56369,-0.34565,1.60144,7.0
7226,2006-09-05,,,,2006,9,5,,1.51512,-0.3606,1.55744,7.0
7227,2006-09-06,,,,2006,9,6,,1.47521,-0.3468,1.51542,7.0
7228,2006-09-07,,,,2006,9,7,,1.52623,-0.3307,1.56165,7.0
7229,2006-09-08,,,,2006,9,8,,1.52747,-0.23424,1.54533,7.0
7230,2006-09-09,,,,2006,9,9,,1.43364,-0.05511,1.4347,7.0
7231,2006-09-10,,,,2006,9,10,,1.23595,0.11628,1.24141,6.0
7232,2006-09-11,,,,2006,9,11,,0.97578,0.30989,1.0238,6.0
7233,2006-09-12,,,,2006,9,12,,0.74734,0.49717,0.8976,6.0
7234,2006-09-13,,,,2006,9,13,,0.48135,0.68233,0.83503,5.0
7235,2006-09-14,,,,2006,9,14,,0.21583,0.84018,0.86746,5.0
7236,2006-09-15,,,,2006,9,15,,-0.04549,0.99013,0.99118,4.0
7237,2006-09-16,,,,2006,9,16,,-0.32646,1.12814,1.17443,4.0
7238,2006-09-17,,,,2006,9,17,,-0.56284,1.20067,1.32605,4.0
7239,2006-09-18,,,,2006,9,18,,-0.90023,1.15489,1.4643,4.0
7240,2006-09-19,,,,2006,9,19,,-1.18561,1.07002,1.59707,3.0
7241,2006-09-20,,,,2006,9,20,,-1.39993,1.04552,1.74726,3.0
7242,2006-09-21,,,,2006,9,21,,-1.64302,0.97197,1.90899,3.0
7243,2006-09-22,,,,2006,9,22,,-1.75661,0.86653,1.95872,3.0
7244,2006-09-23,,,,2006,9,23,,-1.8136,0.7896,1.97803,3.0
7245,2006-09-24,,,,2006,9,24,,-1.82856,0.66339,1.94518,3.0
7246,2006-09-25,,,,2006,9,25,,-1.89831,0.52941,1.97075,3.0
7247,2006-09-26,,,,2006,9,26,,-1.97207,0.37599,2.00759,3.0
7248,2006-09-27,,,,2006,9,27,,-1.95244,0.21583,1.96433,3.0
7249,2006-09-28,,,,2006,9,28,,-1.98254,0.07979,1.98414,3.0
7250,2006-09-29,,,,2006,9,29,,-2.07942,-0.11272,2.08247,2.0
7251,2006-09-30,,,,2006,9,30,,-2.13709,-0.24308,2.15087,2.0
7252,2006-10-01,-1.52,-0.297,-1.029,2006,10,1,,-2.17702,-0.35618,2.20597,2.0
7253,2006-10-02,,,,2006,10,2,,-2.20125,-0.49275,2.25572,2.0
7254,2006-10-03,,,,2006,10,3,,-2.24488,-0.56136,2.314,2.0
7255,2006-10-04,,,,2006,10,4,,-2.26127,-0.70132,2.36753,2.0
7256,2006-10-05,,,,2006,10,5,,-2.17215,-0.8522,2.33334,2.0
7257,2006-10-06,,,,2006,10,6,,-2.00266,-0.98423,2.23145,2.0
7258,2006-10-07,,,,2006,10,7,,-1.7769,-1.17785,2.13183,2.0
7259,2006-10-08,,,,2006,10,8,,-1.44327,-1.41615,2.02201,2.0
7260,2006-10-09,,,,2006,10,9,,-1.05749,-1.67462,1.98056,1.0
7261,2006-10-10,,,,2006,10,10,,-0.62558,-1.88685,1.98785,1.0
7262,2006-10-11,,,,2006,10,11,,-0.12483,-2.02599,2.02983,1.0
7263,2006-10-12,,,,2006,10,12,,0.36402,-2.09942,2.13075,8.0
7264,2006-10-13,,,,2006,10,13,,0.7704,-2.04341,2.18381,8.0
7265,2006-10-14,,,,2006,10,14,,1.12263,-1.98513,2.28058,8.0
7266,2006-10-15,,,,2006,10,15,,1.43152,-1.90426,2.38232,8.0
7267,2006-10-16,,,,2006,10,16,,1.66735,-1.74706,2.41501,8.0
7268,2006-10-17,,,,2006,10,17,,1.81241,-1.61218,2.42569,7.0
7269,2006-10-18,,,,2006,10,18,,1.92502,-1.51527,2.44985,7.0
7270,2006-10-19,,,,2006,10,19,,2.01127,-1.38044,2.43943,7.0
7271,2006-10-20,,,,2006,10,20,,2.04156,-1.22338,2.38005,7.0
7272,2006-10-21,,,,2006,10,21,,2.07714,-0.96125,2.28878,7.0
7273,2006-10-22,,,,2006,10,22,,2.02973,-0.71831,2.15309,7.0
7274,2006-10-23,,,,2006,10,23,,1.87956,-0.45635,1.93417,7.0
7275,2006-10-24,,,,2006,10,24,,1.70801,-0.25573,1.72705,7.0
7276,2006-10-25,,,,2006,10,25,,1.53783,-0.1294,1.54326,7.0
7277,2006-10-26,,,,2006,10,26,,1.38162,0.04868,1.38248,6.0
7278,2006-10-27,,,,2006,10,27,,1.2873,0.18348,1.30031,6.0
7279,2006-10-28,,,,2006,10,28,,1.11583,0.23314,1.13993,6.0
7280,2006-10-29,,,,2006,10,29,,0.97227,0.23653,1.00063,6.0
7281,2006-10-30,,,,2006,10,30,,0.82272,0.24863,0.85947,6.0
7282,2006-10-31,,,,2006,10,31,,0.71689,0.20695,0.74617,6.0
7283,2006-11-01,0.05,-0.568,0.521,2006,11,1,,0.6323,0.12911,0.64535,6.0
7284,2006-11-02,,,,2006,11,2,,0.59352,0.13712,0.60916,6.0
7285,2006-11-03,,,,2006,11,3,,0.62027,0.15538,0.63944,6.0
7286,2006-11-04,,,,2006,11,4,,0.72601,0.10275,0.73324,6.0
7287,2006-11-05,,,,2006,11,5,,0.76702,0.07311,0.7705,6.0
7288,2006-11-06,,,,2006,11,6,,0.83195,0.09357,0.83719,6.0
7289,2006-11-07,,,,2006,11,7,,0.89826,0.14807,0.91039,6.0
7290,2006-11-08,,,,2006,11,8,,1.00655,0.18303,1.02305,6.0
7291,2006-11-09,,,,2006,11,9,,1.10331,0.25112,1.13153,6.0
7292,2006-11-10,,,,2006,11,10,,1.23168,0.39235,1.29267,6.0
7293,2006-11-11,,,,2006,11,11,,1.38688,0.41765,1.4484,6.0
7294,2006-11-12,,,,2006,11,12,,1.51039,0.31781,1.54346,6.0
7295,2006-11-13,,,,2006,11,13,,1.58143,0.19528,1.59344,6.0
7296,2006-11-14,,,,2006,11,14,,1.65854,0.15219,1.66551,6.0
7297,2006-11-15,,,,2006,11,15,,1.78764,0.10337,1.79063,6.0
7298,2006-11-16,,,,2006,11,16,,1.8742,-0.01115,1.87423,7.0
7299,2006-11-17,,,,2006,11,17,,1.87914,-0.06721,1.88034,7.0
7300,2006-11-18,,,,2006,11,18,,1.85984,-0.05052,1.86053,7.0
7301,2006-11-19,,,,2006,11,19,,1.77388,0.05133,1.77462,6.0
7302,2006-11-20,,,,2006,11,20,,1.65036,0.23482,1.66699,6.0
7303,2006-11-21,,,,2006,11,21,,1.46924,0.44214,1.53432,6.0
7304,2006-11-22,,,,2006,11,22,,1.2275,0.54786,1.34421,6.0
7305,2006-11-23,,,,2006,11,23,,1.00795,0.51563,1.13218,6.0
7306,2006-11-24,,,,2006,11,24,,0.78656,0.36919,0.86889,6.0
7307,2006-11-25,,,,2006,11,25,,0.50084,0.33176,0.60075,6.0
7308,2006-11-26,,,,2006,11,26,,0.31702,0.35826,0.47839,5.0
7309,2006-11-27,,,,2006,11,27,,0.21521,0.40244,0.45637,5.0
7310,2006-11-28,,,,2006,11,28,,0.17071,0.47931,0.5088,5.0
7311,2006-11-29,,,,2006,11,29,,0.08765,0.47845,0.48642,5.0
7312,2006-11-30,,,,2006,11,30,,-0.03318,0.50807,0.50916,4.0
7313,2006-12-01,-0.39,-0.445,2.282,2006,12,1,,-0.07297,0.4865,0.49194,4.0
7314,2006-12-02,,,,2006,12,2,,-0.13462,0.46245,0.48165,4.0
7315,2006-12-03,,,,2006,12,3,,-0.13185,0.48453,0.50215,4.0
7316,2006-12-04,,,,2006,12,4,,-0.14737,0.43734,0.4615,4.0
7317,2006-12-05,,,,2006,12,5,,-0.15612,0.3956,0.42529,4.0
7318,2006-12-06,,,,2006,12,6,,-0.20444,0.32002,0.37975,4.0
7319,2006-12-07,,,,2006,12,7,,-0.24629,0.25558,0.35493,4.0
7320,2006-12-08,,,,2006,12,8,,-0.24965,0.21114,0.32696,3.0
7321,2006-12-09,,,,2006,12,9,,-0.21321,0.18716,0.28371,3.0
7322,2006-12-10,,,,2006,12,10,,-0.20008,0.20333,0.28526,4.0
7323,2006-12-11,,,,2006,12,11,,-0.16583,0.15975,0.23026,3.0
7324,2006-12-12,,,,2006,12,12,,-0.16265,0.2047,0.26145,4.0
7325,2006-12-13,,,,2006,12,13,,-0.07269,0.3254,0.33342,4.0
7326,2006-12-14,,,,2006,12,14,,-0.04851,0.34598,0.34937,4.0
7327,2006-12-15,,,,2006,12,15,,0.00151,0.38179,0.38179,5.0
7328,2006-12-16,,,,2006,12,16,,0.11648,0.41225,0.42839,5.0
7329,2006-12-17,,,,2006,12,17,,0.26939,0.5094,0.57625,5.0
7330,2006-12-18,,,,2006,12,18,,0.46554,0.61208,0.769,5.0
7331,2006-12-19,,,,2006,12,19,,0.66856,0.78946,1.03451,5.0
7332,2006-12-20,,,,2006,12,20,,0.86444,1.02385,1.33997,5.0
7333,2006-12-21,,,,2006,12,21,,0.98199,1.13773,1.5029,5.0
7334,2006-12-22,,,,2006,12,22,,1.02756,1.16583,1.55404,5.0
7335,2006-12-23,,,,2006,12,23,,1.08764,1.33323,1.7206,5.0
7336,2006-12-24,,,,2006,12,24,,0.9903,1.59541,1.87777,5.0
7337,2006-12-25,,,,2006,12,25,,0.75429,1.87044,2.01681,5.0
7338,2006-12-26,,,,2006,12,26,,0.44865,2.12931,2.17606,5.0
7339,2006-12-27,,,,2006,12,27,,0.1019,2.35885,2.36105,5.0
7340,2006-12-28,,,,2006,12,28,,-0.22773,2.56425,2.57434,4.0
7341,2006-12-29,,,,2006,12,29,,-0.58828,2.69355,2.75705,4.0
7342,2006-12-30,,,,2006,12,30,,-0.86213,2.77935,2.91,4.0
7343,2006-12-31,,,,2006,12,31,,-1.06532,2.8495,3.04213,4.0
7344,2007-01-01,-0.83,-0.635,2.034,2007,1,1,,-1.37055,2.76511,3.08613,4.0
7345,2007-01-02,,,,2007,1,2,,-1.61919,2.48655,2.96727,4.0
7346,2007-01-03,,,,2007,1,3,,-1.77843,2.17643,2.81063,4.0
7347,2007-01-04,,,,2007,1,4,,-1.83928,1.78773,2.56494,3.0
7348,2007-01-05,,,,2007,1,5,,-1.85222,1.35241,2.29342,3.0
7349,2007-01-06,,,,2007,1,6,,-1.86666,0.83375,2.0444,3.0
7350,2007-01-07,,,,2007,1,7,,-1.85382,0.39234,1.89488,3.0
7351,2007-01-08,,,,2007,1,8,,-1.84439,0.0385,1.84479,3.0
7352,2007-01-09,,,,2007,1,9,,-1.76033,-0.28532,1.7833,2.0
7353,2007-01-10,,,,2007,1,10,,-1.64698,-0.53764,1.73252,2.0
7354,2007-01-11,,,,2007,1,11,,-1.46881,-0.69126,1.62334,2.0
7355,2007-01-12,,,,2007,1,12,,-1.32655,-0.89644,1.60105,2.0
7356,2007-01-13,,,,2007,1,13,,-1.20805,-1.0403,1.59425,2.0
7357,2007-01-14,,,,2007,1,14,,-1.09322,-1.13871,1.57854,1.0
7358,2007-01-15,,,,2007,1,15,,-1.05892,-1.16352,1.57324,1.0
7359,2007-01-16,,,,2007,1,16,,-0.9873,-1.21582,1.5662,1.0
7360,2007-01-17,,,,2007,1,17,,-0.87173,-1.27947,1.54821,1.0
7361,2007-01-18,,,,2007,1,18,,-0.73378,-1.30603,1.49805,1.0
7362,2007-01-19,,,,2007,1,19,,-0.58838,-1.30308,1.42976,1.0
7363,2007-01-20,,,,2007,1,20,,-0.47751,-1.28382,1.36975,1.0
7364,2007-01-21,,,,2007,1,21,,-0.44329,-1.29542,1.36916,1.0
7365,2007-01-22,,,,2007,1,22,,-0.51634,-1.27661,1.37708,1.0
7366,2007-01-23,,,,2007,1,23,,-0.60582,-1.15694,1.30596,1.0
7367,2007-01-24,,,,2007,1,24,,-0.59375,-1.06637,1.22053,1.0
7368,2007-01-25,,,,2007,1,25,,-0.57307,-1.00832,1.15979,1.0
7369,2007-01-26,,,,2007,1,26,,-0.58012,-0.90801,1.07751,1.0
7370,2007-01-27,,,,2007,1,27,,-0.66922,-0.82073,1.05898,1.0
7371,2007-01-28,,,,2007,1,28,,-0.83026,-0.78956,1.14575,2.0
7372,2007-01-29,,,,2007,1,29,,-1.02278,-0.77749,1.28475,2.0
7373,2007-01-30,,,,2007,1,30,,-1.07038,-0.68306,1.26976,2.0
7374,2007-01-31,,,,2007,1,31,,-0.98538,-0.59743,1.15234,2.0
7375,2007-02-01,-0.38,-0.447,-1.307,2007,2,1,,-0.85956,-0.55681,1.02415,2.0
7376,2007-02-02,,,,2007,2,2,,-0.81654,-0.48215,0.94826,2.0
7377,2007-02-03,,,,2007,2,3,,-0.82971,-0.44182,0.94001,2.0
7378,2007-02-04,,,,2007,2,4,,-0.79183,-0.49932,0.93612,2.0
7379,2007-02-05,,,,2007,2,5,,-0.66233,-0.55658,0.86513,2.0
7380,2007-02-06,,,,2007,2,6,,-0.50601,-0.56661,0.75967,1.0
7381,2007-02-07,,,,2007,2,7,,-0.28611,-0.54468,0.61525,1.0
7382,2007-02-08,,,,2007,2,8,,-0.06352,-0.52355,0.52739,1.0
7383,2007-02-09,,,,2007,2,9,,0.07559,-0.58183,0.58672,8.0
7384,2007-02-10,,,,2007,2,10,,0.14996,-0.67937,0.69572,8.0
7385,2007-02-11,,,,2007,2,11,,0.33299,-0.72318,0.79616,8.0
7386,2007-02-12,,,,2007,2,12,,0.62159,-0.66629,0.91122,8.0
7387,2007-02-13,,,,2007,2,13,,0.88313,-0.50269,1.01618,7.0
7388,2007-02-14,,,,2007,2,14,,1.09113,-0.32392,1.13819,7.0
7389,2007-02-15,,,,2007,2,15,,1.22195,-0.18233,1.23547,7.0
7390,2007-02-16,,,,2007,2,16,,1.283,-0.04014,1.28362,7.0
7391,2007-02-17,,,,2007,2,17,,1.36484,0.09106,1.36788,6.0
7392,2007-02-18,,,,2007,2,18,,1.46631,0.30547,1.49779,6.0
7393,2007-02-19,,,,2007,2,19,,1.54453,0.47553,1.61608,6.0
7394,2007-02-20,,,,2007,2,20,,1.55153,0.65096,1.68256,6.0
7395,2007-02-21,,,,2007,2,21,,1.42319,0.90383,1.68594,6.0
7396,2007-02-22,,,,2007,2,22,,1.19405,1.15775,1.66317,6.0
7397,2007-02-23,,,,2007,2,23,,0.89441,1.41778,1.67633,5.0
7398,2007-02-24,,,,2007,2,24,,0.5523,1.6982,1.78575,5.0
7399,2007-02-25,,,,2007,2,25,,0.24879,1.91841,1.93447,5.0
7400,2007-02-26,,,,2007,2,26,,-0.02804,2.10575,2.10593,4.0
7401,2007-02-27,,,,2007,2,27,,-0.18869,2.18241,2.19055,4.0
7402,2007-02-28,,,,2007,2,28,,-0.25629,2.24427,2.25886,4.0
7403,2007-03-01,-0.3,-0.749,1.182,2007,3,1,,-0.1784,2.22622,2.23335,4.0
7404,2007-03-02,,,,2007,3,2,,-0.05703,2.1638,2.16455,4.0
7405,2007-03-03,,,,2007,3,3,,0.12341,2.0478,2.05152,5.0
7406,2007-03-04,,,,2007,3,4,,0.28807,1.80837,1.83117,5.0
7407,2007-03-05,,,,2007,3,5,,0.40119,1.5582,1.60902,5.0
7408,2007-03-06,,,,2007,3,6,,0.50673,1.27672,1.37361,5.0
7409,2007-03-07,,,,2007,3,7,,0.56424,1.02978,1.17423,5.0
7410,2007-03-08,,,,2007,3,8,,0.57625,0.82709,1.00804,5.0
7411,2007-03-09,,,,2007,3,9,,0.57555,0.66151,0.87684,5.0
7412,2007-03-10,,,,2007,3,10,,0.5322,0.49533,0.72704,6.0
7413,2007-03-11,,,,2007,3,11,,0.37824,0.34867,0.51443,6.0
7414,2007-03-12,,,,2007,3,12,,0.18522,0.19336,0.26776,5.0
7415,2007-03-13,,,,2007,3,13,,0.02782,0.16159,0.16397,5.0
7416,2007-03-14,,,,2007,3,14,,-0.07669,0.08708,0.11604,4.0
7417,2007-03-15,,,,2007,3,15,,-0.17726,0.02125,0.17853,3.0
7418,2007-03-16,,,,2007,3,16,,-0.34693,0.02793,0.34805,3.0
7419,2007-03-17,,,,2007,3,17,,-0.50482,0.06902,0.50952,3.0
7420,2007-03-18,,,,2007,3,18,,-0.68833,0.11058,0.69716,3.0
7421,2007-03-19,,,,2007,3,19,,-0.86557,0.18373,0.88485,3.0
7422,2007-03-20,,,,2007,3,20,,-0.99129,0.24142,1.02026,3.0
7423,2007-03-21,,,,2007,3,21,,-1.16333,0.39337,1.22804,3.0
7424,2007-03-22,,,,2007,3,22,,-1.29672,0.47167,1.37984,3.0
7425,2007-03-23,,,,2007,3,23,,-1.41255,0.52523,1.50704,3.0
7426,2007-03-24,,,,2007,3,24,,-1.49389,0.6015,1.61043,3.0
7427,2007-03-25,,,,2007,3,25,,-1.43377,0.53158,1.52914,3.0
7428,2007-03-26,,,,2007,3,26,,-1.35767,0.38799,1.41202,3.0
7429,2007-03-27,,,,2007,3,27,,-1.25481,0.25328,1.28012,3.0
7430,2007-03-28,,,,2007,3,28,,-1.09497,0.05174,1.09619,3.0
7431,2007-03-29,,,,2007,3,29,,-0.96549,-0.1406,0.97567,2.0
7432,2007-03-30,,,,2007,3,30,,-0.85753,-0.38274,0.93907,2.0
7433,2007-03-31,,,,2007,3,31,,-0.73051,-0.57081,0.92707,2.0
7434,2007-04-01,-0.35,-0.278,0.544,2007,4,1,,-0.55404,-0.65235,0.85587,1.0
7435,2007-04-02,,,,2007,4,2,,-0.33556,-0.79566,0.86352,1.0
7436,2007-04-03,,,,2007,4,3,,-0.16538,-0.93758,0.95205,1.0
7437,2007-04-04,,,,2007,4,4,,-0.04044,-1.07511,1.07587,1.0
7438,2007-04-05,,,,2007,4,5,,0.04896,-1.09666,1.09775,8.0
7439,2007-04-06,,,,2007,4,6,,0.15259,-0.96144,0.97348,8.0
7440,2007-04-07,,,,2007,4,7,,0.29562,-0.74912,0.80534,8.0
7441,2007-04-08,,,,2007,4,8,,0.41182,-0.52384,0.66633,8.0
7442,2007-04-09,,,,2007,4,9,,0.42961,-0.36046,0.5608,7.0
7443,2007-04-10,,,,2007,4,10,,0.39126,-0.31285,0.50096,7.0
7444,2007-04-11,,,,2007,4,11,,0.22761,-0.2628,0.34766,8.0
7445,2007-04-12,,,,2007,4,12,,0.0821,-0.24275,0.25625,8.0
7446,2007-04-13,,,,2007,4,13,,0.03626,-0.19261,0.19599,8.0
7447,2007-04-14,,,,2007,4,14,,0.04206,-0.20726,0.21148,8.0
7448,2007-04-15,,,,2007,4,15,,-0.02887,-0.23692,0.23867,1.0
7449,2007-04-16,,,,2007,4,16,,-0.18231,-0.3296,0.37666,1.0
7450,2007-04-17,,,,2007,4,17,,-0.30337,-0.42061,0.5186,1.0
7451,2007-04-18,,,,2007,4,18,,-0.30278,-0.47263,0.5613,1.0
7452,2007-04-19,,,,2007,4,19,,-0.24626,-0.51739,0.57301,1.0
7453,2007-04-20,,,,2007,4,20,,-0.13909,-0.52056,0.53882,1.0
7454,2007-04-21,,,,2007,4,21,,-0.08876,-0.48204,0.49014,1.0
7455,2007-04-22,,,,2007,4,22,,-0.03725,-0.412,0.41368,1.0
7456,2007-04-23,,,,2007,4,23,,0.05671,-0.35701,0.36149,8.0
7457,2007-04-24,,,,2007,4,24,,0.23126,-0.29974,0.37858,8.0
7458,2007-04-25,,,,2007,4,25,,0.47489,-0.22705,0.52638,7.0
7459,2007-04-26,,,,2007,4,26,,0.67752,-0.15606,0.69526,7.0
7460,2007-04-27,,,,2007,4,27,,0.76123,-0.04629,0.76264,7.0
7461,2007-04-28,,,,2007,4,28,,0.75146,0.1309,0.76278,6.0
7462,2007-04-29,,,,2007,4,29,,0.77841,0.34772,0.85255,6.0
7463,2007-04-30,,,,2007,4,30,,0.7874,0.51269,0.9396,6.0
7464,2007-05-01,-0.3,-0.214,0.894,2007,5,1,,0.69088,0.58848,0.90754,6.0
7465,2007-05-02,,,,2007,5,2,,0.52311,0.59544,0.79259,5.0
7466,2007-05-03,,,,2007,5,3,,0.26461,0.58772,0.64454,5.0
7467,2007-05-04,,,,2007,5,4,,0.03715,0.67088,0.67191,5.0
7468,2007-05-05,,,,2007,5,5,,-0.0876,0.76244,0.76746,4.0
7469,2007-05-06,,,,2007,5,6,,-0.16155,0.79016,0.8065,4.0
7470,2007-05-07,,,,2007,5,7,,-0.19353,0.7045,0.7306,4.0
7471,2007-05-08,,,,2007,5,8,,-0.30751,0.56565,0.64383,4.0
7472,2007-05-09,,,,2007,5,9,,-0.3797,0.44654,0.58615,4.0
7473,2007-05-10,,,,2007,5,10,,-0.38876,0.35085,0.52367,3.0
7474,2007-05-11,,,,2007,5,11,,-0.35311,0.29549,0.46044,3.0
7475,2007-05-12,,,,2007,5,12,,-0.29906,0.18451,0.3514,3.0
7476,2007-05-13,,,,2007,5,13,,-0.29074,0.01743,0.29126,3.0
7477,2007-05-14,,,,2007,5,14,,-0.33918,-0.18511,0.38641,2.0
7478,2007-05-15,,,,2007,5,15,,-0.4457,-0.36802,0.578,2.0
7479,2007-05-16,,,,2007,5,16,,-0.56474,-0.5402,0.78151,2.0
7480,2007-05-17,,,,2007,5,17,,-0.62136,-0.72847,0.95748,1.0
7481,2007-05-18,,,,2007,5,18,,-0.63371,-0.90428,1.10423,1.0
7482,2007-05-19,,,,2007,5,19,,-0.63367,-1.07237,1.2456,1.0
7483,2007-05-20,,,,2007,5,20,,-0.66015,-1.21689,1.38442,1.0
7484,2007-05-21,,,,2007,5,21,,-0.5917,-1.34988,1.47387,1.0
7485,2007-05-22,,,,2007,5,22,,-0.45553,-1.44975,1.51964,1.0
7486,2007-05-23,,,,2007,5,23,,-0.29445,-1.46422,1.49353,1.0
7487,2007-05-24,,,,2007,5,24,,-0.06464,-1.40036,1.40185,1.0
7488,2007-05-25,,,,2007,5,25,,0.18655,-1.2654,1.27908,8.0
7489,2007-05-26,,,,2007,5,26,,0.36352,-1.14034,1.19688,8.0
7490,2007-05-27,,,,2007,5,27,,0.48733,-1.01117,1.12248,8.0
7491,2007-05-28,,,,2007,5,28,,0.63115,-0.88855,1.08989,8.0
7492,2007-05-29,,,,2007,5,29,,0.84686,-0.83759,1.19111,7.0
7493,2007-05-30,,,,2007,5,30,,0.9525,-0.77056,1.22516,7.0
7494,2007-05-31,,,,2007,5,31,,0.96049,-0.70867,1.19363,7.0
7495,2007-06-01,0.14,-0.067,-0.555,2007,6,1,,0.93193,-0.69302,1.16136,7.0
7496,2007-06-02,,,,2007,6,2,,0.98928,-0.7368,1.23351,7.0
7497,2007-06-03,,,,2007,6,3,,1.04403,-0.70895,1.26198,7.0
7498,2007-06-04,,,,2007,6,4,,1.1861,-0.64173,1.34857,7.0
7499,2007-06-05,,,,2007,6,5,,1.36766,-0.62158,1.50229,7.0
7500,2007-06-06,,,,2007,6,6,,1.48606,-0.59788,1.60183,7.0
7501,2007-06-07,,,,2007,6,7,,1.54028,-0.45643,1.60648,7.0
7502,2007-06-08,,,,2007,6,8,,1.609,-0.25019,1.62833,7.0
7503,2007-06-09,,,,2007,6,9,,1.7689,-0.07523,1.7705,7.0
7504,2007-06-10,,,,2007,6,10,,1.93474,0.08971,1.93682,6.0
7505,2007-06-11,,,,2007,6,11,,2.0255,0.29765,2.04725,6.0
7506,2007-06-12,,,,2007,6,12,,2.05109,0.45748,2.10149,6.0
7507,2007-06-13,,,,2007,6,13,,2.05163,0.6154,2.14194,6.0
7508,2007-06-14,,,,2007,6,14,,2.01505,0.88271,2.19991,6.0
7509,2007-06-15,,,,2007,6,15,,1.94812,1.17392,2.27447,6.0
7510,2007-06-16,,,,2007,6,16,,1.88523,1.3747,2.33322,6.0
7511,2007-06-17,,,,2007,6,17,,1.73764,1.50716,2.3002,6.0
7512,2007-06-18,,,,2007,6,18,,1.44455,1.63289,2.18015,5.0
7513,2007-06-19,,,,2007,6,19,,1.02717,1.73466,2.01596,5.0
7514,2007-06-20,,,,2007,6,20,,0.54333,1.78267,1.86363,5.0
7515,2007-06-21,,,,2007,6,21,,0.16792,1.82303,1.83074,5.0
7516,2007-06-22,,,,2007,6,22,,-0.14601,1.83074,1.83656,4.0
7517,2007-06-23,,,,2007,6,23,,-0.42145,1.72494,1.77568,4.0
7518,2007-06-24,,,,2007,6,24,,-0.59923,1.60197,1.71037,4.0
7519,2007-06-25,,,,2007,6,25,,-0.84044,1.56122,1.77306,4.0
7520,2007-06-26,,,,2007,6,26,,-1.0816,1.50187,1.8508,4.0
7521,2007-06-27,,,,2007,6,27,,-1.23233,1.36727,1.84067,4.0
7522,2007-06-28,,,,2007,6,28,,-1.23986,1.24447,1.75668,4.0
7523,2007-06-29,,,,2007,6,29,,-1.19163,1.12345,1.63772,3.0
7524,2007-06-30,,,,2007,6,30,,-1.17679,0.97009,1.52509,3.0
7525,2007-07-01,-0.44,0.77,-0.397,2007,7,1,,-1.16656,0.75822,1.39132,3.0
7526,2007-07-02,,,,2007,7,2,,-1.19442,0.63837,1.35431,3.0
7527,2007-07-03,,,,2007,7,3,,-1.2366,0.53468,1.34724,3.0
7528,2007-07-04,,,,2007,7,4,,-1.17558,0.29236,1.21139,3.0
7529,2007-07-05,,,,2007,7,5,,-1.13661,0.09721,1.14076,3.0
7530,2007-07-06,,,,2007,7,6,,-1.18658,-0.01324,1.18666,2.0
7531,2007-07-07,,,,2007,7,7,,-1.2143,-0.16079,1.2249,2.0
7532,2007-07-08,,,,2007,7,8,,-1.18643,-0.24152,1.21077,2.0
7533,2007-07-09,,,,2007,7,9,,-1.0505,-0.29588,1.09137,2.0
7534,2007-07-10,,,,2007,7,10,,-0.96256,-0.34074,1.02109,2.0
7535,2007-07-11,,,,2007,7,11,,-0.75709,-0.42926,0.87032,2.0
7536,2007-07-12,,,,2007,7,12,,-0.46531,-0.57245,0.73771,1.0
7537,2007-07-13,,,,2007,7,13,,-0.14917,-0.66747,0.68394,1.0
7538,2007-07-14,,,,2007,7,14,,0.28243,-0.86197,0.90706,8.0
7539,2007-07-15,,,,2007,7,15,,0.74734,-1.06511,1.30115,8.0
7540,2007-07-16,,,,2007,7,16,,1.18611,-1.13999,1.64513,7.0
7541,2007-07-17,,,,2007,7,17,,1.59591,-1.22155,2.00975,7.0
7542,2007-07-18,,,,2007,7,18,,1.91579,-1.27925,2.30364,7.0
7543,2007-07-19,,,,2007,7,19,,2.16589,-1.23789,2.49469,7.0
7544,2007-07-20,,,,2007,7,20,,2.29607,-1.11745,2.55355,7.0
7545,2007-07-21,,,,2007,7,21,,2.29056,-0.92105,2.4688,7.0
7546,2007-07-22,,,,2007,7,22,,2.16067,-0.62008,2.24789,7.0
7547,2007-07-23,,,,2007,7,23,,1.93185,-0.21537,1.94382,7.0
7548,2007-07-24,,,,2007,7,24,,1.69692,0.12852,1.70178,6.0
7549,2007-07-25,,,,2007,7,25,,1.44129,0.37196,1.48851,6.0
7550,2007-07-26,,,,2007,7,26,,1.08423,0.58585,1.23239,6.0
7551,2007-07-27,,,,2007,7,27,,0.62996,0.77427,0.99817,5.0
7552,2007-07-28,,,,2007,7,28,,0.22037,0.95415,0.97927,5.0
7553,2007-07-29,,,,2007,7,29,,-0.14731,1.05093,1.06121,4.0
7554,2007-07-30,,,,2007,7,30,,-0.51998,1.01793,1.14305,4.0
7555,2007-07-31,,,,2007,7,31,,-0.82751,0.89701,1.22041,4.0
7556,2007-08-01,0.01,0.203,-0.034,2007,8,1,,-1.06853,0.77052,1.31736,3.0
7557,2007-08-02,,,,2007,8,2,,-1.29298,0.54929,1.40482,3.0
7558,2007-08-03,,,,2007,8,3,,-1.50609,0.29963,1.53561,3.0
7559,2007-08-04,,,,2007,8,4,,-1.58524,0.00717,1.58525,3.0
7560,2007-08-05,,,,2007,8,5,,-1.50762,-0.21868,1.5234,2.0
7561,2007-08-06,,,,2007,8,6,,-1.31743,-0.49574,1.40762,2.0
7562,2007-08-07,,,,2007,8,7,,-1.13181,-0.77032,1.36909,2.0
7563,2007-08-08,,,,2007,8,8,,-0.85255,-0.91073,1.24751,1.0
7564,2007-08-09,,,,2007,8,9,,-0.59436,-1.0666,1.22103,1.0
7565,2007-08-10,,,,2007,8,10,,-0.42497,-1.22264,1.29439,1.0
7566,2007-08-11,,,,2007,8,11,,-0.2834,-1.23991,1.27189,1.0
7567,2007-08-12,,,,2007,8,12,,-0.15864,-1.17927,1.1899,1.0
7568,2007-08-13,,,,2007,8,13,,-0.04036,-1.08152,1.08227,1.0
7569,2007-08-14,,,,2007,8,14,,0.02814,-1.00274,1.00313,8.0
7570,2007-08-15,,,,2007,8,15,,0.07935,-0.88583,0.88937,8.0
7571,2007-08-16,,,,2007,8,16,,0.19245,-0.66528,0.69255,8.0
7572,2007-08-17,,,,2007,8,17,,0.15545,-0.44215,0.46868,8.0
7573,2007-08-18,,,,2007,8,18,,0.12054,-0.23281,0.26217,8.0
7574,2007-08-19,,,,2007,8,19,,0.2189,-0.04687,0.22387,7.0
7575,2007-08-20,,,,2007,8,20,,0.31645,0.09012,0.32903,6.0
7576,2007-08-21,,,,2007,8,21,,0.39627,0.15479,0.42543,6.0
7577,2007-08-22,,,,2007,8,22,,0.39674,0.20835,0.44812,6.0
7578,2007-08-23,,,,2007,8,23,,0.4118,0.2283,0.47085,6.0
7579,2007-08-24,,,,2007,8,24,,0.40419,0.2331,0.46659,6.0
7580,2007-08-25,,,,2007,8,25,,0.33466,0.17708,0.37862,6.0
7581,2007-08-26,,,,2007,8,26,,0.40822,0.12022,0.42556,6.0
7582,2007-08-27,,,,2007,8,27,,0.57066,0.09479,0.57848,6.0
7583,2007-08-28,,,,2007,8,28,,0.72896,0.03072,0.72961,6.0
7584,2007-08-29,,,,2007,8,29,,0.85637,0.01009,0.85643,6.0
7585,2007-08-30,,,,2007,8,30,,0.97645,-0.02817,0.97686,7.0
7586,2007-08-31,,,,2007,8,31,,1.15567,-0.03632,1.15624,7.0
7587,2007-09-01,0.12,-0.596,0.179,2007,9,1,,1.23167,-0.03787,1.23225,7.0
7588,2007-09-02,,,,2007,9,2,,1.22463,-0.01172,1.22469,7.0
7589,2007-09-03,,,,2007,9,3,,1.24844,-0.01037,1.24848,7.0
7590,2007-09-04,,,,2007,9,4,,1.18411,0.01875,1.18426,6.0
7591,2007-09-05,,,,2007,9,5,,0.95542,0.06874,0.95789,6.0
7592,2007-09-06,,,,2007,9,6,,0.64918,0.12605,0.6613,6.0
7593,2007-09-07,,,,2007,9,7,,0.35636,0.15455,0.38843,6.0
7594,2007-09-08,,,,2007,9,8,,0.10143,0.25564,0.27503,5.0
7595,2007-09-09,,,,2007,9,9,,-0.10711,0.33065,0.34757,4.0
7596,2007-09-10,,,,2007,9,10,,-0.29034,0.44832,0.53413,4.0
7597,2007-09-11,,,,2007,9,11,,-0.48626,0.52265,0.71387,4.0
7598,2007-09-12,,,,2007,9,12,,-0.78729,0.60519,0.99301,3.0
7599,2007-09-13,,,,2007,9,13,,-1.05042,0.65726,1.23911,3.0
7600,2007-09-14,,,,2007,9,14,,-1.16716,0.72268,1.37278,3.0
7601,2007-09-15,,,,2007,9,15,,-1.29864,0.73941,1.49438,3.0
7602,2007-09-16,,,,2007,9,16,,-1.36595,0.74338,1.55513,3.0
7603,2007-09-17,,,,2007,9,17,,-1.44943,0.69305,1.6066,3.0
7604,2007-09-18,,,,2007,9,18,,-1.60681,0.61557,1.72069,3.0
7605,2007-09-19,,,,2007,9,19,,-1.67354,0.477,1.74019,3.0
7606,2007-09-20,,,,2007,9,20,,-1.64984,0.32198,1.68096,3.0
7607,2007-09-21,,,,2007,9,21,,-1.60327,0.25968,1.62416,3.0
7608,2007-09-22,,,,2007,9,22,,-1.61645,0.1945,1.62811,3.0
7609,2007-09-23,,,,2007,9,23,,-1.69527,0.09145,1.69773,3.0
7610,2007-09-24,,,,2007,9,24,,-1.66401,0.00553,1.66402,3.0
7611,2007-09-25,,,,2007,9,25,,-1.62607,-0.07009,1.62758,2.0
7612,2007-09-26,,,,2007,9,26,,-1.56252,-0.13782,1.56858,2.0
7613,2007-09-27,,,,2007,9,27,,-1.52735,-0.17918,1.53783,2.0
7614,2007-09-28,,,,2007,9,28,,-1.50855,-0.26839,1.53224,2.0
7615,2007-09-29,,,,2007,9,29,,-1.38085,-0.3378,1.42157,2.0
7616,2007-09-30,,,,2007,9,30,,-1.11269,-0.49695,1.21862,2.0
7617,2007-10-01,0.44,-1.987,0.383,2007,10,1,,-0.84741,-0.6319,1.05707,2.0
7618,2007-10-02,,,,2007,10,2,,-0.54242,-0.66944,0.86161,1.0
7619,2007-10-03,,,,2007,10,3,,-0.24884,-0.62442,0.67218,1.0
7620,2007-10-04,,,,2007,10,4,,0.05697,-0.6226,0.6252,8.0
7621,2007-10-05,,,,2007,10,5,,0.24474,-0.68115,0.72378,8.0
7622,2007-10-06,,,,2007,10,6,,0.39472,-0.7413,0.83984,8.0
7623,2007-10-07,,,,2007,10,7,,0.55055,-0.71177,0.89985,8.0
7624,2007-10-08,,,,2007,10,8,,0.59786,-0.60017,0.84714,8.0
7625,2007-10-09,,,,2007,10,9,,0.55337,-0.45099,0.71386,7.0
7626,2007-10-10,,,,2007,10,10,,0.54824,-0.3115,0.63056,7.0
7627,2007-10-11,,,,2007,10,11,,0.57993,-0.29092,0.64881,7.0
7628,2007-10-12,,,,2007,10,12,,0.62802,-0.32857,0.70878,7.0
7629,2007-10-13,,,,2007,10,13,,0.64567,-0.35328,0.736,7.0
7630,2007-10-14,,,,2007,10,14,,0.67033,-0.29897,0.73398,7.0
7631,2007-10-15,,,,2007,10,15,,0.77033,-0.12637,0.78063,7.0
7632,2007-10-16,,,,2007,10,16,,0.80337,0.06033,0.80563,6.0
7633,2007-10-17,,,,2007,10,17,,0.81183,0.18977,0.83372,6.0
7634,2007-10-18,,,,2007,10,18,,0.81227,0.31683,0.87187,6.0
7635,2007-10-19,,,,2007,10,19,,0.78712,0.39629,0.88126,6.0
7636,2007-10-20,,,,2007,10,20,,0.71573,0.51809,0.88357,6.0
7637,2007-10-21,,,,2007,10,21,,0.62127,0.66203,0.90789,5.0
7638,2007-10-22,,,,2007,10,22,,0.52644,0.81377,0.96921,5.0
7639,2007-10-23,,,,2007,10,23,,0.47465,0.94677,1.05909,5.0
7640,2007-10-24,,,,2007,10,24,,0.37988,1.0467,1.1135,5.0
7641,2007-10-25,,,,2007,10,25,,0.3969,1.06283,1.13452,5.0
7642,2007-10-26,,,,2007,10,26,,0.41504,1.04122,1.12089,5.0
7643,2007-10-27,,,,2007,10,27,,0.41585,0.97581,1.06072,5.0
7644,2007-10-28,,,,2007,10,28,,0.36999,0.91386,0.98591,5.0
7645,2007-10-29,,,,2007,10,29,,0.27925,0.80169,0.84893,5.0
7646,2007-10-30,,,,2007,10,30,,0.11469,0.68204,0.69162,5.0
7647,2007-10-31,,,,2007,10,31,,-0.08863,0.50044,0.50823,4.0
7648,2007-11-01,0.82,-1.552,-0.519,2007,11,1,,-0.2867,0.36657,0.46537,4.0
7649,2007-11-02,,,,2007,11,2,,-0.38136,0.27456,0.46991,3.0
7650,2007-11-03,,,,2007,11,3,,-0.47662,0.22237,0.52594,3.0
7651,2007-11-04,,,,2007,11,4,,-0.51728,0.18874,0.55064,3.0
7652,2007-11-05,,,,2007,11,5,,-0.60852,0.17451,0.63305,3.0
7653,2007-11-06,,,,2007,11,6,,-0.67831,0.16699,0.69856,3.0
7654,2007-11-07,,,,2007,11,7,,-0.79174,0.17582,0.81103,3.0
7655,2007-11-08,,,,2007,11,8,,-0.931,0.18324,0.94886,3.0
7656,2007-11-09,,,,2007,11,9,,-1.04484,0.19231,1.06239,3.0
7657,2007-11-10,,,,2007,11,10,,-1.13749,0.15862,1.1485,3.0
7658,2007-11-11,,,,2007,11,11,,-1.34303,0.11807,1.34821,3.0
7659,2007-11-12,,,,2007,11,12,,-1.57196,0.14396,1.57854,3.0
7660,2007-11-13,,,,2007,11,13,,-1.74885,0.21497,1.76201,3.0
7661,2007-11-14,,,,2007,11,14,,-1.83125,0.24875,1.84807,3.0
7662,2007-11-15,,,,2007,11,15,,-1.88746,0.30783,1.9124,3.0
7663,2007-11-16,,,,2007,11,16,,-1.87369,0.2996,1.89749,3.0
7664,2007-11-17,,,,2007,11,17,,-1.85808,0.20844,1.86973,3.0
7665,2007-11-18,,,,2007,11,18,,-1.87382,0.11465,1.87732,3.0
7666,2007-11-19,,,,2007,11,19,,-1.87817,-0.14051,1.88342,2.0
7667,2007-11-20,,,,2007,11,20,,-1.7619,-0.54454,1.84413,2.0
7668,2007-11-21,,,,2007,11,21,,-1.50719,-0.9963,1.80672,2.0
7669,2007-11-22,,,,2007,11,22,,-1.27983,-1.28272,1.812,1.0
7670,2007-11-23,,,,2007,11,23,,-1.08148,-1.49502,1.84518,1.0
7671,2007-11-24,,,,2007,11,24,,-0.88131,-1.6749,1.89262,1.0
7672,2007-11-25,,,,2007,11,25,,-0.65253,-1.84943,1.96117,1.0
7673,2007-11-26,,,,2007,11,26,,-0.41505,-1.92662,1.97082,1.0
7674,2007-11-27,,,,2007,11,27,,-0.11624,-1.99361,1.997,1.0
7675,2007-11-28,,,,2007,11,28,,0.17398,-2.05567,2.06302,8.0
7676,2007-11-29,,,,2007,11,29,,0.43937,-2.07632,2.1223,8.0
7677,2007-11-30,,,,2007,11,30,,0.65948,-2.03476,2.13896,8.0
7678,2007-12-01,1.49,-1.032,0.821,2007,12,1,,0.86232,-2.04942,2.22345,8.0
7679,2007-12-02,,,,2007,12,2,,1.04737,-1.98778,2.24683,8.0
7680,2007-12-03,,,,2007,12,3,,1.26155,-1.91003,2.28904,8.0
7681,2007-12-04,,,,2007,12,4,,1.52546,-1.72114,2.29986,8.0
7682,2007-12-05,,,,2007,12,5,,1.83518,-1.48417,2.36022,7.0
7683,2007-12-06,,,,2007,12,6,,2.13533,-1.26525,2.48203,7.0
7684,2007-12-07,,,,2007,12,7,,2.38312,-0.99321,2.5818,7.0
7685,2007-12-08,,,,2007,12,8,,2.63683,-0.75695,2.74333,7.0
7686,2007-12-09,,,,2007,12,9,,2.80821,-0.54009,2.85968,7.0
7687,2007-12-10,,,,2007,12,10,,3.00404,-0.28409,3.01744,7.0
7688,2007-12-11,,,,2007,12,11,,3.16926,0.02928,3.16939,6.0
7689,2007-12-12,,,,2007,12,12,,3.16807,0.33577,3.18582,6.0
7690,2007-12-13,,,,2007,12,13,,3.01751,0.62446,3.08145,6.0
7691,2007-12-14,,,,2007,12,14,,2.7569,0.83048,2.87927,6.0
7692,2007-12-15,,,,2007,12,15,,2.31115,1.02514,2.5283,6.0
7693,2007-12-16,,,,2007,12,16,,1.88171,1.20979,2.23706,6.0
7694,2007-12-17,,,,2007,12,17,,1.38422,1.42951,1.98987,5.0
7695,2007-12-18,,,,2007,12,18,,0.96939,1.64118,1.90609,5.0
7696,2007-12-19,,,,2007,12,19,,0.55049,1.78881,1.8716,5.0
7697,2007-12-20,,,,2007,12,20,,0.20205,1.89608,1.90681,5.0
7698,2007-12-21,,,,2007,12,21,,-0.01749,1.9958,1.99588,4.0
7699,2007-12-22,,,,2007,12,22,,-0.23272,2.08423,2.09718,4.0
7700,2007-12-23,,,,2007,12,23,,-0.41005,2.17022,2.20862,4.0
7701,2007-12-24,,,,2007,12,24,,-0.46129,2.23494,2.28204,4.0
7702,2007-12-25,,,,2007,12,25,,-0.51016,2.26243,2.31923,4.0
7703,2007-12-26,,,,2007,12,26,,-0.53589,2.2067,2.27084,4.0
7704,2007-12-27,,,,2007,12,27,,-0.66488,2.11891,2.22078,4.0
7705,2007-12-28,,,,2007,12,28,,-0.83622,2.06389,2.22686,4.0
7706,2007-12-29,,,,2007,12,29,,-1.10666,1.99235,2.27907,4.0
7707,2007-12-30,,,,2007,12,30,,-1.43864,1.94624,2.42024,4.0
7708,2007-12-31,,,,2007,12,31,,-1.66524,1.84624,2.48629,4.0
7709,2008-01-01,1.54,-1.515,0.819,2008,1,1,,-1.94368,1.57625,2.50249,3.0
7710,2008-01-02,,,,2008,1,2,,-2.17657,1.24316,2.50657,3.0
7711,2008-01-03,,,,2008,1,3,,-2.40847,0.90258,2.57204,3.0
7712,2008-01-04,,,,2008,1,4,,-2.61875,0.59099,2.68461,3.0
7713,2008-01-05,,,,2008,1,5,,-2.73294,0.22187,2.74193,3.0
7714,2008-01-06,,,,2008,1,6,,-2.78775,-0.24864,2.79882,2.0
7715,2008-01-07,,,,2008,1,7,,-2.71986,-0.79311,2.83314,2.0
7716,2008-01-08,,,,2008,1,8,,-2.62804,-1.28806,2.92672,2.0
7717,2008-01-09,,,,2008,1,9,,-2.49708,-1.63271,2.98348,2.0
7718,2008-01-10,,,,2008,1,10,,-2.33932,-1.80901,2.95718,2.0
7719,2008-01-11,,,,2008,1,11,,-2.2489,-1.87061,2.92519,2.0
7720,2008-01-12,,,,2008,1,12,,-2.12878,-1.93129,2.8743,2.0
7721,2008-01-13,,,,2008,1,13,,-1.99768,-2.03828,2.854,1.0
7722,2008-01-14,,,,2008,1,14,,-1.83225,-2.11356,2.79719,1.0
7723,2008-01-15,,,,2008,1,15,,-1.71317,-2.14556,2.74561,1.0
7724,2008-01-16,,,,2008,1,16,,-1.60271,-2.20434,2.7254,1.0
7725,2008-01-17,,,,2008,1,17,,-1.40604,-2.29011,2.68729,1.0
7726,2008-01-18,,,,2008,1,18,,-1.11509,-2.36604,2.61564,1.0
7727,2008-01-19,,,,2008,1,19,,-0.80546,-2.42972,2.55974,1.0
7728,2008-01-20,,,,2008,1,20,,-0.42358,-2.50621,2.54175,1.0
7729,2008-01-21,,,,2008,1,21,,-0.02643,-2.57977,2.5799,1.0
7730,2008-01-22,,,,2008,1,22,,0.42565,-2.6181,2.65247,8.0
7731,2008-01-23,,,,2008,1,23,,0.86485,-2.52591,2.66987,8.0
7732,2008-01-24,,,,2008,1,24,,1.34815,-2.33989,2.70048,8.0
7733,2008-01-25,,,,2008,1,25,,1.85562,-2.08722,2.79282,8.0
7734,2008-01-26,,,,2008,1,26,,2.31448,-1.86095,2.96984,7.0
7735,2008-01-27,,,,2008,1,27,,2.62363,-1.60645,3.07638,7.0
7736,2008-01-28,,,,2008,1,28,,2.86062,-1.34695,3.16187,7.0
7737,2008-01-29,,,,2008,1,29,,3.02917,-1.02642,3.19834,7.0
7738,2008-01-30,,,,2008,1,30,,3.12522,-0.70819,3.20446,7.0
7739,2008-01-31,,,,2008,1,31,,3.1558,-0.35765,3.176,7.0
7740,2008-02-01,2.05,-1.364,0.938,2008,2,1,,3.08678,-0.00679,3.08679,7.0
7741,2008-02-02,,,,2008,2,2,,3.02096,0.38407,3.04528,6.0
7742,2008-02-03,,,,2008,2,3,,2.88297,0.86417,3.0097,6.0
7743,2008-02-04,,,,2008,2,4,,2.67548,1.38225,3.01144,6.0
7744,2008-02-05,,,,2008,2,5,,2.38397,1.88672,3.04023,6.0
7745,2008-02-06,,,,2008,2,6,,2.13721,2.29148,3.13345,5.0
7746,2008-02-07,,,,2008,2,7,,1.96092,2.55926,3.22413,5.0
7747,2008-02-08,,,,2008,2,8,,1.80033,2.78566,3.31679,5.0
7748,2008-02-09,,,,2008,2,9,,1.61708,2.94447,3.3593,5.0
7749,2008-02-10,,,,2008,2,10,,1.50535,3.05191,3.40297,5.0
7750,2008-02-11,,,,2008,2,11,,1.36185,3.0564,3.34607,5.0
7751,2008-02-12,,,,2008,2,12,,1.19755,2.97097,3.20325,5.0
7752,2008-02-13,,,,2008,2,13,,1.00391,2.86729,3.03796,5.0
7753,2008-02-14,,,,2008,2,14,,0.84496,2.67757,2.80773,5.0
7754,2008-02-15,,,,2008,2,15,,0.63894,2.53374,2.61306,5.0
7755,2008-02-16,,,,2008,2,16,,0.4239,2.4363,2.47291,5.0
7756,2008-02-17,,,,2008,2,17,,0.24313,2.34482,2.35739,5.0
7757,2008-02-18,,,,2008,2,18,,0.10353,2.20981,2.21223,5.0
7758,2008-02-19,,,,2008,2,19,,-0.07422,2.04583,2.04718,4.0
7759,2008-02-20,,,,2008,2,20,,-0.19832,1.84675,1.85737,4.0
7760,2008-02-21,,,,2008,2,21,,-0.22751,1.65646,1.67201,4.0
7761,2008-02-22,,,,2008,2,22,,-0.18871,1.44586,1.45812,4.0
7762,2008-02-23,,,,2008,2,23,,-0.20237,1.27238,1.28838,4.0
7763,2008-02-24,,,,2008,2,24,,-0.28906,1.05208,1.09107,4.0
7764,2008-02-25,,,,2008,2,25,,-0.34656,0.82687,0.89656,4.0
7765,2008-02-26,,,,2008,2,26,,-0.33472,0.6549,0.73548,4.0
7766,2008-02-27,,,,2008,2,27,,-0.22221,0.50737,0.5539,4.0
7767,2008-02-28,,,,2008,2,28,,-0.05459,0.32198,0.32658,4.0
7768,2008-02-29,,,,2008,2,29,,0.03022,0.14785,0.1509,5.0
7769,2008-03-01,1.04,-1.125,0.586,2008,3,1,,0.02242,-0.02425,0.03303,8.0
7770,2008-03-02,,,,2008,3,2,,-0.06114,-0.20125,0.21033,1.0
7771,2008-03-03,,,,2008,3,3,,-0.12068,-0.4336,0.45008,1.0
7772,2008-03-04,,,,2008,3,4,,-0.1657,-0.65863,0.67916,1.0
7773,2008-03-05,,,,2008,3,5,,-0.19861,-0.94545,0.96609,1.0
7774,2008-03-06,,,,2008,3,6,,-0.23544,-1.28414,1.30554,1.0
7775,2008-03-07,,,,2008,3,7,,-0.33111,-1.50872,1.54462,1.0
7776,2008-03-08,,,,2008,3,8,,-0.4297,-1.66448,1.71905,1.0
7777,2008-03-09,,,,2008,3,9,,-0.52291,-1.74557,1.82221,1.0
7778,2008-03-10,,,,2008,3,10,,-0.55307,-1.87748,1.95724,1.0
7779,2008-03-11,,,,2008,3,11,,-0.5287,-2.00444,2.07299,1.0
7780,2008-03-12,,,,2008,3,12,,-0.42033,-2.06969,2.11194,1.0
7781,2008-03-13,,,,2008,3,13,,-0.13038,-2.10163,2.10567,1.0
7782,2008-03-14,,,,2008,3,14,,0.2342,-1.9726,1.98645,8.0
7783,2008-03-15,,,,2008,3,15,,0.57902,-1.70517,1.80079,8.0
7784,2008-03-16,,,,2008,3,16,,0.83104,-1.41791,1.6435,8.0
7785,2008-03-17,,,,2008,3,17,,0.86158,-1.04186,1.35196,8.0
7786,2008-03-18,,,,2008,3,18,,0.81707,-0.70975,1.08228,7.0
7787,2008-03-19,,,,2008,3,19,,0.65569,-0.45888,0.80031,7.0
7788,2008-03-20,,,,2008,3,20,,0.46684,-0.22169,0.51681,7.0
7789,2008-03-21,,,,2008,3,21,,0.28969,-0.0031,0.28971,7.0
7790,2008-03-22,,,,2008,3,22,,0.01971,0.19619,0.19717,5.0
7791,2008-03-23,,,,2008,3,23,,-0.26906,0.35695,0.447,4.0
7792,2008-03-24,,,,2008,3,24,,-0.53791,0.50229,0.73597,3.0
7793,2008-03-25,,,,2008,3,25,,-0.72454,0.66579,0.98399,3.0
7794,2008-03-26,,,,2008,3,26,,-0.75271,0.75564,1.06657,4.0
7795,2008-03-27,,,,2008,3,27,,-0.79243,0.71236,1.06555,3.0
7796,2008-03-28,,,,2008,3,28,,-0.87278,0.67089,1.10084,3.0
7797,2008-03-29,,,,2008,3,29,,-1.05764,0.57544,1.20405,3.0
7798,2008-03-30,,,,2008,3,30,,-1.31179,0.48098,1.39719,3.0
7799,2008-03-31,,,,2008,3,31,,-1.55641,0.32681,1.59035,3.0
7800,2008-04-01,0.56,-1.656,-0.455,2008,4,1,,-1.73292,0.11925,1.73702,3.0
7801,2008-04-02,,,,2008,4,2,,-1.78394,-0.1344,1.78899,2.0
7802,2008-04-03,,,,2008,4,3,,-1.78051,-0.39971,1.82482,2.0
7803,2008-04-04,,,,2008,4,4,,-1.79148,-0.6821,1.91694,2.0
7804,2008-04-05,,,,2008,4,5,,-1.67915,-0.91118,1.91044,2.0
7805,2008-04-06,,,,2008,4,6,,-1.46051,-1.0194,1.78108,2.0
7806,2008-04-07,,,,2008,4,7,,-1.17839,-1.03445,1.56802,2.0
7807,2008-04-08,,,,2008,4,8,,-0.87648,-0.96714,1.30521,1.0
7808,2008-04-09,,,,2008,4,9,,-0.65106,-0.81753,1.0451,1.0
7809,2008-04-10,,,,2008,4,10,,-0.39773,-0.61639,0.73357,1.0
7810,2008-04-11,,,,2008,4,11,,-0.21418,-0.4106,0.4631,1.0
7811,2008-04-12,,,,2008,4,12,,-0.07458,-0.21179,0.22454,1.0
7812,2008-04-13,,,,2008,4,13,,0.09008,-0.05202,0.10403,7.0
7813,2008-04-14,,,,2008,4,14,,0.27725,0.08591,0.29025,6.0
7814,2008-04-15,,,,2008,4,15,,0.47336,0.16186,0.50027,6.0
7815,2008-04-16,,,,2008,4,16,,0.56183,0.24538,0.61308,6.0
7816,2008-04-17,,,,2008,4,17,,0.65403,0.35265,0.74304,6.0
7817,2008-04-18,,,,2008,4,18,,0.80729,0.42763,0.91356,6.0
7818,2008-04-19,,,,2008,4,19,,0.89456,0.52938,1.03946,6.0
7819,2008-04-20,,,,2008,4,20,,0.91128,0.62747,1.10641,6.0
7820,2008-04-21,,,,2008,4,21,,0.75813,0.63474,0.98877,6.0
7821,2008-04-22,,,,2008,4,22,,0.50681,0.62048,0.80116,5.0
7822,2008-04-23,,,,2008,4,23,,0.24555,0.5873,0.63657,5.0
7823,2008-04-24,,,,2008,4,24,,0.04812,0.52607,0.52827,5.0
7824,2008-04-25,,,,2008,4,25,,-0.07232,0.42148,0.42764,4.0
7825,2008-04-26,,,,2008,4,26,,-0.23382,0.30615,0.38522,4.0
7826,2008-04-27,,,,2008,4,27,,-0.4075,0.20314,0.45532,3.0
7827,2008-04-28,,,,2008,4,28,,-0.58346,0.06889,0.58751,3.0
7828,2008-04-29,,,,2008,4,29,,-0.75636,-0.06539,0.75918,2.0
7829,2008-04-30,,,,2008,4,30,,-0.86133,-0.14254,0.87305,2.0
7830,2008-05-01,-0.25,-1.513,-1.205,2008,5,1,,-0.87976,-0.16055,0.89429,2.0
7831,2008-05-02,,,,2008,5,2,,-0.92086,-0.13048,0.93006,2.0
7832,2008-05-03,,,,2008,5,3,,-0.98766,-0.10053,0.99277,2.0
7833,2008-05-04,,,,2008,5,4,,-0.98684,-0.0541,0.98833,2.0
7834,2008-05-05,,,,2008,5,5,,-0.98726,0.00526,0.98728,3.0
7835,2008-05-06,,,,2008,5,6,,-1.02674,0.12516,1.03434,3.0
7836,2008-05-07,,,,2008,5,7,,-1.07869,0.24203,1.10551,3.0
7837,2008-05-08,,,,2008,5,8,,-1.11277,0.3802,1.17593,3.0
7838,2008-05-09,,,,2008,5,9,,-1.09135,0.48287,1.1934,3.0
7839,2008-05-10,,,,2008,5,10,,-1.1166,0.51294,1.22878,3.0
7840,2008-05-11,,,,2008,5,11,,-1.15344,0.45013,1.23816,3.0
7841,2008-05-12,,,,2008,5,12,,-1.27333,0.30047,1.30831,3.0
7842,2008-05-13,,,,2008,5,13,,-1.47818,0.06089,1.47943,3.0
7843,2008-05-14,,,,2008,5,14,,-1.57405,-0.2827,1.59924,2.0
7844,2008-05-15,,,,2008,5,15,,-1.55487,-0.69197,1.7019,2.0
7845,2008-05-16,,,,2008,5,16,,-1.50514,-1.05521,1.83818,2.0
7846,2008-05-17,,,,2008,5,17,,-1.41755,-1.45473,2.03118,1.0
7847,2008-05-18,,,,2008,5,18,,-1.24072,-1.81851,2.20144,1.0
7848,2008-05-19,,,,2008,5,19,,-0.99851,-2.03447,2.2663,1.0
7849,2008-05-20,,,,2008,5,20,,-0.78797,-2.17629,2.31455,1.0
7850,2008-05-21,,,,2008,5,21,,-0.51509,-2.24184,2.30026,1.0
7851,2008-05-22,,,,2008,5,22,,-0.1974,-2.23062,2.23934,1.0
7852,2008-05-23,,,,2008,5,23,,0.10743,-2.19318,2.19581,8.0
7853,2008-05-24,,,,2008,5,24,,0.37544,-2.16185,2.19421,8.0
7854,2008-05-25,,,,2008,5,25,,0.70566,-2.14286,2.25606,8.0
7855,2008-05-26,,,,2008,5,26,,1.0066,-2.06879,2.30068,8.0
7856,2008-05-27,,,,2008,5,27,,1.22423,-1.93313,2.28818,8.0
7857,2008-05-28,,,,2008,5,28,,1.40111,-1.7646,2.2532,8.0
7858,2008-05-29,,,,2008,5,29,,1.56588,-1.6235,2.2556,8.0
7859,2008-05-30,,,,2008,5,30,,1.73145,-1.41661,2.23712,7.0
7860,2008-05-31,,,,2008,5,31,,1.88687,-1.19327,2.23252,7.0
7861,2008-06-01,0.34,-1.68,-0.09,2008,6,1,,1.9757,-0.82349,2.14045,7.0
7862,2008-06-02,,,,2008,6,2,,1.99207,-0.3741,2.02689,7.0
7863,2008-06-03,,,,2008,6,3,,1.97683,0.04529,1.97734,6.0
7864,2008-06-04,,,,2008,6,4,,1.92881,0.37396,1.96473,6.0
7865,2008-06-05,,,,2008,6,5,,1.87459,0.60806,1.97074,6.0
7866,2008-06-06,,,,2008,6,6,,1.75691,0.74938,1.91005,6.0
7867,2008-06-07,,,,2008,6,7,,1.6157,0.95952,1.87914,6.0
7868,2008-06-08,,,,2008,6,8,,1.42393,1.11916,1.81111,6.0
7869,2008-06-09,,,,2008,6,9,,1.2331,1.24674,1.75354,5.0
7870,2008-06-10,,,,2008,6,10,,1.03968,1.24349,1.62087,5.0
7871,2008-06-11,,,,2008,6,11,,0.92296,1.11989,1.45121,5.0
7872,2008-06-12,,,,2008,6,12,,0.67667,0.94525,1.16249,5.0
7873,2008-06-13,,,,2008,6,13,,0.44338,0.80477,0.91883,5.0
7874,2008-06-14,,,,2008,6,14,,0.28334,0.706,0.76074,5.0
7875,2008-06-15,,,,2008,6,15,,0.1155,0.54662,0.55868,5.0
7876,2008-06-16,,,,2008,6,16,,-0.09326,0.36955,0.38114,4.0
7877,2008-06-17,,,,2008,6,17,,-0.28831,0.2469,0.37958,3.0
7878,2008-06-18,,,,2008,6,18,,-0.41604,0.14195,0.43959,3.0
7879,2008-06-19,,,,2008,6,19,,-0.53399,0.07582,0.53935,3.0
7880,2008-06-20,,,,2008,6,20,,-0.61221,0.03206,0.61305,3.0
7881,2008-06-21,,,,2008,6,21,,-0.6742,0.08452,0.67948,3.0
7882,2008-06-22,,,,2008,6,22,,-0.74366,0.07605,0.74754,3.0
7883,2008-06-23,,,,2008,6,23,,-0.8922,0.02798,0.89263,3.0
7884,2008-06-24,,,,2008,6,24,,-0.96872,0.07554,0.97166,3.0
7885,2008-06-25,,,,2008,6,25,,-0.89148,0.07928,0.895,3.0
7886,2008-06-26,,,,2008,6,26,,-0.80397,0.00305,0.80397,3.0
7887,2008-06-27,,,,2008,6,27,,-0.80655,-0.08968,0.81152,2.0
7888,2008-06-28,,,,2008,6,28,,-0.77905,-0.20228,0.80489,2.0
7889,2008-06-29,,,,2008,6,29,,-0.71663,-0.24775,0.75825,2.0
7890,2008-06-30,,,,2008,6,30,,-0.61502,-0.35676,0.71101,2.0
7891,2008-07-01,0.2,-1.423,-0.48,2008,7,1,,-0.53863,-0.42543,0.68638,2.0
7892,2008-07-02,,,,2008,7,2,,-0.48603,-0.45515,0.66587,2.0
7893,2008-07-03,,,,2008,7,3,,-0.38478,-0.58655,0.70149,1.0
7894,2008-07-04,,,,2008,7,4,,-0.29142,-0.7228,0.77934,1.0
7895,2008-07-05,,,,2008,7,5,,-0.1151,-0.84864,0.85641,1.0
7896,2008-07-06,,,,2008,7,6,,0.09839,-0.95452,0.95958,8.0
7897,2008-07-07,,,,2008,7,7,,0.28125,-1.07881,1.11487,8.0
7898,2008-07-08,,,,2008,7,8,,0.32191,-1.23351,1.27482,8.0
7899,2008-07-09,,,,2008,7,9,,0.43008,-1.34717,1.41416,8.0
7900,2008-07-10,,,,2008,7,10,,0.60231,-1.35455,1.48242,8.0
7901,2008-07-11,,,,2008,7,11,,0.75086,-1.30677,1.50713,8.0
7902,2008-07-12,,,,2008,7,12,,0.90123,-1.20231,1.50258,8.0
7903,2008-07-13,,,,2008,7,13,,1.0591,-1.09081,1.52038,8.0
7904,2008-07-14,,,,2008,7,14,,1.13354,-0.90391,1.44981,7.0
7905,2008-07-15,,,,2008,7,15,,1.19001,-0.62545,1.34437,7.0
7906,2008-07-16,,,,2008,7,16,,1.27685,-0.38812,1.33453,7.0
7907,2008-07-17,,,,2008,7,17,,1.43831,-0.20793,1.45327,7.0
7908,2008-07-18,,,,2008,7,18,,1.40896,-0.03488,1.40939,7.0
7909,2008-07-19,,,,2008,7,19,,1.3331,0.13401,1.33982,6.0
7910,2008-07-20,,,,2008,7,20,,1.29079,0.28621,1.32213,6.0
7911,2008-07-21,,,,2008,7,21,,1.16245,0.4393,1.24269,6.0
7912,2008-07-22,,,,2008,7,22,,0.87139,0.60386,1.06017,6.0
7913,2008-07-23,,,,2008,7,23,,0.53793,0.73788,0.91315,5.0
7914,2008-07-24,,,,2008,7,24,,0.2319,0.80021,0.83314,5.0
7915,2008-07-25,,,,2008,7,25,,-0.08008,0.87599,0.87964,4.0
7916,2008-07-26,,,,2008,7,26,,-0.46986,0.94927,1.05919,4.0
7917,2008-07-27,,,,2008,7,27,,-0.72307,1.00397,1.23725,4.0
7918,2008-07-28,,,,2008,7,28,,-0.90654,1.00142,1.35079,4.0
7919,2008-07-29,,,,2008,7,29,,-1.0724,0.94659,1.43041,3.0
7920,2008-07-30,,,,2008,7,30,,-1.1705,0.85407,1.44897,3.0
7921,2008-07-31,,,,2008,7,31,,-1.21903,0.67547,1.39367,3.0
7922,2008-08-01,0.64,-1.314,-0.08,2008,8,1,,-1.20655,0.43917,1.28399,3.0
7923,2008-08-02,,,,2008,8,2,,-1.20447,0.2851,1.23775,3.0
7924,2008-08-03,,,,2008,8,3,,-1.21983,0.16395,1.2308,3.0
7925,2008-08-04,,,,2008,8,4,,-1.11078,0.11481,1.11669,3.0
7926,2008-08-05,,,,2008,8,5,,-1.00221,0.06402,1.00425,3.0
7927,2008-08-06,,,,2008,8,6,,-0.97343,0.00442,0.97344,3.0
7928,2008-08-07,,,,2008,8,7,,-0.92935,0.01904,0.92954,3.0
7929,2008-08-08,,,,2008,8,8,,-0.84696,0.08486,0.8512,3.0
7930,2008-08-09,,,,2008,8,9,,-0.71078,0.1634,0.72932,3.0
7931,2008-08-10,,,,2008,8,10,,-0.57753,0.23173,0.62229,3.0
7932,2008-08-11,,,,2008,8,11,,-0.48469,0.22484,0.5343,3.0
7933,2008-08-12,,,,2008,8,12,,-0.41955,0.23182,0.47934,3.0
7934,2008-08-13,,,,2008,8,13,,-0.42377,0.17105,0.45699,3.0
7935,2008-08-14,,,,2008,8,14,,-0.39259,0.09193,0.40321,3.0
7936,2008-08-15,,,,2008,8,15,,-0.29667,0.03816,0.29911,3.0
7937,2008-08-16,,,,2008,8,16,,-0.14239,-0.05996,0.1545,2.0
7938,2008-08-17,,,,2008,8,17,,-0.01665,-0.17,0.17082,1.0
7939,2008-08-18,,,,2008,8,18,,0.15609,-0.22809,0.27638,8.0
7940,2008-08-19,,,,2008,8,19,,0.3771,-0.19081,0.42262,7.0
7941,2008-08-20,,,,2008,8,20,,0.58754,-0.15365,0.6073,7.0
7942,2008-08-21,,,,2008,8,21,,0.79885,-0.10796,0.80611,7.0
7943,2008-08-22,,,,2008,8,22,,1.02432,-0.01058,1.02438,7.0
7944,2008-08-23,,,,2008,8,23,,1.24335,0.11909,1.24904,6.0
7945,2008-08-24,,,,2008,8,24,,1.43278,0.23831,1.45246,6.0
7946,2008-08-25,,,,2008,8,25,,1.55972,0.34996,1.5985,6.0
7947,2008-08-26,,,,2008,8,26,,1.63772,0.43088,1.69346,6.0
7948,2008-08-27,,,,2008,8,27,,1.65336,0.54441,1.74069,6.0
7949,2008-08-28,,,,2008,8,28,,1.58804,0.58662,1.69293,6.0
7950,2008-08-29,,,,2008,8,29,,1.5586,0.60871,1.67325,6.0
7951,2008-08-30,,,,2008,8,30,,1.53602,0.64719,1.6668,6.0
7952,2008-08-31,,,,2008,8,31,,1.42953,0.69208,1.58825,6.0
7953,2008-09-01,1.26,-1.337,-0.327,2008,9,1,,1.1832,0.72896,1.38973,6.0
7954,2008-09-02,,,,2008,9,2,,0.89325,0.8049,1.2024,6.0
7955,2008-09-03,,,,2008,9,3,,0.56334,0.92216,1.08061,5.0
7956,2008-09-04,,,,2008,9,4,,0.2704,1.04732,1.08166,5.0
7957,2008-09-05,,,,2008,9,5,,-0.03888,1.13313,1.13379,4.0
7958,2008-09-06,,,,2008,9,6,,-0.28155,1.24522,1.27666,4.0
7959,2008-09-07,,,,2008,9,7,,-0.52823,1.38256,1.48004,4.0
7960,2008-09-08,,,,2008,9,8,,-0.76617,1.49005,1.67549,4.0
7961,2008-09-09,,,,2008,9,9,,-0.87882,1.49447,1.73372,4.0
7962,2008-09-10,,,,2008,9,10,,-0.8636,1.41372,1.65663,4.0
7963,2008-09-11,,,,2008,9,11,,-0.85361,1.25216,1.51544,4.0
7964,2008-09-12,,,,2008,9,12,,-0.86769,1.02149,1.34027,4.0
7965,2008-09-13,,,,2008,9,13,,-0.89732,0.76786,1.18102,3.0
7966,2008-09-14,,,,2008,9,14,,-0.94883,0.52846,1.08607,3.0
7967,2008-09-15,,,,2008,9,15,,-1.0721,0.23918,1.09845,3.0
7968,2008-09-16,,,,2008,9,16,,-1.20122,-0.05458,1.20246,2.0
7969,2008-09-17,,,,2008,9,17,,-1.29478,-0.37335,1.34754,2.0
7970,2008-09-18,,,,2008,9,18,,-1.41893,-0.69703,1.58089,2.0
7971,2008-09-19,,,,2008,9,19,,-1.55186,-0.96497,1.82741,2.0
7972,2008-09-20,,,,2008,9,20,,-1.64059,-1.14093,1.99831,2.0
7973,2008-09-21,,,,2008,9,21,,-1.62382,-1.24102,2.04375,2.0
7974,2008-09-22,,,,2008,9,22,,-1.54787,-1.35405,2.05654,2.0
7975,2008-09-23,,,,2008,9,23,,-1.46874,-1.46054,2.07132,2.0
7976,2008-09-24,,,,2008,9,24,,-1.30647,-1.48571,1.97843,1.0
7977,2008-09-25,,,,2008,9,25,,-1.08467,-1.53119,1.87645,1.0
7978,2008-09-26,,,,2008,9,26,,-0.88516,-1.58852,1.81849,1.0
7979,2008-09-27,,,,2008,9,27,,-0.65899,-1.58487,1.71642,1.0
7980,2008-09-28,,,,2008,9,28,,-0.45658,-1.53766,1.60402,1.0
7981,2008-09-29,,,,2008,9,29,,-0.27111,-1.52868,1.55254,1.0
7982,2008-09-30,,,,2008,9,30,,-0.10833,-1.50496,1.50885,1.0
7983,2008-10-01,1.52,-1.626,1.676,2008,10,1,,0.00252,-1.42337,1.42337,8.0
7984,2008-10-02,,,,2008,10,2,,0.14329,-1.36526,1.37276,8.0
7985,2008-10-03,,,,2008,10,3,,0.27083,-1.36032,1.38702,8.0
7986,2008-10-04,,,,2008,10,4,,0.39383,-1.31141,1.36927,8.0
7987,2008-10-05,,,,2008,10,5,,0.54705,-1.21691,1.33421,8.0
7988,2008-10-06,,,,2008,10,6,,0.66023,-1.04375,1.23504,8.0
7989,2008-10-07,,,,2008,10,7,,0.84664,-0.85437,1.2028,8.0
7990,2008-10-08,,,,2008,10,8,,1.13262,-0.60547,1.28429,7.0
7991,2008-10-09,,,,2008,10,9,,1.35886,-0.41371,1.42044,7.0
7992,2008-10-10,,,,2008,10,10,,1.57137,-0.21304,1.58574,7.0
7993,2008-10-11,,,,2008,10,11,,1.70282,0.04795,1.7035,6.0
7994,2008-10-12,,,,2008,10,12,,1.78584,0.29447,1.80996,6.0
7995,2008-10-13,,,,2008,10,13,,1.81976,0.50335,1.88809,6.0
7996,2008-10-14,,,,2008,10,14,,1.79606,0.67385,1.91831,6.0
7997,2008-10-15,,,,2008,10,15,,1.74318,0.80888,1.92171,6.0
7998,2008-10-16,,,,2008,10,16,,1.63285,0.9275,1.87789,6.0
7999,2008-10-17,,,,2008,10,17,,1.47087,0.98302,1.76912,6.0
8000,2008-10-18,,,,2008,10,18,,1.2381,1.10809,1.66155,6.0
8001,2008-10-19,,,,2008,10,19,,0.9232,1.30997,1.6026,5.0
8002,2008-10-20,,,,2008,10,20,,0.60953,1.53995,1.6562,5.0
8003,2008-10-21,,,,2008,10,21,,0.17702,1.76848,1.77731,5.0
8004,2008-10-22,,,,2008,10,22,,-0.18765,1.94745,1.95647,4.0
8005,2008-10-23,,,,2008,10,23,,-0.47518,2.07433,2.12806,4.0
8006,2008-10-24,,,,2008,10,24,,-0.69999,2.02215,2.13988,4.0
8007,2008-10-25,,,,2008,10,25,,-0.92693,1.85919,2.07744,4.0
8008,2008-10-26,,,,2008,10,26,,-1.17272,1.66069,2.03302,4.0
8009,2008-10-27,,,,2008,10,27,,-1.27444,1.41043,1.90093,4.0
8010,2008-10-28,,,,2008,10,28,,-1.20706,1.07054,1.61339,3.0
8011,2008-10-29,,,,2008,10,29,,-1.12168,0.65376,1.29829,3.0
8012,2008-10-30,,,,2008,10,30,,-1.07114,0.2729,1.10536,3.0
8013,2008-10-31,,,,2008,10,31,,-1.04187,-0.08816,1.04559,2.0
8014,2008-11-01,1.64,-1.452,0.092,2008,11,1,,-1.00975,-0.40817,1.08912,2.0
8015,2008-11-02,,,,2008,11,2,,-1.00737,-0.57829,1.16156,2.0
8016,2008-11-03,,,,2008,11,3,,-0.97695,-0.61363,1.15368,2.0
8017,2008-11-04,,,,2008,11,4,,-0.91396,-0.54083,1.06199,2.0
8018,2008-11-05,,,,2008,11,5,,-0.86242,-0.42553,0.96168,2.0
8019,2008-11-06,,,,2008,11,6,,-0.80636,-0.25816,0.84668,2.0
8020,2008-11-07,,,,2008,11,7,,-0.65571,-0.05146,0.65772,2.0
8021,2008-11-08,,,,2008,11,8,,-0.43303,0.17094,0.46555,3.0
8022,2008-11-09,,,,2008,11,9,,-0.21155,0.37221,0.42812,4.0
8023,2008-11-10,,,,2008,11,10,,-0.03634,0.564,0.56517,4.0
8024,2008-11-11,,,,2008,11,11,,0.2359,0.70115,0.73977,5.0
8025,2008-11-12,,,,2008,11,12,,0.46463,0.70313,0.84278,5.0
8026,2008-11-13,,,,2008,11,13,,0.70494,0.60286,0.92757,6.0
8027,2008-11-14,,,,2008,11,14,,0.831,0.42012,0.93116,6.0
8028,2008-11-15,,,,2008,11,15,,0.79487,0.33457,0.86241,6.0
8029,2008-11-16,,,,2008,11,16,,0.75006,0.30115,0.80826,6.0
8030,2008-11-17,,,,2008,11,17,,0.68073,0.30407,0.74555,6.0
8031,2008-11-18,,,,2008,11,18,,0.54555,0.38588,0.66823,6.0
8032,2008-11-19,,,,2008,11,19,,0.3933,0.53705,0.66566,5.0
8033,2008-11-20,,,,2008,11,20,,0.14525,0.67996,0.69531,5.0
8034,2008-11-21,,,,2008,11,21,,-0.08873,0.75892,0.76409,4.0
8035,2008-11-22,,,,2008,11,22,,-0.31218,0.75483,0.81684,4.0
8036,2008-11-23,,,,2008,11,23,,-0.4053,0.70288,0.81137,4.0
8037,2008-11-24,,,,2008,11,24,,-0.43527,0.59855,0.74008,4.0
8038,2008-11-25,,,,2008,11,25,,-0.52129,0.45206,0.69,3.0
8039,2008-11-26,,,,2008,11,26,,-0.60573,0.2775,0.66627,3.0
8040,2008-11-27,,,,2008,11,27,,-0.64463,0.11289,0.65444,3.0
8041,2008-11-28,,,,2008,11,28,,-0.64067,-0.08543,0.64634,2.0
8042,2008-11-29,,,,2008,11,29,,-0.63672,-0.28825,0.69893,2.0
8043,2008-11-30,,,,2008,11,30,,-0.6546,-0.41181,0.77336,2.0
8044,2008-12-01,1.43,-1.322,0.648,2008,12,1,,-0.66027,-0.43911,0.79295,2.0
8045,2008-12-02,,,,2008,12,2,,-0.6362,-0.37399,0.73799,2.0
8046,2008-12-03,,,,2008,12,3,,-0.54469,-0.34688,0.64577,2.0
8047,2008-12-04,,,,2008,12,4,,-0.37877,-0.26226,0.46071,2.0
8048,2008-12-05,,,,2008,12,5,,-0.27165,-0.16133,0.31595,2.0
8049,2008-12-06,,,,2008,12,6,,-0.18347,-0.041,0.18799,2.0
8050,2008-12-07,,,,2008,12,7,,-0.09046,0.06358,0.11057,3.0
8051,2008-12-08,,,,2008,12,8,,0.06172,0.14755,0.15994,5.0
8052,2008-12-09,,,,2008,12,9,,0.13382,0.19054,0.23284,5.0
8053,2008-12-10,,,,2008,12,10,,0.11513,0.15856,0.19595,5.0
8054,2008-12-11,,,,2008,12,11,,0.10244,0.09513,0.1398,6.0
8055,2008-12-12,,,,2008,12,12,,0.10497,0.06411,0.123,6.0
8056,2008-12-13,,,,2008,12,13,,0.02676,-0.01423,0.03031,7.0
8057,2008-12-14,,,,2008,12,14,,-0.0928,-0.10902,0.14317,1.0
8058,2008-12-15,,,,2008,12,15,,-0.19952,-0.30139,0.36145,1.0
8059,2008-12-16,,,,2008,12,16,,-0.29538,-0.47574,0.55998,1.0
8060,2008-12-17,,,,2008,12,17,,-0.39437,-0.61074,0.727,1.0
8061,2008-12-18,,,,2008,12,18,,-0.40361,-0.69844,0.80667,1.0
8062,2008-12-19,,,,2008,12,19,,-0.32195,-0.71592,0.78498,1.0
8063,2008-12-20,,,,2008,12,20,,-0.33477,-0.64354,0.72541,1.0
8064,2008-12-21,,,,2008,12,21,,-0.38801,-0.54258,0.66704,1.0
8065,2008-12-22,,,,2008,12,22,,-0.45487,-0.45301,0.64197,2.0
8066,2008-12-23,,,,2008,12,23,,-0.47193,-0.32517,0.57311,2.0
8067,2008-12-24,,,,2008,12,24,,-0.49294,-0.08172,0.49966,2.0
8068,2008-12-25,,,,2008,12,25,,-0.54911,0.13864,0.56634,3.0
8069,2008-12-26,,,,2008,12,26,,-0.66832,0.31179,0.73747,3.0
8070,2008-12-27,,,,2008,12,27,,-0.77541,0.46555,0.90444,3.0
8071,2008-12-28,,,,2008,12,28,,-0.88091,0.5601,1.0439,3.0
8072,2008-12-29,,,,2008,12,29,,-0.94414,0.58248,1.10936,3.0
8073,2008-12-30,,,,2008,12,30,,-0.99228,0.47279,1.09916,3.0
8074,2008-12-31,,,,2008,12,31,,-0.96099,0.38922,1.03682,3.0
8075,2009-01-01,0.85,-1.735,0.8,2009,1,1,,-0.92316,0.26664,0.9609,3.0
8076,2009-01-02,,,,2009,1,2,,-0.88059,0.09518,0.88571,3.0
8077,2009-01-03,,,,2009,1,3,,-0.87255,-0.06963,0.87532,2.0
8078,2009-01-04,,,,2009,1,4,,-0.85404,-0.12812,0.86359,2.0
8079,2009-01-05,,,,2009,1,5,,-0.88374,-0.18578,0.90305,2.0
8080,2009-01-06,,,,2009,1,6,,-0.94694,-0.20828,0.96958,2.0
8081,2009-01-07,,,,2009,1,7,,-1.04069,-0.30128,1.08342,2.0
8082,2009-01-08,,,,2009,1,8,,-1.12729,-0.31307,1.16996,2.0
8083,2009-01-09,,,,2009,1,9,,-1.32749,-0.27448,1.35557,2.0
8084,2009-01-10,,,,2009,1,10,,-1.5263,-0.22574,1.54291,2.0
8085,2009-01-11,,,,2009,1,11,,-1.57833,-0.22924,1.59489,2.0
8086,2009-01-12,,,,2009,1,12,,-1.47061,-0.3421,1.50988,2.0
8087,2009-01-13,,,,2009,1,13,,-1.38126,-0.61623,1.51249,2.0
8088,2009-01-14,,,,2009,1,14,,-1.26637,-0.88392,1.54435,2.0
8089,2009-01-15,,,,2009,1,15,,-1.05173,-1.15298,1.56061,1.0
8090,2009-01-16,,,,2009,1,16,,-0.74213,-1.28082,1.48029,1.0
8091,2009-01-17,,,,2009,1,17,,-0.39363,-1.40288,1.45706,1.0
8092,2009-01-18,,,,2009,1,18,,0.10045,-1.53067,1.53396,8.0
8093,2009-01-19,,,,2009,1,19,,0.62837,-1.70173,1.81404,8.0
8094,2009-01-20,,,,2009,1,20,,1.01273,-1.81102,2.07495,8.0
8095,2009-01-21,,,,2009,1,21,,1.27136,-1.76876,2.17827,8.0
8096,2009-01-22,,,,2009,1,22,,1.5192,-1.61331,2.21601,8.0
8097,2009-01-23,,,,2009,1,23,,1.82474,-1.41188,2.30718,7.0
8098,2009-01-24,,,,2009,1,24,,1.99928,-1.17069,2.31682,7.0
8099,2009-01-25,,,,2009,1,25,,1.99936,-0.92665,2.20367,7.0
8100,2009-01-26,,,,2009,1,26,,1.91413,-0.64005,2.0183,7.0
8101,2009-01-27,,,,2009,1,27,,1.70859,-0.37041,1.74828,7.0
8102,2009-01-28,,,,2009,1,28,,1.4265,-0.10524,1.43037,7.0
8103,2009-01-29,,,,2009,1,29,,1.17171,0.16723,1.18359,6.0
8104,2009-01-30,,,,2009,1,30,,0.9516,0.483,1.06716,6.0
8105,2009-01-31,,,,2009,1,31,,0.81372,0.82512,1.15886,5.0
8106,2009-02-01,1.37,-1.628,-0.672,2009,2,1,,0.589,1.1467,1.28912,5.0
8107,2009-02-02,,,,2009,2,2,,0.39182,1.43198,1.48462,5.0
8108,2009-02-03,,,,2009,2,3,,0.20161,1.584,1.59677,5.0
8109,2009-02-04,,,,2009,2,4,,0.00948,1.66272,1.66275,5.0
8110,2009-02-05,,,,2009,2,5,,-0.16886,1.65456,1.66315,4.0
8111,2009-02-06,,,,2009,2,6,,-0.2474,1.6938,1.71177,4.0
8112,2009-02-07,,,,2009,2,7,,-0.27307,1.7232,1.7447,4.0
8113,2009-02-08,,,,2009,2,8,,-0.27171,1.64977,1.67199,4.0
8114,2009-02-09,,,,2009,2,9,,-0.25562,1.45144,1.47378,4.0
8115,2009-02-10,,,,2009,2,10,,-0.26168,1.18104,1.20969,4.0
8116,2009-02-11,,,,2009,2,11,,-0.25465,0.92447,0.9589,4.0
8117,2009-02-12,,,,2009,2,12,,-0.18188,0.69256,0.71604,4.0
8118,2009-02-13,,,,2009,2,13,,-0.09046,0.46247,0.47123,4.0
8119,2009-02-14,,,,2009,2,14,,0.0252,0.23337,0.23473,5.0
8120,2009-02-15,,,,2009,2,15,,0.06274,-0.04718,0.0785,7.0
8121,2009-02-16,,,,2009,2,16,,0.03678,-0.3036,0.30582,8.0
8122,2009-02-17,,,,2009,2,17,,0.0264,-0.52116,0.52183,8.0
8123,2009-02-18,,,,2009,2,18,,0.04275,-0.63804,0.63947,8.0
8124,2009-02-19,,,,2009,2,19,,0.15536,-0.67261,0.69032,8.0
8125,2009-02-20,,,,2009,2,20,,0.22153,-0.64288,0.67998,8.0
8126,2009-02-21,,,,2009,2,21,,0.28866,-0.5973,0.6634,8.0
8127,2009-02-22,,,,2009,2,22,,0.3827,-0.45788,0.59675,8.0
8128,2009-02-23,,,,2009,2,23,,0.48368,-0.16642,0.51151,7.0
8129,2009-02-24,,,,2009,2,24,,0.52763,0.16546,0.55296,6.0
8130,2009-02-25,,,,2009,2,25,,0.50587,0.40413,0.64747,6.0
8131,2009-02-26,,,,2009,2,26,,0.46639,0.54093,0.71423,5.0
8132,2009-02-27,,,,2009,2,27,,0.36288,0.60607,0.70641,5.0
8133,2009-02-28,,,,2009,2,28,,0.24946,0.65074,0.69692,5.0
8134,2009-03-01,-0.21,-1.862,0.121,2009,3,1,,0.21068,0.60796,0.64343,5.0
8135,2009-03-02,,,,2009,3,2,,0.15132,0.59494,0.61388,5.0
8136,2009-03-03,,,,2009,3,3,,0.12628,0.44658,0.4641,5.0
8137,2009-03-04,,,,2009,3,4,,0.06057,0.22098,0.22913,5.0
8138,2009-03-05,,,,2009,3,5,,0.00478,-0.00825,0.00953,8.0
8139,2009-03-06,,,,2009,3,6,,-0.02582,-0.24384,0.2452,1.0
8140,2009-03-07,,,,2009,3,7,,-0.08224,-0.441,0.44861,1.0
8141,2009-03-08,,,,2009,3,8,,-0.13119,-0.6317,0.64518,1.0
8142,2009-03-09,,,,2009,3,9,,-0.26385,-0.82381,0.86503,1.0
8143,2009-03-10,,,,2009,3,10,,-0.35063,-0.9642,1.02598,1.0
8144,2009-03-11,,,,2009,3,11,,-0.42493,-1.04752,1.13043,1.0
8145,2009-03-12,,,,2009,3,12,,-0.45882,-1.02107,1.11942,1.0
8146,2009-03-13,,,,2009,3,13,,-0.47548,-0.93121,1.04558,1.0
8147,2009-03-14,,,,2009,3,14,,-0.49495,-0.90504,1.03154,1.0
8148,2009-03-15,,,,2009,3,15,,-0.40587,-0.88763,0.97602,1.0
8149,2009-03-16,,,,2009,3,16,,-0.32523,-0.83188,0.8932,1.0
8150,2009-03-17,,,,2009,3,17,,-0.31213,-0.73561,0.79909,1.0
8151,2009-03-18,,,,2009,3,18,,-0.29863,-0.6996,0.76067,1.0
8152,2009-03-19,,,,2009,3,19,,-0.38606,-0.71909,0.81617,1.0
8153,2009-03-20,,,,2009,3,20,,-0.52375,-0.7194,0.88986,1.0
8154,2009-03-21,,,,2009,3,21,,-0.62574,-0.71343,0.94896,1.0
8155,2009-03-22,,,,2009,3,22,,-0.58875,-0.82107,1.01034,1.0
8156,2009-03-23,,,,2009,3,23,,-0.57369,-0.89301,1.06141,1.0
8157,2009-03-24,,,,2009,3,24,,-0.66136,-0.95071,1.15812,1.0
8158,2009-03-25,,,,2009,3,25,,-0.71302,-1.0692,1.28514,1.0
8159,2009-03-26,,,,2009,3,26,,-0.71624,-1.22553,1.41948,1.0
8160,2009-03-27,,,,2009,3,27,,-0.72576,-1.35888,1.54055,1.0
8161,2009-03-28,,,,2009,3,28,,-0.60553,-1.56591,1.67891,1.0
8162,2009-03-29,,,,2009,3,29,,-0.35209,-1.82468,1.85833,1.0
8163,2009-03-30,,,,2009,3,30,,-0.15259,-2.02497,2.03072,1.0
8164,2009-03-31,,,,2009,3,31,,0.07645,-2.08698,2.08838,8.0
8165,2009-04-01,1.06,-1.871,0.973,2009,4,1,,0.35304,-2.11673,2.14597,8.0
8166,2009-04-02,,,,2009,4,2,,0.61119,-2.09612,2.18341,8.0
8167,2009-04-03,,,,2009,4,3,,0.83802,-2.0329,2.19885,8.0
8168,2009-04-04,,,,2009,4,4,,1.10226,-1.89381,2.19123,8.0
8169,2009-04-05,,,,2009,4,5,,1.44172,-1.63955,2.18328,8.0
8170,2009-04-06,,,,2009,4,6,,1.71549,-1.25443,2.12521,7.0
8171,2009-04-07,,,,2009,4,7,,1.86375,-0.81913,2.03581,7.0
8172,2009-04-08,,,,2009,4,8,,2.02029,-0.36011,2.05214,7.0
8173,2009-04-09,,,,2009,4,9,,2.09593,-0.00999,2.09595,7.0
8174,2009-04-10,,,,2009,4,10,,2.0977,0.28708,2.11725,6.0
8175,2009-04-11,,,,2009,4,11,,2.04754,0.50371,2.10859,6.0
8176,2009-04-12,,,,2009,4,12,,1.88036,0.71566,2.01194,6.0
8177,2009-04-13,,,,2009,4,13,,1.57815,0.84027,1.78791,6.0
8178,2009-04-14,,,,2009,4,14,,1.21605,0.94353,1.53916,6.0
8179,2009-04-15,,,,2009,4,15,,0.83026,1.03064,1.32346,5.0
8180,2009-04-16,,,,2009,4,16,,0.46388,1.12048,1.21271,5.0
8181,2009-04-17,,,,2009,4,17,,0.0273,1.11888,1.11922,5.0
8182,2009-04-18,,,,2009,4,18,,-0.45694,1.11293,1.20308,4.0
8183,2009-04-19,,,,2009,4,19,,-0.90984,1.09087,1.4205,4.0
8184,2009-04-20,,,,2009,4,20,,-1.31443,1.03565,1.67341,3.0
8185,2009-04-21,,,,2009,4,21,,-1.59528,0.96431,1.86409,3.0
8186,2009-04-22,,,,2009,4,22,,-1.73065,0.8775,1.9404,3.0
8187,2009-04-23,,,,2009,4,23,,-1.82848,0.6601,1.94398,3.0
8188,2009-04-24,,,,2009,4,24,,-1.8755,0.3682,1.9113,3.0
8189,2009-04-25,,,,2009,4,25,,-1.94505,0.03969,1.94545,3.0
8190,2009-04-26,,,,2009,4,26,,-1.95328,-0.23383,1.96722,2.0
8191,2009-04-27,,,,2009,4,27,,-1.94156,-0.415,1.98542,2.0
8192,2009-04-28,,,,2009,4,28,,-1.8101,-0.55167,1.8923,2.0
8193,2009-04-29,,,,2009,4,29,,-1.64451,-0.62602,1.75964,2.0
8194,2009-04-30,,,,2009,4,30,,-1.46592,-0.65655,1.60623,2.0
8195,2009-05-01,-0.86,-0.96,1.194,2009,5,1,,-1.34532,-0.72882,1.53005,2.0
8196,2009-05-02,,,,2009,5,2,,-1.22124,-0.70477,1.41001,2.0
8197,2009-05-03,,,,2009,5,3,,-1.1478,-0.63821,1.3133,2.0
8198,2009-05-04,,,,2009,5,4,,-1.09643,-0.56544,1.23364,2.0
8199,2009-05-05,,,,2009,5,5,,-1.01768,-0.50227,1.13488,2.0
8200,2009-05-06,,,,2009,5,6,,-0.86973,-0.50188,1.00415,2.0
8201,2009-05-07,,,,2009,5,7,,-0.76594,-0.44084,0.88375,2.0
8202,2009-05-08,,,,2009,5,8,,-0.56654,-0.32567,0.65348,2.0
8203,2009-05-09,,,,2009,5,9,,-0.32934,-0.24808,0.41232,2.0
8204,2009-05-10,,,,2009,5,10,,-0.11128,-0.18957,0.21982,1.0
8205,2009-05-11,,,,2009,5,11,,0.11641,-0.11008,0.16021,7.0
8206,2009-05-12,,,,2009,5,12,,0.29619,0.1188,0.31913,6.0
8207,2009-05-13,,,,2009,5,13,,0.4506,0.40203,0.60387,6.0
8208,2009-05-14,,,,2009,5,14,,0.57045,0.61704,0.84033,5.0
8209,2009-05-15,,,,2009,5,15,,0.64523,0.72948,0.97389,5.0
8210,2009-05-16,,,,2009,5,16,,0.72596,0.79749,1.07843,5.0
8211,2009-05-17,,,,2009,5,17,,0.7416,0.82953,1.11269,5.0
8212,2009-05-18,,,,2009,5,18,,0.64326,0.81607,1.03911,5.0
8213,2009-05-19,,,,2009,5,19,,0.6193,0.85291,1.05403,5.0
8214,2009-05-20,,,,2009,5,20,,0.62559,0.79487,1.01153,5.0
8215,2009-05-21,,,,2009,5,21,,0.73949,0.64088,0.97855,6.0
8216,2009-05-22,,,,2009,5,22,,0.89231,0.42599,0.98878,6.0
8217,2009-05-23,,,,2009,5,23,,0.88877,0.21861,0.91526,6.0
8218,2009-05-24,,,,2009,5,24,,0.79316,0.15383,0.80794,6.0
8219,2009-05-25,,,,2009,5,25,,0.64555,0.12762,0.65805,6.0
8220,2009-05-26,,,,2009,5,26,,0.45656,0.16731,0.48625,6.0
8221,2009-05-27,,,,2009,5,27,,0.3607,0.2656,0.44793,6.0
8222,2009-05-28,,,,2009,5,28,,0.23576,0.33679,0.41111,5.0
8223,2009-05-29,,,,2009,5,29,,0.04728,0.46517,0.46756,5.0
8224,2009-05-30,,,,2009,5,30,,-0.1917,0.5876,0.61808,4.0
8225,2009-05-31,,,,2009,5,31,,-0.4207,0.68376,0.80282,4.0
8226,2009-06-01,-0.45,-0.535,-1.351,2009,6,1,,-0.52195,0.79254,0.94897,4.0
8227,2009-06-02,,,,2009,6,2,,-0.6272,0.86517,1.0686,4.0
8228,2009-06-03,,,,2009,6,3,,-0.70285,0.8428,1.09741,4.0
8229,2009-06-04,,,,2009,6,4,,-0.75573,0.72283,1.04576,3.0
8230,2009-06-05,,,,2009,6,5,,-0.81789,0.58818,1.00742,3.0
8231,2009-06-06,,,,2009,6,6,,-0.87686,0.47083,0.99527,3.0
8232,2009-06-07,,,,2009,6,7,,-0.8213,0.34995,0.89275,3.0
8233,2009-06-08,,,,2009,6,8,,-0.73136,0.19037,0.75573,3.0
8234,2009-06-09,,,,2009,6,9,,-0.62493,-0.01742,0.62517,2.0
8235,2009-06-10,,,,2009,6,10,,-0.57009,-0.24876,0.622,2.0
8236,2009-06-11,,,,2009,6,11,,-0.49211,-0.40485,0.63724,2.0
8237,2009-06-12,,,,2009,6,12,,-0.4828,-0.48187,0.68213,2.0
8238,2009-06-13,,,,2009,6,13,,-0.4625,-0.57024,0.73422,1.0
8239,2009-06-14,,,,2009,6,14,,-0.33509,-0.68209,0.75995,1.0
8240,2009-06-15,,,,2009,6,15,,-0.18217,-0.76973,0.791,1.0
8241,2009-06-16,,,,2009,6,16,,-0.13884,-0.82493,0.83653,1.0
8242,2009-06-17,,,,2009,6,17,,-0.09034,-0.80551,0.81056,1.0
8243,2009-06-18,,,,2009,6,18,,-0.0033,-0.70382,0.70383,1.0
8244,2009-06-19,,,,2009,6,19,,0.07541,-0.54554,0.55072,8.0
8245,2009-06-20,,,,2009,6,20,,0.2423,-0.46688,0.52601,8.0
8246,2009-06-21,,,,2009,6,21,,0.46095,-0.47303,0.66048,8.0
8247,2009-06-22,,,,2009,6,22,,0.74313,-0.442,0.86464,7.0
8248,2009-06-23,,,,2009,6,23,,0.9254,-0.44451,1.02662,7.0
8249,2009-06-24,,,,2009,6,24,,1.00306,-0.38065,1.07286,7.0
8250,2009-06-25,,,,2009,6,25,,1.14256,-0.29535,1.18011,7.0
8251,2009-06-26,,,,2009,6,26,,1.24326,-0.23824,1.26588,7.0
8252,2009-06-27,,,,2009,6,27,,1.30026,-0.15963,1.31002,7.0
8253,2009-06-28,,,,2009,6,28,,1.42952,-0.15155,1.43753,7.0
8254,2009-06-29,,,,2009,6,29,,1.41597,-0.14645,1.42352,7.0
8255,2009-06-30,,,,2009,6,30,,1.32734,-0.08376,1.32998,7.0
8256,2009-07-01,0.18,-0.458,-1.356,2009,7,1,,1.1844,-0.02283,1.18462,7.0
8257,2009-07-02,,,,2009,7,2,,1.0181,0.10867,1.02388,6.0
8258,2009-07-03,,,,2009,7,3,,0.87717,0.14463,0.88901,6.0
8259,2009-07-04,,,,2009,7,4,,0.72798,0.1047,0.73547,6.0
8260,2009-07-05,,,,2009,7,5,,0.61274,0.06397,0.61607,6.0
8261,2009-07-06,,,,2009,7,6,,0.48903,-0.03641,0.49038,7.0
8262,2009-07-07,,,,2009,7,7,,0.2326,-0.00432,0.23264,7.0
8263,2009-07-08,,,,2009,7,8,,-0.0055,0.13211,0.13222,4.0
8264,2009-07-09,,,,2009,7,9,,-0.18389,0.27682,0.33233,4.0
8265,2009-07-10,,,,2009,7,10,,-0.30588,0.4056,0.50801,4.0
8266,2009-07-11,,,,2009,7,11,,-0.47676,0.48173,0.67776,4.0
8267,2009-07-12,,,,2009,7,12,,-0.6867,0.63004,0.93194,3.0
8268,2009-07-13,,,,2009,7,13,,-0.79304,0.80231,1.1281,4.0
8269,2009-07-14,,,,2009,7,14,,-0.87645,0.89341,1.25154,4.0
8270,2009-07-15,,,,2009,7,15,,-0.96677,0.98811,1.38239,4.0
8271,2009-07-16,,,,2009,7,16,,-1.03672,1.00651,1.44494,3.0
8272,2009-07-17,,,,2009,7,17,,-0.98578,0.93338,1.35756,3.0
8273,2009-07-18,,,,2009,7,18,,-0.92119,0.89079,1.28145,3.0
8274,2009-07-19,,,,2009,7,19,,-0.89804,0.82371,1.21859,3.0
8275,2009-07-20,,,,2009,7,20,,-0.82573,0.72177,1.09671,3.0
8276,2009-07-21,,,,2009,7,21,,-0.67601,0.58777,0.89581,3.0
8277,2009-07-22,,,,2009,7,22,,-0.66695,0.44401,0.80122,3.0
8278,2009-07-23,,,,2009,7,23,,-0.77292,0.34209,0.84525,3.0
8279,2009-07-24,,,,2009,7,24,,-0.89155,0.27019,0.9316,3.0
8280,2009-07-25,,,,2009,7,25,,-0.97525,0.17953,0.99163,3.0
8281,2009-07-26,,,,2009,7,26,,-1.18947,0.0871,1.19265,3.0
8282,2009-07-27,,,,2009,7,27,,-1.36771,-0.08134,1.37013,2.0
8283,2009-07-28,,,,2009,7,28,,-1.46084,-0.29538,1.49041,2.0
8284,2009-07-29,,,,2009,7,29,,-1.56967,-0.52709,1.6558,2.0
8285,2009-07-30,,,,2009,7,30,,-1.60652,-0.84029,1.81301,2.0
8286,2009-07-31,,,,2009,7,31,,-1.58077,-1.13635,1.94682,2.0
8287,2009-08-01,-0.59,-0.084,-0.054,2009,8,1,,-1.41595,-1.36703,1.96816,2.0
8288,2009-08-02,,,,2009,8,2,,-1.22043,-1.56307,1.98309,1.0
8289,2009-08-03,,,,2009,8,3,,-0.92841,-1.68833,1.92676,1.0
8290,2009-08-04,,,,2009,8,4,,-0.58325,-1.76478,1.85866,1.0
8291,2009-08-05,,,,2009,8,5,,-0.24891,-1.80824,1.82529,1.0
8292,2009-08-06,,,,2009,8,6,,0.02748,-1.77142,1.77163,8.0
8293,2009-08-07,,,,2009,8,7,,0.38451,-1.67143,1.71508,8.0
8294,2009-08-08,,,,2009,8,8,,0.72101,-1.46647,1.63413,8.0
8295,2009-08-09,,,,2009,8,9,,1.0305,-1.29819,1.65748,8.0
8296,2009-08-10,,,,2009,8,10,,1.29672,-1.04367,1.66455,7.0
8297,2009-08-11,,,,2009,8,11,,1.55872,-0.8497,1.77527,7.0
8298,2009-08-12,,,,2009,8,12,,1.79674,-0.74227,1.94402,7.0
8299,2009-08-13,,,,2009,8,13,,2.023,-0.63374,2.11994,7.0
8300,2009-08-14,,,,2009,8,14,,2.24519,-0.55107,2.31183,7.0
8301,2009-08-15,,,,2009,8,15,,2.34113,-0.44579,2.38319,7.0
8302,2009-08-16,,,,2009,8,16,,2.30469,-0.31631,2.32629,7.0
8303,2009-08-17,,,,2009,8,17,,2.18442,-0.22297,2.19577,7.0
8304,2009-08-18,,,,2009,8,18,,2.01241,-0.07647,2.01386,7.0
8305,2009-08-19,,,,2009,8,19,,1.73063,0.01052,1.73066,6.0
8306,2009-08-20,,,,2009,8,20,,1.40413,0.1158,1.40889,6.0
8307,2009-08-21,,,,2009,8,21,,1.15546,0.22968,1.17807,6.0
8308,2009-08-22,,,,2009,8,22,,0.97648,0.27346,1.01405,6.0
8309,2009-08-23,,,,2009,8,23,,0.71029,0.31571,0.77729,6.0
8310,2009-08-24,,,,2009,8,24,,0.48641,0.38892,0.62278,6.0
8311,2009-08-25,,,,2009,8,25,,0.36219,0.45749,0.58351,5.0
8312,2009-08-26,,,,2009,8,26,,0.26867,0.54007,0.60321,5.0
8313,2009-08-27,,,,2009,8,27,,0.20781,0.64848,0.68096,5.0
8314,2009-08-28,,,,2009,8,28,,0.15551,0.7675,0.78309,5.0
8315,2009-08-29,,,,2009,8,29,,0.05936,0.84933,0.8514,5.0
8316,2009-08-30,,,,2009,8,30,,-0.10711,0.91038,0.91666,4.0
8317,2009-08-31,,,,2009,8,31,,-0.26859,1.006,1.04124,4.0
8318,2009-09-01,0.35,0.516,0.875,2009,9,1,,-0.39518,1.11948,1.18719,4.0
8319,2009-09-02,,,,2009,9,2,,-0.50957,1.1146,1.22555,4.0
8320,2009-09-03,,,,2009,9,3,,-0.62616,1.1153,1.27905,4.0
8321,2009-09-04,,,,2009,9,4,,-0.68108,1.07377,1.27156,4.0
8322,2009-09-05,,,,2009,9,5,,-0.75063,0.90093,1.17265,4.0
8323,2009-09-06,,,,2009,9,6,,-0.76761,0.68156,1.02652,3.0
8324,2009-09-07,,,,2009,9,7,,-0.63217,0.44148,0.77106,3.0
8325,2009-09-08,,,,2009,9,8,,-0.52343,0.18064,0.55373,3.0
8326,2009-09-09,,,,2009,9,9,,-0.45856,-0.00255,0.45857,2.0
8327,2009-09-10,,,,2009,9,10,,-0.32913,-0.18098,0.37561,2.0
8328,2009-09-11,,,,2009,9,11,,-0.15741,-0.2875,0.32777,1.0
8329,2009-09-12,,,,2009,9,12,,-0.0432,-0.37556,0.37804,1.0
8330,2009-09-13,,,,2009,9,13,,0.03318,-0.41083,0.41217,8.0
8331,2009-09-14,,,,2009,9,14,,0.08537,-0.3427,0.35317,8.0
8332,2009-09-15,,,,2009,9,15,,0.05906,-0.29082,0.29675,8.0
8333,2009-09-16,,,,2009,9,16,,-0.09561,-0.21118,0.23181,1.0
8334,2009-09-17,,,,2009,9,17,,-0.33087,-0.08877,0.34257,2.0
8335,2009-09-18,,,,2009,9,18,,-0.60292,-0.03321,0.60384,2.0
8336,2009-09-19,,,,2009,9,19,,-0.92058,-0.01593,0.92071,2.0
8337,2009-09-20,,,,2009,9,20,,-1.21977,0.00095,1.21977,3.0
8338,2009-09-21,,,,2009,9,21,,-1.48273,0.02352,1.48291,3.0
8339,2009-09-22,,,,2009,9,22,,-1.77766,0.00789,1.77768,3.0
8340,2009-09-23,,,,2009,9,23,,-1.97643,-0.05815,1.97729,2.0
8341,2009-09-24,,,,2009,9,24,,-2.00308,-0.02921,2.00329,2.0
8342,2009-09-25,,,,2009,9,25,,-1.98048,0.03657,1.98082,3.0
8343,2009-09-26,,,,2009,9,26,,-1.85699,0.07162,1.85837,3.0
8344,2009-09-27,,,,2009,9,27,,-1.61884,0.08279,1.62096,3.0
8345,2009-09-28,,,,2009,9,28,,-1.35106,0.15388,1.3598,3.0
8346,2009-09-29,,,,2009,9,29,,-1.10766,0.24006,1.13337,3.0
8347,2009-09-30,,,,2009,9,30,,-0.85011,0.26841,0.89148,3.0
8348,2009-10-01,-1.66,0.123,-1.54,2009,10,1,,-0.54861,0.2865,0.61891,3.0
8349,2009-10-02,,,,2009,10,2,,-0.33578,0.33843,0.47674,4.0
8350,2009-10-03,,,,2009,10,3,,-0.19479,0.29179,0.35083,4.0
8351,2009-10-04,,,,2009,10,4,,-0.04114,0.13802,0.14402,4.0
8352,2009-10-05,,,,2009,10,5,,0.06715,0.04985,0.08363,6.0
8353,2009-10-06,,,,2009,10,6,,0.14993,0.04121,0.15549,6.0
8354,2009-10-07,,,,2009,10,7,,0.19369,0.00542,0.19376,6.0
8355,2009-10-08,,,,2009,10,8,,0.20285,-0.00903,0.20305,7.0
8356,2009-10-09,,,,2009,10,9,,0.13011,-0.02587,0.13266,7.0
8357,2009-10-10,,,,2009,10,10,,0.00071,-0.11546,0.11546,8.0
8358,2009-10-11,,,,2009,10,11,,0.01144,-0.27312,0.27336,8.0
8359,2009-10-12,,,,2009,10,12,,0.05961,-0.40192,0.40632,8.0
8360,2009-10-13,,,,2009,10,13,,0.10765,-0.45422,0.4668,8.0
8361,2009-10-14,,,,2009,10,14,,0.18148,-0.53572,0.56562,8.0
8362,2009-10-15,,,,2009,10,15,,0.24998,-0.66372,0.70923,8.0
8363,2009-10-16,,,,2009,10,16,,0.36777,-0.74326,0.82927,8.0
8364,2009-10-17,,,,2009,10,17,,0.46402,-0.90017,1.01273,8.0
8365,2009-10-18,,,,2009,10,18,,0.53654,-0.9745,1.11244,8.0
8366,2009-10-19,,,,2009,10,19,,0.61638,-1.01624,1.18856,8.0
8367,2009-10-20,,,,2009,10,20,,0.64067,-0.9604,1.15448,8.0
8368,2009-10-21,,,,2009,10,21,,0.68611,-0.86809,1.1065,8.0
8369,2009-10-22,,,,2009,10,22,,0.7303,-0.82785,1.10394,8.0
8370,2009-10-23,,,,2009,10,23,,0.79735,-0.79067,1.12291,7.0
8371,2009-10-24,,,,2009,10,24,,0.89321,-0.79113,1.19319,7.0
8372,2009-10-25,,,,2009,10,25,,0.952,-0.81381,1.25243,7.0
8373,2009-10-26,,,,2009,10,26,,1.12494,-0.82762,1.39658,7.0
8374,2009-10-27,,,,2009,10,27,,1.41969,-0.87725,1.66885,7.0
8375,2009-10-28,,,,2009,10,28,,1.67258,-0.91876,1.90831,7.0
8376,2009-10-29,,,,2009,10,29,,1.90434,-0.9487,2.12757,7.0
8377,2009-10-30,,,,2009,10,30,,2.12754,-0.92207,2.31876,7.0
8378,2009-10-31,,,,2009,10,31,,2.31282,-0.70873,2.41897,7.0
8379,2009-11-01,-0.67,-0.744,0.459,2009,11,1,,2.49708,-0.45915,2.53895,7.0
8380,2009-11-02,,,,2009,11,2,,2.55278,-0.13549,2.55637,7.0
8381,2009-11-03,,,,2009,11,3,,2.55699,0.13101,2.56034,6.0
8382,2009-11-04,,,,2009,11,4,,2.48266,0.39077,2.51323,6.0
8383,2009-11-05,,,,2009,11,5,,2.34792,0.63959,2.43348,6.0
8384,2009-11-06,,,,2009,11,6,,2.27092,0.91167,2.44708,6.0
8385,2009-11-07,,,,2009,11,7,,2.17216,1.11765,2.44283,6.0
8386,2009-11-08,,,,2009,11,8,,2.01139,1.27395,2.38089,6.0
8387,2009-11-09,,,,2009,11,9,,1.73856,1.36068,2.20772,6.0
8388,2009-11-10,,,,2009,11,10,,1.39162,1.39187,1.96822,5.0
8389,2009-11-11,,,,2009,11,11,,1.15732,1.29831,1.73925,5.0
8390,2009-11-12,,,,2009,11,12,,0.88893,1.25507,1.53799,5.0
8391,2009-11-13,,,,2009,11,13,,0.60762,1.23966,1.38056,5.0
8392,2009-11-14,,,,2009,11,14,,0.33911,1.27084,1.31531,5.0
8393,2009-11-15,,,,2009,11,15,,0.04243,1.28311,1.28381,5.0
8394,2009-11-16,,,,2009,11,16,,-0.25895,1.37634,1.40049,4.0
8395,2009-11-17,,,,2009,11,17,,-0.52432,1.49856,1.58764,4.0
8396,2009-11-18,,,,2009,11,18,,-0.8104,1.46882,1.67755,4.0
8397,2009-11-19,,,,2009,11,19,,-1.149,1.21581,1.67284,4.0
8398,2009-11-20,,,,2009,11,20,,-1.43694,0.75581,1.62359,3.0
8399,2009-11-21,,,,2009,11,21,,-1.57214,0.26775,1.59478,3.0
8400,2009-11-22,,,,2009,11,22,,-1.57962,-0.1304,1.58499,2.0
8401,2009-11-23,,,,2009,11,23,,-1.5602,-0.46891,1.62914,2.0
8402,2009-11-24,,,,2009,11,24,,-1.58111,-0.68035,1.72127,2.0
8403,2009-11-25,,,,2009,11,25,,-1.61112,-0.86039,1.82646,2.0
8404,2009-11-26,,,,2009,11,26,,-1.60838,-1.06358,1.92823,2.0
8405,2009-11-27,,,,2009,11,27,,-1.54588,-1.19909,1.95641,2.0
8406,2009-11-28,,,,2009,11,28,,-1.46649,-1.19467,1.89151,2.0
8407,2009-11-29,,,,2009,11,29,,-1.35895,-1.17237,1.79477,2.0
8408,2009-11-30,,,,2009,11,30,,-1.20469,-1.16966,1.6791,2.0
8409,2009-12-01,-0.95,-0.563,-3.413,2009,12,1,,-1.03021,-1.12895,1.52835,1.0
8410,2009-12-02,,,,2009,12,2,,-0.91031,-1.07698,1.41016,1.0
8411,2009-12-03,,,,2009,12,3,,-0.81315,-1.09318,1.36244,1.0
8412,2009-12-04,,,,2009,12,4,,-0.69808,-1.19394,1.38305,1.0
8413,2009-12-05,,,,2009,12,5,,-0.56664,-1.2541,1.37618,1.0
8414,2009-12-06,,,,2009,12,6,,-0.48979,-1.29151,1.38127,1.0
8415,2009-12-07,,,,2009,12,7,,-0.42145,-1.32203,1.38758,1.0
8416,2009-12-08,,,,2009,12,8,,-0.34892,-1.27474,1.32163,1.0
8417,2009-12-09,,,,2009,12,9,,-0.22279,-1.20091,1.2214,1.0
8418,2009-12-10,,,,2009,12,10,,-0.10569,-1.11038,1.1154,1.0
8419,2009-12-11,,,,2009,12,11,,0.10617,-0.9993,1.00492,8.0
8420,2009-12-12,,,,2009,12,12,,0.24563,-0.82233,0.85823,8.0
8421,2009-12-13,,,,2009,12,13,,0.34681,-0.48039,0.59249,8.0
8422,2009-12-14,,,,2009,12,14,,0.39146,-0.21259,0.44546,7.0
8423,2009-12-15,,,,2009,12,15,,0.39824,0.04909,0.40125,6.0
8424,2009-12-16,,,,2009,12,16,,0.41922,0.2291,0.47774,6.0
8425,2009-12-17,,,,2009,12,17,,0.50767,0.26954,0.57479,6.0
8426,2009-12-18,,,,2009,12,18,,0.61576,0.26565,0.67062,6.0
8427,2009-12-19,,,,2009,12,19,,0.79,0.22004,0.82007,6.0
8428,2009-12-20,,,,2009,12,20,,0.89102,0.21432,0.91643,6.0
8429,2009-12-21,,,,2009,12,21,,1.03816,0.24761,1.06729,6.0
8430,2009-12-22,,,,2009,12,22,,1.25996,0.16444,1.27065,6.0
8431,2009-12-23,,,,2009,12,23,,1.52307,0.2272,1.53993,6.0
8432,2009-12-24,,,,2009,12,24,,1.78417,0.32232,1.81305,6.0
8433,2009-12-25,,,,2009,12,25,,1.92828,0.50027,1.99212,6.0
8434,2009-12-26,,,,2009,12,26,,1.97851,0.75607,2.11805,6.0
8435,2009-12-27,,,,2009,12,27,,1.93389,0.99228,2.17361,6.0
8436,2009-12-28,,,,2009,12,28,,1.81506,1.23442,2.19505,6.0
8437,2009-12-29,,,,2009,12,29,,1.68057,1.38828,2.17983,6.0
8438,2009-12-30,,,,2009,12,30,,1.49558,1.48217,2.10561,6.0
8439,2009-12-31,,,,2009,12,31,,1.26337,1.55804,2.00589,5.0
8440,2010-01-01,-1.13,0.101,-2.587,2010,1,1,,0.94317,1.57758,1.83803,5.0
8441,2010-01-02,,,,2010,1,2,,0.71012,1.53488,1.69119,5.0
8442,2010-01-03,,,,2010,1,3,,0.46932,1.42157,1.49704,5.0
8443,2010-01-04,,,,2010,1,4,,0.17544,1.351,1.36234,5.0
8444,2010-01-05,,,,2010,1,5,,-0.10591,1.33267,1.33687,4.0
8445,2010-01-06,,,,2010,1,6,,-0.43669,1.24698,1.32124,4.0
8446,2010-01-07,,,,2010,1,7,,-0.7536,1.09034,1.32543,4.0
8447,2010-01-08,,,,2010,1,8,,-0.93337,0.9742,1.34917,4.0
8448,2010-01-09,,,,2010,1,9,,-1.00766,0.90968,1.35753,3.0
8449,2010-01-10,,,,2010,1,10,,-1.16028,0.7948,1.4064,3.0
8450,2010-01-11,,,,2010,1,11,,-1.41056,0.67264,1.56273,3.0
8451,2010-01-12,,,,2010,1,12,,-1.58001,0.61416,1.69517,3.0
8452,2010-01-13,,,,2010,1,13,,-1.63014,0.6039,1.73841,3.0
8453,2010-01-14,,,,2010,1,14,,-1.66307,0.55981,1.75476,3.0
8454,2010-01-15,,,,2010,1,15,,-1.64604,0.49666,1.71934,3.0
8455,2010-01-16,,,,2010,1,16,,-1.58895,0.4352,1.64748,3.0
8456,2010-01-17,,,,2010,1,17,,-1.54139,0.32607,1.5755,3.0
8457,2010-01-18,,,,2010,1,18,,-1.51224,0.12,1.517,3.0
8458,2010-01-19,,,,2010,1,19,,-1.40343,-0.05873,1.40466,2.0
8459,2010-01-20,,,,2010,1,20,,-1.28899,-0.29257,1.32177,2.0
8460,2010-01-21,,,,2010,1,21,,-1.20253,-0.54623,1.32077,2.0
8461,2010-01-22,,,,2010,1,22,,-1.19251,-0.83663,1.45672,2.0
8462,2010-01-23,,,,2010,1,23,,-1.17214,-1.11398,1.61705,2.0
8463,2010-01-24,,,,2010,1,24,,-1.11529,-1.37418,1.76981,1.0
8464,2010-01-25,,,,2010,1,25,,-1.02418,-1.60164,1.90111,1.0
8465,2010-01-26,,,,2010,1,26,,-0.99528,-1.80823,2.06404,1.0
8466,2010-01-27,,,,2010,1,27,,-0.97228,-1.95497,2.1834,1.0
8467,2010-01-28,,,,2010,1,28,,-0.94707,-2.06229,2.26936,1.0
8468,2010-01-29,,,,2010,1,29,,-0.89657,-2.13712,2.31757,1.0
8469,2010-01-30,,,,2010,1,30,,-0.8421,-2.17096,2.32856,1.0
8470,2010-01-31,,,,2010,1,31,,-0.71597,-2.24321,2.3547,1.0
8471,2010-02-01,-1.59,0.269,-4.266,2010,2,1,,-0.50297,-2.31967,2.37357,1.0
8472,2010-02-02,,,,2010,2,2,,-0.2689,-2.36038,2.37565,1.0
8473,2010-02-03,,,,2010,2,3,,-0.10034,-2.39551,2.39761,1.0
8474,2010-02-04,,,,2010,2,4,,0.14541,-2.44479,2.44911,8.0
8475,2010-02-05,,,,2010,2,5,,0.4397,-2.46108,2.50005,8.0
8476,2010-02-06,,,,2010,2,6,,0.75438,-2.46642,2.57921,8.0
8477,2010-02-07,,,,2010,2,7,,1.07639,-2.38987,2.62109,8.0
8478,2010-02-08,,,,2010,2,8,,1.39425,-2.28119,2.67353,8.0
8479,2010-02-09,,,,2010,2,9,,1.62804,-2.1497,2.69662,8.0
8480,2010-02-10,,,,2010,2,10,,1.75589,-2.06778,2.71272,8.0
8481,2010-02-11,,,,2010,2,11,,1.80599,-2.01044,2.70249,8.0
8482,2010-02-12,,,,2010,2,12,,1.87152,-1.92116,2.68206,8.0
8483,2010-02-13,,,,2010,2,13,,1.93235,-1.78292,2.62921,7.0
8484,2010-02-14,,,,2010,2,14,,1.98423,-1.62221,2.56296,7.0
8485,2010-02-15,,,,2010,2,15,,2.01436,-1.43985,2.47605,7.0
8486,2010-02-16,,,,2010,2,16,,1.96112,-1.19455,2.29629,7.0
8487,2010-02-17,,,,2010,2,17,,1.7681,-0.87487,1.97271,7.0
8488,2010-02-18,,,,2010,2,18,,1.57285,-0.61594,1.68915,7.0
8489,2010-02-19,,,,2010,2,19,,1.37305,-0.40126,1.43048,7.0
8490,2010-02-20,,,,2010,2,20,,1.17955,-0.17401,1.19232,7.0
8491,2010-02-21,,,,2010,2,21,,0.9391,0.11832,0.94652,6.0
8492,2010-02-22,,,,2010,2,22,,0.61755,0.41498,0.74403,6.0
8493,2010-02-23,,,,2010,2,23,,0.26972,0.62653,0.68212,5.0
8494,2010-02-24,,,,2010,2,24,,-0.04327,0.688,0.68936,4.0
8495,2010-02-25,,,,2010,2,25,,-0.2966,0.61682,0.68442,4.0
8496,2010-02-26,,,,2010,2,26,,-0.39353,0.47348,0.61567,4.0
8497,2010-02-27,,,,2010,2,27,,-0.44497,0.44494,0.62926,3.0
8498,2010-02-28,,,,2010,2,28,,-0.51237,0.45611,0.68597,3.0
8499,2010-03-01,-1.4,-0.045,-0.432,2010,3,1,,-0.47373,0.49668,0.68637,4.0
8500,2010-03-02,,,,2010,3,2,,-0.35627,0.5125,0.62417,4.0
8501,2010-03-03,,,,2010,3,3,,-0.22428,0.57249,0.61485,4.0
8502,2010-03-04,,,,2010,3,4,,-0.10935,0.6365,0.64582,4.0
8503,2010-03-05,,,,2010,3,5,,-0.07835,0.71514,0.71942,4.0
8504,2010-03-06,,,,2010,3,6,,-0.10051,0.75361,0.76029,4.0
8505,2010-03-07,,,,2010,3,7,,-0.14887,0.73632,0.75122,4.0
8506,2010-03-08,,,,2010,3,8,,-0.25711,0.65735,0.70585,4.0
8507,2010-03-09,,,,2010,3,9,,-0.3288,0.66808,0.74461,4.0
8508,2010-03-10,,,,2010,3,10,,-0.40709,0.72817,0.83424,4.0
8509,2010-03-11,,,,2010,3,11,,-0.4337,0.73455,0.85303,4.0
8510,2010-03-12,,,,2010,3,12,,-0.37833,0.66734,0.76712,4.0
8511,2010-03-13,,,,2010,3,13,,-0.31184,0.63892,0.71096,4.0
8512,2010-03-14,,,,2010,3,14,,-0.27549,0.69497,0.74758,4.0
8513,2010-03-15,,,,2010,3,15,,-0.20595,0.77848,0.80526,4.0
8514,2010-03-16,,,,2010,3,16,,-0.11916,0.91843,0.92613,4.0
8515,2010-03-17,,,,2010,3,17,,-0.0061,1.08282,1.08284,4.0
8516,2010-03-18,,,,2010,3,18,,0.14886,1.22737,1.23636,5.0
8517,2010-03-19,,,,2010,3,19,,0.28867,1.37984,1.40971,5.0
8518,2010-03-20,,,,2010,3,20,,0.3424,1.47179,1.51109,5.0
8519,2010-03-21,,,,2010,3,21,,0.36208,1.52867,1.57097,5.0
8520,2010-03-22,,,,2010,3,22,,0.31631,1.53116,1.56349,5.0
8521,2010-03-23,,,,2010,3,23,,0.30702,1.52956,1.56007,5.0
8522,2010-03-24,,,,2010,3,24,,0.28571,1.60036,1.62566,5.0
8523,2010-03-25,,,,2010,3,25,,0.21561,1.77223,1.78529,5.0
8524,2010-03-26,,,,2010,3,26,,0.17406,1.94445,1.95222,5.0
8525,2010-03-27,,,,2010,3,27,,0.15731,2.08259,2.08852,5.0
8526,2010-03-28,,,,2010,3,28,,0.19045,2.12585,2.13437,5.0
8527,2010-03-29,,,,2010,3,29,,0.19569,2.14584,2.15474,5.0
8528,2010-03-30,,,,2010,3,30,,0.14777,2.13751,2.14261,5.0
8529,2010-03-31,,,,2010,3,31,,0.07552,2.00498,2.0064,5.0
8530,2010-04-01,1.88,0.029,-0.275,2010,4,1,,-0.02432,1.83001,1.83018,4.0
8531,2010-04-02,,,,2010,4,2,,-0.12078,1.55125,1.55595,4.0
8532,2010-04-03,,,,2010,4,3,,-0.17219,1.25703,1.26877,4.0
8533,2010-04-04,,,,2010,4,4,,-0.19733,0.99712,1.01646,4.0
8534,2010-04-05,,,,2010,4,5,,-0.23537,0.77366,0.80867,4.0
8535,2010-04-06,,,,2010,4,6,,-0.31674,0.55769,0.64136,4.0
8536,2010-04-07,,,,2010,4,7,,-0.28662,0.37803,0.4744,4.0
8537,2010-04-08,,,,2010,4,8,,-0.25667,0.19825,0.32432,3.0
8538,2010-04-09,,,,2010,4,9,,-0.17649,0.15069,0.23207,3.0
8539,2010-04-10,,,,2010,4,10,,-0.12521,0.12282,0.17539,3.0
8540,2010-04-11,,,,2010,4,11,,-0.09003,0.14303,0.16901,4.0
8541,2010-04-12,,,,2010,4,12,,-0.11094,0.12911,0.17022,4.0
8542,2010-04-13,,,,2010,4,13,,-0.1904,0.15349,0.24456,3.0
8543,2010-04-14,,,,2010,4,14,,-0.25209,0.18841,0.31472,3.0
8544,2010-04-15,,,,2010,4,15,,-0.24118,0.31161,0.39405,4.0
8545,2010-04-16,,,,2010,4,16,,-0.18355,0.40441,0.44411,4.0
8546,2010-04-17,,,,2010,4,17,,-0.12768,0.4319,0.45038,4.0
8547,2010-04-18,,,,2010,4,18,,-0.11387,0.45447,0.46852,4.0
8548,2010-04-19,,,,2010,4,19,,-0.09291,0.43218,0.44205,4.0
8549,2010-04-20,,,,2010,4,20,,-0.03642,0.35896,0.3608,4.0
8550,2010-04-21,,,,2010,4,21,,0.06175,0.22341,0.23179,5.0
8551,2010-04-22,,,,2010,4,22,,0.14641,0.07737,0.1656,6.0
8552,2010-04-23,,,,2010,4,23,,0.16548,-0.08059,0.18406,7.0
8553,2010-04-24,,,,2010,4,24,,0.08747,-0.34363,0.35459,8.0
8554,2010-04-25,,,,2010,4,25,,-0.03199,-0.57479,0.57568,1.0
8555,2010-04-26,,,,2010,4,26,,-0.06861,-0.7036,0.70694,1.0
8556,2010-04-27,,,,2010,4,27,,-0.03136,-0.84558,0.84616,1.0
8557,2010-04-28,,,,2010,4,28,,0.10033,-1.01718,1.02211,8.0
8558,2010-04-29,,,,2010,4,29,,0.14863,-1.09693,1.10696,8.0
8559,2010-04-30,,,,2010,4,30,,0.19392,-1.1441,1.16041,8.0
8560,2010-05-01,0.85,-0.055,-0.919,2010,5,1,,0.26068,-1.2095,1.23727,8.0
8561,2010-05-02,,,,2010,5,2,,0.40016,-1.23493,1.29814,8.0
8562,2010-05-03,,,,2010,5,3,,0.65584,-1.17632,1.34679,8.0
8563,2010-05-04,,,,2010,5,4,,0.91554,-1.03079,1.37867,8.0
8564,2010-05-05,,,,2010,5,5,,1.18676,-0.88304,1.47924,7.0
8565,2010-05-06,,,,2010,5,6,,1.3084,-0.72145,1.49412,7.0
8566,2010-05-07,,,,2010,5,7,,1.38782,-0.38194,1.43941,7.0
8567,2010-05-08,,,,2010,5,8,,1.50419,-0.07625,1.50613,7.0
8568,2010-05-09,,,,2010,5,9,,1.62668,0.17684,1.63626,6.0
8569,2010-05-10,,,,2010,5,10,,1.71624,0.42168,1.76728,6.0
8570,2010-05-11,,,,2010,5,11,,1.67171,0.67259,1.80194,6.0
8571,2010-05-12,,,,2010,5,12,,1.52279,0.92641,1.78245,6.0
8572,2010-05-13,,,,2010,5,13,,1.288,1.16775,1.73856,6.0
8573,2010-05-14,,,,2010,5,14,,0.88762,1.30225,1.57598,5.0
8574,2010-05-15,,,,2010,5,15,,0.56199,1.33304,1.44666,5.0
8575,2010-05-16,,,,2010,5,16,,0.22596,1.15615,1.17802,5.0
8576,2010-05-17,,,,2010,5,17,,-0.06794,0.98327,0.98561,4.0
8577,2010-05-18,,,,2010,5,18,,-0.28316,0.82617,0.87335,4.0
8578,2010-05-19,,,,2010,5,19,,-0.53477,0.66592,0.85407,4.0
8579,2010-05-20,,,,2010,5,20,,-0.70061,0.52206,0.87373,3.0
8580,2010-05-21,,,,2010,5,21,,-0.78895,0.34062,0.85933,3.0
8581,2010-05-22,,,,2010,5,22,,-0.83405,0.11378,0.84178,3.0
8582,2010-05-23,,,,2010,5,23,,-0.78167,-0.05695,0.78374,2.0
8583,2010-05-24,,,,2010,5,24,,-0.73766,-0.18604,0.76076,2.0
8584,2010-05-25,,,,2010,5,25,,-0.6757,-0.23135,0.7142,2.0
8585,2010-05-26,,,,2010,5,26,,-0.59446,-0.33158,0.68069,2.0
8586,2010-05-27,,,,2010,5,27,,-0.61579,-0.44687,0.76085,2.0
8587,2010-05-28,,,,2010,5,28,,-0.60524,-0.59331,0.84755,2.0
8588,2010-05-29,,,,2010,5,29,,-0.54888,-0.72657,0.91059,1.0
8589,2010-05-30,,,,2010,5,30,,-0.489,-0.68665,0.84298,1.0
8590,2010-05-31,,,,2010,5,31,,-0.34642,-0.56651,0.66404,1.0
8591,2010-06-01,0.24,-0.773,-0.013,2010,6,1,,-0.19215,-0.43594,0.47641,1.0
8592,2010-06-02,,,,2010,6,2,,-0.06811,-0.23243,0.2422,1.0
8593,2010-06-03,,,,2010,6,3,,-0.02346,-0.00737,0.02459,2.0
8594,2010-06-04,,,,2010,6,4,,0.00595,0.20701,0.2071,5.0
8595,2010-06-05,,,,2010,6,5,,0.04369,0.40656,0.40891,5.0
8596,2010-06-06,,,,2010,6,6,,0.14677,0.61756,0.63476,5.0
8597,2010-06-07,,,,2010,6,7,,0.20848,0.71145,0.74137,5.0
8598,2010-06-08,,,,2010,6,8,,0.28762,0.61464,0.6786,5.0
8599,2010-06-09,,,,2010,6,9,,0.2906,0.46205,0.54584,5.0
8600,2010-06-10,,,,2010,6,10,,0.18276,0.34557,0.39092,5.0
8601,2010-06-11,,,,2010,6,11,,0.05672,0.27258,0.27842,5.0
8602,2010-06-12,,,,2010,6,12,,0.02252,0.14605,0.14777,5.0
8603,2010-06-13,,,,2010,6,13,,-0.03394,-0.0085,0.03499,2.0
8604,2010-06-14,,,,2010,6,14,,-0.12798,-0.11391,0.17134,2.0
8605,2010-06-15,,,,2010,6,15,,-0.30192,-0.21928,0.37315,2.0
8606,2010-06-16,,,,2010,6,16,,-0.38168,-0.27508,0.47047,2.0
8607,2010-06-17,,,,2010,6,17,,-0.45635,-0.15078,0.48062,2.0
8608,2010-06-18,,,,2010,6,18,,-0.48224,-0.0077,0.4823,2.0
8609,2010-06-19,,,,2010,6,19,,-0.31623,0.03392,0.31805,3.0
8610,2010-06-20,,,,2010,6,20,,-0.09603,-0.07591,0.12241,2.0
8611,2010-06-21,,,,2010,6,21,,-0.00044,-0.16922,0.16922,1.0
8612,2010-06-22,,,,2010,6,22,,0.00706,-0.18592,0.18605,8.0
8613,2010-06-23,,,,2010,6,23,,0.1778,-0.15613,0.23663,7.0
8614,2010-06-24,,,,2010,6,24,,0.39576,-0.14292,0.42078,7.0
8615,2010-06-25,,,,2010,6,25,,0.53256,-0.13425,0.54922,7.0
8616,2010-06-26,,,,2010,6,26,,0.61207,-0.15582,0.6316,7.0
8617,2010-06-27,,,,2010,6,27,,0.72665,-0.2164,0.75819,7.0
8618,2010-06-28,,,,2010,6,28,,0.7583,-0.25803,0.801,7.0
8619,2010-06-29,,,,2010,6,29,,0.74265,-0.19558,0.76797,7.0
8620,2010-06-30,,,,2010,6,30,,0.74317,-0.00299,0.74318,7.0
8621,2010-07-01,1.95,-1.553,0.435,2010,7,1,,0.7895,0.17171,0.80795,6.0
8622,2010-07-02,,,,2010,7,2,,0.69336,0.26685,0.74294,6.0
8623,2010-07-03,,,,2010,7,3,,0.62477,0.29428,0.69061,6.0
8624,2010-07-04,,,,2010,7,4,,0.59561,0.28478,0.66019,6.0
8625,2010-07-05,,,,2010,7,5,,0.58488,0.19857,0.61767,6.0
8626,2010-07-06,,,,2010,7,6,,0.52892,0.08665,0.53597,6.0
8627,2010-07-07,,,,2010,7,7,,0.46687,0.00302,0.46688,6.0
8628,2010-07-08,,,,2010,7,8,,0.42048,-0.06449,0.4254,7.0
8629,2010-07-09,,,,2010,7,9,,0.38951,-0.20508,0.4402,7.0
8630,2010-07-10,,,,2010,7,10,,0.41665,-0.34121,0.53853,7.0
8631,2010-07-11,,,,2010,7,11,,0.46618,-0.42568,0.63129,7.0
8632,2010-07-12,,,,2010,7,12,,0.49684,-0.4171,0.64871,7.0
8633,2010-07-13,,,,2010,7,13,,0.5316,-0.25387,0.58911,7.0
8634,2010-07-14,,,,2010,7,14,,0.62059,-0.06771,0.62428,7.0
8635,2010-07-15,,,,2010,7,15,,0.66294,0.1774,0.68626,6.0
8636,2010-07-16,,,,2010,7,16,,0.60335,0.41175,0.73046,6.0
8637,2010-07-17,,,,2010,7,17,,0.5177,0.57732,0.77544,5.0
8638,2010-07-18,,,,2010,7,18,,0.45748,0.70588,0.84116,5.0
8639,2010-07-19,,,,2010,7,19,,0.2895,0.87271,0.91947,5.0
8640,2010-07-20,,,,2010,7,20,,0.09002,1.02758,1.03151,5.0
8641,2010-07-21,,,,2010,7,21,,-0.04839,1.10324,1.10431,4.0
8642,2010-07-22,,,,2010,7,22,,-0.18652,1.06636,1.08255,4.0
8643,2010-07-23,,,,2010,7,23,,-0.28269,1.02784,1.066,4.0
8644,2010-07-24,,,,2010,7,24,,-0.30186,0.95031,0.9971,4.0
8645,2010-07-25,,,,2010,7,25,,-0.32436,0.88112,0.93892,4.0
8646,2010-07-26,,,,2010,7,26,,-0.37332,0.81664,0.89792,4.0
8647,2010-07-27,,,,2010,7,27,,-0.48164,0.72689,0.87198,4.0
8648,2010-07-28,,,,2010,7,28,,-0.51914,0.62356,0.81138,4.0
8649,2010-07-29,,,,2010,7,29,,-0.54699,0.51795,0.75331,3.0
8650,2010-07-30,,,,2010,7,30,,-0.64931,0.45479,0.79274,3.0
8651,2010-07-31,,,,2010,7,31,,-0.76733,0.3581,0.84678,3.0
8652,2010-08-01,1.77,-1.671,-0.117,2010,8,1,,-0.93759,0.21099,0.96104,3.0
8653,2010-08-02,,,,2010,8,2,,-1.09607,0.1123,1.10181,3.0
8654,2010-08-03,,,,2010,8,3,,-1.07105,0.05612,1.07252,3.0
8655,2010-08-04,,,,2010,8,4,,-0.96985,-0.01489,0.96996,2.0
8656,2010-08-05,,,,2010,8,5,,-0.84709,-0.03052,0.84764,2.0
8657,2010-08-06,,,,2010,8,6,,-0.68768,-0.04261,0.689,2.0
8658,2010-08-07,,,,2010,8,7,,-0.45807,-0.12685,0.47531,2.0
8659,2010-08-08,,,,2010,8,8,,-0.18162,-0.20163,0.27137,1.0
8660,2010-08-09,,,,2010,8,9,,0.13333,-0.19922,0.23972,8.0
8661,2010-08-10,,,,2010,8,10,,0.45923,-0.23817,0.51732,7.0
8662,2010-08-11,,,,2010,8,11,,0.6923,-0.30395,0.75609,7.0
8663,2010-08-12,,,,2010,8,12,,0.82129,-0.3826,0.90603,7.0
8664,2010-08-13,,,,2010,8,13,,0.96774,-0.42263,1.05599,7.0
8665,2010-08-14,,,,2010,8,14,,1.0412,-0.45406,1.1359,7.0
8666,2010-08-15,,,,2010,8,15,,1.01693,-0.43211,1.10493,7.0
8667,2010-08-16,,,,2010,8,16,,0.9169,-0.30281,0.96561,7.0
8668,2010-08-17,,,,2010,8,17,,0.79309,-0.17594,0.81237,7.0
8669,2010-08-18,,,,2010,8,18,,0.57636,-0.1457,0.59449,7.0
8670,2010-08-19,,,,2010,8,19,,0.31705,-0.12483,0.34074,7.0
8671,2010-08-20,,,,2010,8,20,,0.13397,-0.1248,0.1831,7.0
8672,2010-08-21,,,,2010,8,21,,0.00184,-0.13841,0.13843,8.0
8673,2010-08-22,,,,2010,8,22,,-0.24063,-0.20094,0.3135,2.0
8674,2010-08-23,,,,2010,8,23,,-0.42873,-0.26805,0.50563,2.0
8675,2010-08-24,,,,2010,8,24,,-0.54802,-0.31439,0.6318,2.0
8676,2010-08-25,,,,2010,8,25,,-0.51692,-0.38725,0.64589,2.0
8677,2010-08-26,,,,2010,8,26,,-0.49438,-0.52897,0.72403,1.0
8678,2010-08-27,,,,2010,8,27,,-0.43202,-0.71071,0.83171,1.0
8679,2010-08-28,,,,2010,8,28,,-0.33038,-0.79877,0.86439,1.0
8680,2010-08-29,,,,2010,8,29,,-0.26433,-0.78371,0.82709,1.0
8681,2010-08-30,,,,2010,8,30,,-0.23092,-0.67303,0.71155,1.0
8682,2010-08-31,,,,2010,8,31,,-0.1454,-0.52857,0.54821,1.0
8683,2010-09-01,2.44,-1.814,-0.865,2010,9,1,,-6e-05,-0.3689,0.3689,1.0
8684,2010-09-02,,,,2010,9,2,,0.13152,-0.24536,0.27839,8.0
8685,2010-09-03,,,,2010,9,3,,0.1693,-0.11611,0.20528,7.0
8686,2010-09-04,,,,2010,9,4,,0.16842,0.07258,0.18339,6.0
8687,2010-09-05,,,,2010,9,5,,0.09668,0.33881,0.35233,5.0
8688,2010-09-06,,,,2010,9,6,,0.0246,0.60085,0.60136,5.0
8689,2010-09-07,,,,2010,9,7,,-0.08269,0.66839,0.67348,4.0
8690,2010-09-08,,,,2010,9,8,,-0.19041,0.58647,0.61661,4.0
8691,2010-09-09,,,,2010,9,9,,-0.28207,0.53633,0.60598,4.0
8692,2010-09-10,,,,2010,9,10,,-0.37427,0.47639,0.60583,4.0
8693,2010-09-11,,,,2010,9,11,,-0.37465,0.3215,0.49369,3.0
8694,2010-09-12,,,,2010,9,12,,-0.39778,0.13985,0.42165,3.0
8695,2010-09-13,,,,2010,9,13,,-0.39701,0.01763,0.3974,3.0
8696,2010-09-14,,,,2010,9,14,,-0.21937,-0.13055,0.25528,2.0
8697,2010-09-15,,,,2010,9,15,,-0.00412,-0.37335,0.37337,1.0
8698,2010-09-16,,,,2010,9,16,,0.17072,-0.51258,0.54026,8.0
8699,2010-09-17,,,,2010,9,17,,0.36881,-0.52408,0.64085,8.0
8700,2010-09-18,,,,2010,9,18,,0.54422,-0.56442,0.78406,8.0
8701,2010-09-19,,,,2010,9,19,,0.74663,-0.58606,0.94917,7.0
8702,2010-09-20,,,,2010,9,20,,0.86878,-0.4928,0.99882,7.0
8703,2010-09-21,,,,2010,9,21,,0.96137,-0.412,1.04593,7.0
8704,2010-09-22,,,,2010,9,22,,1.06201,-0.35668,1.12031,7.0
8705,2010-09-23,,,,2010,9,23,,1.04485,-0.23274,1.07045,7.0
8706,2010-09-24,,,,2010,9,24,,0.95426,0.00784,0.95429,6.0
8707,2010-09-25,,,,2010,9,25,,0.89041,0.18472,0.90937,6.0
8708,2010-09-26,,,,2010,9,26,,0.80275,0.29097,0.85385,6.0
8709,2010-09-27,,,,2010,9,27,,0.78457,0.44674,0.90284,6.0
8710,2010-09-28,,,,2010,9,28,,0.69113,0.63416,0.93798,6.0
8711,2010-09-29,,,,2010,9,29,,0.67444,0.81955,1.06138,5.0
8712,2010-09-30,,,,2010,9,30,,0.65942,0.99282,1.19185,5.0
8713,2010-10-01,1.8,-1.307,-0.467,2010,10,1,,0.55586,1.11514,1.246,5.0
8714,2010-10-02,,,,2010,10,2,,0.39678,1.21605,1.27915,5.0
8715,2010-10-03,,,,2010,10,3,,0.18714,1.21722,1.23152,5.0
8716,2010-10-04,,,,2010,10,4,,-0.05291,1.22162,1.22276,4.0
8717,2010-10-05,,,,2010,10,5,,-0.35466,1.2808,1.329,4.0
8718,2010-10-06,,,,2010,10,6,,-0.69896,1.27147,1.45093,4.0
8719,2010-10-07,,,,2010,10,7,,-1.04042,1.11486,1.52492,4.0
8720,2010-10-08,,,,2010,10,8,,-1.46703,0.85379,1.69739,3.0
8721,2010-10-09,,,,2010,10,9,,-1.85771,0.49854,1.92345,3.0
8722,2010-10-10,,,,2010,10,10,,-2.12588,0.08681,2.12765,3.0
8723,2010-10-11,,,,2010,10,11,,-2.27186,-0.36916,2.30166,2.0
8724,2010-10-12,,,,2010,10,12,,-2.27715,-0.72892,2.39097,2.0
8725,2010-10-13,,,,2010,10,13,,-2.19292,-0.96595,2.39624,2.0
8726,2010-10-14,,,,2010,10,14,,-2.06235,-1.14292,2.35787,2.0
8727,2010-10-15,,,,2010,10,15,,-1.95386,-1.25279,2.321,2.0
8728,2010-10-16,,,,2010,10,16,,-1.83203,-1.23358,2.20863,2.0
8729,2010-10-17,,,,2010,10,17,,-1.6529,-1.1516,2.01451,2.0
8730,2010-10-18,,,,2010,10,18,,-1.49944,-1.055,1.8334,2.0
8731,2010-10-19,,,,2010,10,19,,-1.31909,-0.96017,1.63154,2.0
8732,2010-10-20,,,,2010,10,20,,-1.0985,-0.79386,1.35533,2.0
8733,2010-10-21,,,,2010,10,21,,-0.86354,-0.6637,1.08913,2.0
8734,2010-10-22,,,,2010,10,22,,-0.70544,-0.45937,0.84182,2.0
8735,2010-10-23,,,,2010,10,23,,-0.52441,-0.1859,0.55639,2.0
8736,2010-10-24,,,,2010,10,24,,-0.35996,0.08345,0.3695,3.0
8737,2010-10-25,,,,2010,10,25,,-0.31786,0.26342,0.41282,3.0
8738,2010-10-26,,,,2010,10,26,,-0.30552,0.32886,0.44888,4.0
8739,2010-10-27,,,,2010,10,27,,-0.24207,0.4476,0.50886,4.0
8740,2010-10-28,,,,2010,10,28,,-0.1792,0.59717,0.62348,4.0
8741,2010-10-29,,,,2010,10,29,,-0.19884,0.67172,0.70053,4.0
8742,2010-10-30,,,,2010,10,30,,-0.26984,0.72708,0.77554,4.0
8743,2010-10-31,,,,2010,10,31,,-0.30524,0.74079,0.80121,4.0
8744,2010-11-01,1.62,-1.272,-0.376,2010,11,1,,-0.3166,0.59055,0.67007,4.0
8745,2010-11-02,,,,2010,11,2,,-0.27347,0.4294,0.50908,4.0
8746,2010-11-03,,,,2010,11,3,,-0.08534,0.28287,0.29546,4.0
8747,2010-11-04,,,,2010,11,4,,0.03799,0.14854,0.15332,5.0
8748,2010-11-05,,,,2010,11,5,,0.07962,0.02322,0.08294,6.0
8749,2010-11-06,,,,2010,11,6,,0.08762,-0.1541,0.17727,8.0
8750,2010-11-07,,,,2010,11,7,,0.20868,-0.31515,0.37797,8.0
8751,2010-11-08,,,,2010,11,8,,0.38785,-0.50019,0.63294,8.0
8752,2010-11-09,,,,2010,11,9,,0.53666,-0.73111,0.90693,8.0
8753,2010-11-10,,,,2010,11,10,,0.63928,-0.82167,1.04107,8.0
8754,2010-11-11,,,,2010,11,11,,0.61762,-0.88501,1.07921,8.0
8755,2010-11-12,,,,2010,11,12,,0.50546,-0.88032,1.01511,8.0
8756,2010-11-13,,,,2010,11,13,,0.46837,-0.8422,0.96368,8.0
8757,2010-11-14,,,,2010,11,14,,0.52271,-0.88049,1.02396,8.0
8758,2010-11-15,,,,2010,11,15,,0.58784,-0.80368,0.99572,8.0
8759,2010-11-16,,,,2010,11,16,,0.68239,-0.75106,1.01476,8.0
8760,2010-11-17,,,,2010,11,17,,0.74748,-0.6946,1.0204,7.0
8761,2010-11-18,,,,2010,11,18,,0.87502,-0.53369,1.02493,7.0
8762,2010-11-19,,,,2010,11,19,,0.95944,-0.3412,1.0183,7.0
8763,2010-11-20,,,,2010,11,20,,1.02321,-0.08893,1.02707,7.0
8764,2010-11-21,,,,2010,11,21,,1.07258,0.14432,1.08225,6.0
8765,2010-11-22,,,,2010,11,22,,1.0689,0.32031,1.11586,6.0
8766,2010-11-23,,,,2010,11,23,,0.97938,0.4476,1.07681,6.0
8767,2010-11-24,,,,2010,11,24,,0.96999,0.5016,1.09201,6.0
8768,2010-11-25,,,,2010,11,25,,0.87369,0.58224,1.04992,6.0
8769,2010-11-26,,,,2010,11,26,,0.89213,0.70438,1.13668,6.0
8770,2010-11-27,,,,2010,11,27,,0.87193,0.77495,1.16653,6.0
8771,2010-11-28,,,,2010,11,28,,0.8302,0.82345,1.16932,6.0
8772,2010-11-29,,,,2010,11,29,,0.75339,0.78554,1.08843,5.0
8773,2010-11-30,,,,2010,11,30,,0.71706,0.79548,1.07097,5.0
8774,2010-12-01,2.9,-1.849,-2.631,2010,12,1,,0.69029,0.8138,1.06713,5.0
8775,2010-12-02,,,,2010,12,2,,0.65133,0.819,1.04641,5.0
8776,2010-12-03,,,,2010,12,3,,0.52011,0.83071,0.9801,5.0
8777,2010-12-04,,,,2010,12,4,,0.33051,0.80225,0.86766,5.0
8778,2010-12-05,,,,2010,12,5,,0.05013,0.83749,0.83899,5.0
8779,2010-12-06,,,,2010,12,6,,-0.14914,0.8859,0.89837,4.0
8780,2010-12-07,,,,2010,12,7,,-0.27572,0.91346,0.95417,4.0
8781,2010-12-08,,,,2010,12,8,,-0.37145,0.88425,0.9591,4.0
8782,2010-12-09,,,,2010,12,9,,-0.5645,0.81376,0.99038,4.0
8783,2010-12-10,,,,2010,12,10,,-0.69796,0.75722,1.02982,4.0
8784,2010-12-11,,,,2010,12,11,,-0.7623,0.63416,0.9916,3.0
8785,2010-12-12,,,,2010,12,12,,-0.75816,0.44576,0.87949,3.0
8786,2010-12-13,,,,2010,12,13,,-0.63708,0.2924,0.70097,3.0
8787,2010-12-14,,,,2010,12,14,,-0.49536,0.12084,0.50988,3.0
8788,2010-12-15,,,,2010,12,15,,-0.41189,-0.03769,0.41361,2.0
8789,2010-12-16,,,,2010,12,16,,-0.32533,-0.15518,0.36044,2.0
8790,2010-12-17,,,,2010,12,17,,-0.29582,-0.20404,0.35936,2.0
8791,2010-12-18,,,,2010,12,18,,-0.23372,-0.15285,0.27926,2.0
8792,2010-12-19,,,,2010,12,19,,-0.219,-0.09872,0.24022,2.0
8793,2010-12-20,,,,2010,12,20,,-0.23595,0.03856,0.23908,3.0
8794,2010-12-21,,,,2010,12,21,,-0.2512,0.21812,0.33268,3.0
8795,2010-12-22,,,,2010,12,22,,-0.28868,0.35642,0.45866,4.0
8796,2010-12-23,,,,2010,12,23,,-0.23922,0.504,0.55789,4.0
8797,2010-12-24,,,,2010,12,24,,-0.21163,0.58767,0.62462,4.0
8798,2010-12-25,,,,2010,12,25,,-0.22435,0.61592,0.65551,4.0
8799,2010-12-26,,,,2010,12,26,,-0.13623,0.6372,0.6516,4.0
8800,2010-12-27,,,,2010,12,27,,-0.00716,0.62214,0.62219,4.0
8801,2010-12-28,,,,2010,12,28,,0.15682,0.58161,0.60238,5.0
8802,2010-12-29,,,,2010,12,29,,0.29021,0.50537,0.58277,5.0
8803,2010-12-30,,,,2010,12,30,,0.37357,0.33807,0.50383,6.0
8804,2010-12-31,,,,2010,12,31,,0.41114,0.14496,0.43595,6.0
8805,2011-01-01,2.01,-1.576,-1.683,2011,1,1,,0.32249,-0.03224,0.3241,7.0
8806,2011-01-02,,,,2011,1,2,,0.25422,-0.18508,0.31445,7.0
8807,2011-01-03,,,,2011,1,3,,0.24835,-0.24373,0.34797,7.0
8808,2011-01-04,,,,2011,1,4,,0.22615,-0.27095,0.35292,8.0
8809,2011-01-05,,,,2011,1,5,,0.1547,-0.25416,0.29754,8.0
8810,2011-01-06,,,,2011,1,6,,0.07907,-0.21997,0.23375,8.0
8811,2011-01-07,,,,2011,1,7,,0.03746,-0.18462,0.18838,8.0
8812,2011-01-08,,,,2011,1,8,,-0.04524,-0.06163,0.07645,1.0
8813,2011-01-09,,,,2011,1,9,,-0.1515,0.09442,0.17851,3.0
8814,2011-01-10,,,,2011,1,10,,-0.25044,0.2348,0.3433,3.0
8815,2011-01-11,,,,2011,1,11,,-0.32069,0.38584,0.50171,4.0
8816,2011-01-12,,,,2011,1,12,,-0.3047,0.52542,0.60738,4.0
8817,2011-01-13,,,,2011,1,13,,-0.2628,0.60743,0.66185,4.0
8818,2011-01-14,,,,2011,1,14,,-0.29117,0.44719,0.53363,4.0
8819,2011-01-15,,,,2011,1,15,,-0.44964,0.20094,0.4925,3.0
8820,2011-01-16,,,,2011,1,16,,-0.60604,-0.04742,0.60789,2.0
8821,2011-01-17,,,,2011,1,17,,-0.68623,-0.32716,0.76023,2.0
8822,2011-01-18,,,,2011,1,18,,-0.66768,-0.59839,0.89658,2.0
8823,2011-01-19,,,,2011,1,19,,-0.67645,-0.85329,1.08889,1.0
8824,2011-01-20,,,,2011,1,20,,-0.65912,-1.07941,1.26474,1.0
8825,2011-01-21,,,,2011,1,21,,-0.68137,-1.33736,1.50093,1.0
8826,2011-01-22,,,,2011,1,22,,-0.69186,-1.5246,1.67423,1.0
8827,2011-01-23,,,,2011,1,23,,-0.61359,-1.53664,1.65462,1.0
8828,2011-01-24,,,,2011,1,24,,-0.43575,-1.41643,1.48194,1.0
8829,2011-01-25,,,,2011,1,25,,-0.24629,-1.27204,1.29566,1.0
8830,2011-01-26,,,,2011,1,26,,-0.10652,-1.13503,1.14002,1.0
8831,2011-01-27,,,,2011,1,27,,-0.04752,-1.0088,1.00992,1.0
8832,2011-01-28,,,,2011,1,28,,0.0497,-0.80432,0.80586,8.0
8833,2011-01-29,,,,2011,1,29,,0.0918,-0.61842,0.6252,8.0
8834,2011-01-30,,,,2011,1,30,,0.09883,-0.39167,0.40395,8.0
8835,2011-01-31,,,,2011,1,31,,0.12559,-0.16658,0.20861,8.0
8836,2011-02-01,2.12,-1.172,1.575,2011,2,1,,0.18348,0.01193,0.18386,6.0
8837,2011-02-02,,,,2011,2,2,,0.18919,0.10579,0.21676,6.0
8838,2011-02-03,,,,2011,2,3,,0.13459,0.18272,0.22694,5.0
8839,2011-02-04,,,,2011,2,4,,0.09892,0.23072,0.25103,5.0
8840,2011-02-05,,,,2011,2,5,,0.08634,0.22328,0.23939,5.0
8841,2011-02-06,,,,2011,2,6,,0.18421,0.0411,0.18874,6.0
8842,2011-02-07,,,,2011,2,7,,0.29404,-0.06578,0.30131,7.0
8843,2011-02-08,,,,2011,2,8,,0.31782,-0.17195,0.36135,7.0
8844,2011-02-09,,,,2011,2,9,,0.33246,-0.33881,0.47468,8.0
8845,2011-02-10,,,,2011,2,10,,0.31858,-0.44205,0.54489,8.0
8846,2011-02-11,,,,2011,2,11,,0.30527,-0.53752,0.61816,8.0
8847,2011-02-12,,,,2011,2,12,,0.21634,-0.62731,0.66357,8.0
8848,2011-02-13,,,,2011,2,13,,0.10345,-0.63876,0.64708,8.0
8849,2011-02-14,,,,2011,2,14,,0.01771,-0.58076,0.58103,8.0
8850,2011-02-15,,,,2011,2,15,,-0.1384,-0.42499,0.44696,1.0
8851,2011-02-16,,,,2011,2,16,,-0.2405,-0.2912,0.37767,1.0
8852,2011-02-17,,,,2011,2,17,,-0.21859,-0.21926,0.30961,1.0
8853,2011-02-18,,,,2011,2,18,,-0.21473,-0.0688,0.22548,2.0
8854,2011-02-19,,,,2011,2,19,,-0.22416,0.12525,0.25678,3.0
8855,2011-02-20,,,,2011,2,20,,-0.19162,0.31698,0.3704,4.0
8856,2011-02-21,,,,2011,2,21,,-0.07889,0.42102,0.42835,4.0
8857,2011-02-22,,,,2011,2,22,,-0.03924,0.54282,0.54424,4.0
8858,2011-02-23,,,,2011,2,23,,-0.05436,0.65087,0.65313,4.0
8859,2011-02-24,,,,2011,2,24,,-0.08085,0.72916,0.73363,4.0
8860,2011-02-25,,,,2011,2,25,,-0.15667,0.74848,0.7647,4.0
8861,2011-02-26,,,,2011,2,26,,-0.34255,0.7312,0.80747,4.0
8862,2011-02-27,,,,2011,2,27,,-0.42155,0.67943,0.79958,4.0
8863,2011-02-28,,,,2011,2,28,,-0.43549,0.57176,0.71872,4.0
8864,2011-03-01,2.09,-1.074,1.424,2011,3,1,,-0.39822,0.51123,0.64803,4.0
8865,2011-03-02,,,,2011,3,2,,-0.39625,0.47325,0.61723,4.0
8866,2011-03-03,,,,2011,3,3,,-0.34443,0.42167,0.54446,4.0
8867,2011-03-04,,,,2011,3,4,,-0.27823,0.36863,0.46184,4.0
8868,2011-03-05,,,,2011,3,5,,-0.23841,0.33558,0.41165,4.0
8869,2011-03-06,,,,2011,3,6,,-0.15375,0.31604,0.35146,4.0
8870,2011-03-07,,,,2011,3,7,,-0.00963,0.31718,0.31732,4.0
8871,2011-03-08,,,,2011,3,8,,0.03911,0.30664,0.30912,5.0
8872,2011-03-09,,,,2011,3,9,,0.09578,0.26174,0.27871,5.0
8873,2011-03-10,,,,2011,3,10,,0.12625,0.20221,0.23839,5.0
8874,2011-03-11,,,,2011,3,11,,0.11364,0.16112,0.19717,5.0
8875,2011-03-12,,,,2011,3,12,,0.07946,0.09339,0.12262,5.0
8876,2011-03-13,,,,2011,3,13,,0.04225,0.01537,0.04496,6.0
8877,2011-03-14,,,,2011,3,14,,0.02802,-0.02386,0.0368,7.0
8878,2011-03-15,,,,2011,3,15,,0.00385,-0.09188,0.09196,8.0
8879,2011-03-16,,,,2011,3,16,,0.04132,-0.17239,0.17727,8.0
8880,2011-03-17,,,,2011,3,17,,0.07884,-0.13462,0.15601,8.0
8881,2011-03-18,,,,2011,3,18,,0.0812,-0.02705,0.08559,7.0
8882,2011-03-19,,,,2011,3,19,,0.05063,0.09818,0.11047,5.0
8883,2011-03-20,,,,2011,3,20,,0.09494,0.25818,0.27508,5.0
8884,2011-03-21,,,,2011,3,21,,0.16285,0.43383,0.46339,5.0
8885,2011-03-22,,,,2011,3,22,,0.13624,0.63829,0.65267,5.0
8886,2011-03-23,,,,2011,3,23,,0.12906,0.82829,0.83828,5.0
8887,2011-03-24,,,,2011,3,24,,0.14276,1.05267,1.0623,5.0
8888,2011-03-25,,,,2011,3,25,,0.11488,1.22722,1.23259,5.0
8889,2011-03-26,,,,2011,3,26,,0.07173,1.26837,1.2704,5.0
8890,2011-03-27,,,,2011,3,27,,-0.04039,1.26072,1.26137,4.0
8891,2011-03-28,,,,2011,3,28,,-0.19545,1.19838,1.21421,4.0
8892,2011-03-29,,,,2011,3,29,,-0.43745,1.08223,1.1673,4.0
8893,2011-03-30,,,,2011,3,30,,-0.68322,0.91613,1.14284,4.0
8894,2011-03-31,,,,2011,3,31,,-0.8504,0.6875,1.09354,3.0
8895,2011-04-01,3.02,-0.974,2.275,2011,4,1,,-1.05958,0.48706,1.16617,3.0
8896,2011-04-02,,,,2011,4,2,,-1.25875,0.28333,1.29025,3.0
8897,2011-04-03,,,,2011,4,3,,-1.3409,0.11395,1.34573,3.0
8898,2011-04-04,,,,2011,4,4,,-1.33322,-0.01595,1.33331,2.0
8899,2011-04-05,,,,2011,4,5,,-1.25091,-0.15845,1.26091,2.0
8900,2011-04-06,,,,2011,4,6,,-1.14945,-0.28583,1.18446,2.0
8901,2011-04-07,,,,2011,4,7,,-1.04074,-0.37143,1.10504,2.0
8902,2011-04-08,,,,2011,4,8,,-0.95216,-0.42967,1.04461,2.0
8903,2011-04-09,,,,2011,4,9,,-0.87155,-0.41641,0.96592,2.0
8904,2011-04-10,,,,2011,4,10,,-0.72931,-0.40559,0.8345,2.0
8905,2011-04-11,,,,2011,4,11,,-0.55042,-0.41923,0.69189,2.0
8906,2011-04-12,,,,2011,4,12,,-0.48114,-0.50806,0.69973,1.0
8907,2011-04-13,,,,2011,4,13,,-0.44894,-0.61025,0.7576,1.0
8908,2011-04-14,,,,2011,4,14,,-0.3365,-0.74935,0.82143,1.0
8909,2011-04-15,,,,2011,4,15,,-0.2386,-0.89165,0.92302,1.0
8910,2011-04-16,,,,2011,4,16,,-0.13563,-0.94017,0.9499,1.0
8911,2011-04-17,,,,2011,4,17,,-0.10123,-0.95714,0.96248,1.0
8912,2011-04-18,,,,2011,4,18,,-0.04479,-1.04968,1.05064,1.0
8913,2011-04-19,,,,2011,4,19,,0.04924,-1.15649,1.15754,8.0
8914,2011-04-20,,,,2011,4,20,,0.08585,-1.21052,1.21356,8.0
8915,2011-04-21,,,,2011,4,21,,0.20823,-1.21746,1.23514,8.0
8916,2011-04-22,,,,2011,4,22,,0.30571,-1.17589,1.21499,8.0
8917,2011-04-23,,,,2011,4,23,,0.34877,-1.06529,1.12093,8.0
8918,2011-04-24,,,,2011,4,24,,0.43908,-0.90513,1.00601,8.0
8919,2011-04-25,,,,2011,4,25,,0.53011,-0.77698,0.94059,8.0
8920,2011-04-26,,,,2011,4,26,,0.69379,-0.58582,0.90804,7.0
8921,2011-04-27,,,,2011,4,27,,0.79855,-0.31966,0.86015,7.0
8922,2011-04-28,,,,2011,4,28,,0.85095,-0.04897,0.85236,7.0
8923,2011-04-29,,,,2011,4,29,,0.88975,0.14489,0.90147,6.0
8924,2011-04-30,,,,2011,4,30,,0.80199,0.30958,0.85967,6.0
8925,2011-05-01,0.46,-1.057,-0.035,2011,5,1,,0.6867,0.47995,0.8378,6.0
8926,2011-05-02,,,,2011,5,2,,0.45294,0.64544,0.78851,5.0
8927,2011-05-03,,,,2011,5,3,,0.14149,0.71652,0.73036,5.0
8928,2011-05-04,,,,2011,5,4,,-0.15025,0.7289,0.74423,4.0
8929,2011-05-05,,,,2011,5,5,,-0.45196,0.63715,0.78117,4.0
8930,2011-05-06,,,,2011,5,6,,-0.69654,0.48253,0.84735,3.0
8931,2011-05-07,,,,2011,5,7,,-0.98866,0.21507,1.01178,3.0
8932,2011-05-08,,,,2011,5,8,,-1.163,-0.01017,1.16305,2.0
8933,2011-05-09,,,,2011,5,9,,-1.23171,-0.24349,1.25554,2.0
8934,2011-05-10,,,,2011,5,10,,-1.21446,-0.45128,1.2956,2.0
8935,2011-05-11,,,,2011,5,11,,-1.17681,-0.69344,1.36592,2.0
8936,2011-05-12,,,,2011,5,12,,-1.13063,-0.92452,1.4605,2.0
8937,2011-05-13,,,,2011,5,13,,-1.00918,-1.15154,1.53117,1.0
8938,2011-05-14,,,,2011,5,14,,-0.79932,-1.35289,1.57138,1.0
8939,2011-05-15,,,,2011,5,15,,-0.62546,-1.47209,1.59945,1.0
8940,2011-05-16,,,,2011,5,16,,-0.43993,-1.43743,1.50325,1.0
8941,2011-05-17,,,,2011,5,17,,-0.312,-1.41324,1.44727,1.0
8942,2011-05-18,,,,2011,5,18,,-0.1847,-1.30905,1.32201,1.0
8943,2011-05-19,,,,2011,5,19,,-0.0867,-1.22905,1.2321,1.0
8944,2011-05-20,,,,2011,5,20,,7e-05,-1.02335,1.02335,8.0
8945,2011-05-21,,,,2011,5,21,,0.16636,-0.71791,0.73694,8.0
8946,2011-05-22,,,,2011,5,22,,0.28061,-0.46559,0.54361,8.0
8947,2011-05-23,,,,2011,5,23,,0.3827,-0.13551,0.40598,7.0
8948,2011-05-24,,,,2011,5,24,,0.48902,0.20472,0.53014,6.0
8949,2011-05-25,,,,2011,5,25,,0.57537,0.46203,0.73792,6.0
8950,2011-05-26,,,,2011,5,26,,0.60071,0.69946,0.922,5.0
8951,2011-05-27,,,,2011,5,27,,0.60701,0.85458,1.04822,5.0
8952,2011-05-28,,,,2011,5,28,,0.63494,0.92757,1.12407,5.0
8953,2011-05-29,,,,2011,5,29,,0.68923,0.90283,1.13585,5.0
8954,2011-05-30,,,,2011,5,30,,0.65976,0.76083,1.00705,5.0
8955,2011-05-31,,,,2011,5,31,,0.60659,0.67705,0.90904,5.0
8956,2011-06-01,-0.04,-1.611,-0.858,2011,6,1,,0.49878,0.54866,0.74149,5.0
8957,2011-06-02,,,,2011,6,2,,0.38917,0.42831,0.5787,5.0
8958,2011-06-03,,,,2011,6,3,,0.30686,0.3685,0.47954,5.0
8959,2011-06-04,,,,2011,6,4,,0.20256,0.31921,0.37806,5.0
8960,2011-06-05,,,,2011,6,5,,0.06825,0.32757,0.3346,5.0
8961,2011-06-06,,,,2011,6,6,,-0.05231,0.3686,0.3723,4.0
8962,2011-06-07,,,,2011,6,7,,-0.1436,0.45644,0.47849,4.0
8963,2011-06-08,,,,2011,6,8,,-0.21338,0.60902,0.64532,4.0
8964,2011-06-09,,,,2011,6,9,,-0.28601,0.77414,0.82528,4.0
8965,2011-06-10,,,,2011,6,10,,-0.34229,0.93063,0.99158,4.0
8966,2011-06-11,,,,2011,6,11,,-0.35287,0.97718,1.03894,4.0
8967,2011-06-12,,,,2011,6,12,,-0.38134,0.93527,1.01003,4.0
8968,2011-06-13,,,,2011,6,13,,-0.46145,0.90501,1.01586,4.0
8969,2011-06-14,,,,2011,6,14,,-0.52328,0.83126,0.98225,4.0
8970,2011-06-15,,,,2011,6,15,,-0.61439,0.66219,0.90331,4.0
8971,2011-06-16,,,,2011,6,16,,-0.69363,0.43977,0.82129,3.0
8972,2011-06-17,,,,2011,6,17,,-0.73613,0.17329,0.75626,3.0
8973,2011-06-18,,,,2011,6,18,,-0.81212,-0.06928,0.81507,2.0
8974,2011-06-19,,,,2011,6,19,,-0.89689,-0.33215,0.95642,2.0
8975,2011-06-20,,,,2011,6,20,,-0.92546,-0.58029,1.09234,2.0
8976,2011-06-21,,,,2011,6,21,,-0.83939,-0.67368,1.0763,2.0
8977,2011-06-22,,,,2011,6,22,,-0.58831,-0.8077,0.99924,1.0
8978,2011-06-23,,,,2011,6,23,,-0.26439,-0.98893,1.02366,1.0
8979,2011-06-24,,,,2011,6,24,,0.08929,-1.08634,1.09,8.0
8980,2011-06-25,,,,2011,6,25,,0.31643,-1.15554,1.19808,8.0
8981,2011-06-26,,,,2011,6,26,,0.48657,-1.08076,1.18524,8.0
8982,2011-06-27,,,,2011,6,27,,0.68318,-0.9554,1.17453,8.0
8983,2011-06-28,,,,2011,6,28,,0.83512,-0.77991,1.14266,7.0
8984,2011-06-29,,,,2011,6,29,,0.88823,-0.5581,1.04901,7.0
8985,2011-06-30,,,,2011,6,30,,0.81483,-0.40892,0.91168,7.0
8986,2011-07-01,1.11,-2.342,-0.472,2011,7,1,,0.69962,-0.28261,0.75454,7.0
8987,2011-07-02,,,,2011,7,2,,0.4608,-0.18267,0.49568,7.0
8988,2011-07-03,,,,2011,7,3,,0.24916,-0.17913,0.30687,7.0
8989,2011-07-04,,,,2011,7,4,,0.11168,-0.16042,0.19546,8.0
8990,2011-07-05,,,,2011,7,5,,0.00456,-0.26354,0.26358,8.0
8991,2011-07-06,,,,2011,7,6,,-0.01486,-0.43716,0.43741,1.0
8992,2011-07-07,,,,2011,7,7,,0.10306,-0.61183,0.62045,8.0
8993,2011-07-08,,,,2011,7,8,,0.19819,-0.80999,0.83388,8.0
8994,2011-07-09,,,,2011,7,9,,0.31963,-0.99143,1.04168,8.0
8995,2011-07-10,,,,2011,7,10,,0.41853,-1.14543,1.2195,8.0
8996,2011-07-11,,,,2011,7,11,,0.52568,-1.16747,1.28036,8.0
8997,2011-07-12,,,,2011,7,12,,0.61396,-1.07529,1.23823,8.0
8998,2011-07-13,,,,2011,7,13,,0.71706,-0.99057,1.22287,8.0
8999,2011-07-14,,,,2011,7,14,,0.77493,-0.83346,1.13805,8.0
9000,2011-07-15,,,,2011,7,15,,0.73768,-0.63408,0.97274,7.0
9001,2011-07-16,,,,2011,7,16,,0.59228,-0.36109,0.69367,7.0
9002,2011-07-17,,,,2011,7,17,,0.50625,0.01037,0.50635,6.0
9003,2011-07-18,,,,2011,7,18,,0.41666,0.32319,0.52731,6.0
9004,2011-07-19,,,,2011,7,19,,0.28607,0.63399,0.69555,5.0
9005,2011-07-20,,,,2011,7,20,,0.16849,0.84924,0.86579,5.0
9006,2011-07-21,,,,2011,7,21,,0.0115,0.91055,0.91062,5.0
9007,2011-07-22,,,,2011,7,22,,-0.17501,0.96635,0.98207,4.0
9008,2011-07-23,,,,2011,7,23,,-0.30339,0.98001,1.0259,4.0
9009,2011-07-24,,,,2011,7,24,,-0.42888,0.98609,1.07532,4.0
9010,2011-07-25,,,,2011,7,25,,-0.53462,0.9107,1.05603,4.0
9011,2011-07-26,,,,2011,7,26,,-0.60133,0.68471,0.91127,4.0
9012,2011-07-27,,,,2011,7,27,,-0.64357,0.46041,0.7913,3.0
9013,2011-07-28,,,,2011,7,28,,-0.64528,0.24296,0.6895,3.0
9014,2011-07-29,,,,2011,7,29,,-0.60923,0.07396,0.6137,3.0
9015,2011-07-30,,,,2011,7,30,,-0.55311,-0.01119,0.55322,2.0
9016,2011-07-31,,,,2011,7,31,,-0.43839,-0.11082,0.45218,2.0
9017,2011-08-01,0.07,-2.17,-1.063,2011,8,1,,-0.41358,-0.27328,0.49571,2.0
9018,2011-08-02,,,,2011,8,2,,-0.36734,-0.39645,0.54047,1.0
9019,2011-08-03,,,,2011,8,3,,-0.25943,-0.48292,0.5482,1.0
9020,2011-08-04,,,,2011,8,4,,-0.19367,-0.50792,0.54359,1.0
9021,2011-08-05,,,,2011,8,5,,-0.12474,-0.44124,0.45854,1.0
9022,2011-08-06,,,,2011,8,6,,-0.01426,-0.40292,0.40317,1.0
9023,2011-08-07,,,,2011,8,7,,0.05071,-0.37846,0.38184,8.0
9024,2011-08-08,,,,2011,8,8,,0.16011,-0.33023,0.367,8.0
9025,2011-08-09,,,,2011,8,9,,0.26349,-0.24886,0.36243,7.0
9026,2011-08-10,,,,2011,8,10,,0.41875,-0.05691,0.4226,7.0
9027,2011-08-11,,,,2011,8,11,,0.56089,0.05227,0.56332,6.0
9028,2011-08-12,,,,2011,8,12,,0.59237,0.1531,0.61183,6.0
9029,2011-08-13,,,,2011,8,13,,0.62934,0.21177,0.66402,6.0
9030,2011-08-14,,,,2011,8,14,,0.61974,0.22101,0.65796,6.0
9031,2011-08-15,,,,2011,8,15,,0.59631,0.25026,0.6467,6.0
9032,2011-08-16,,,,2011,8,16,,0.57242,0.22963,0.61676,6.0
9033,2011-08-17,,,,2011,8,17,,0.47352,0.16779,0.50237,6.0
9034,2011-08-18,,,,2011,8,18,,0.38602,0.09231,0.39691,6.0
9035,2011-08-19,,,,2011,8,19,,0.3093,-0.05066,0.31342,7.0
9036,2011-08-20,,,,2011,8,20,,0.25007,-0.13465,0.28402,7.0
9037,2011-08-21,,,,2011,8,21,,0.20287,-0.20579,0.28897,8.0
9038,2011-08-22,,,,2011,8,22,,0.10828,-0.2179,0.24332,8.0
9039,2011-08-23,,,,2011,8,23,,0.10412,-0.17079,0.20003,8.0
9040,2011-08-24,,,,2011,8,24,,0.1797,-0.09025,0.20109,7.0
9041,2011-08-25,,,,2011,8,25,,0.25515,-0.0259,0.25646,7.0
9042,2011-08-26,,,,2011,8,26,,0.29281,0.05002,0.29705,6.0
9043,2011-08-27,,,,2011,8,27,,0.23634,0.13914,0.27425,6.0
9044,2011-08-28,,,,2011,8,28,,0.20775,0.24807,0.32357,5.0
9045,2011-08-29,,,,2011,8,29,,0.24857,0.32251,0.40719,5.0
9046,2011-08-30,,,,2011,8,30,,0.2785,0.35441,0.45075,5.0
9047,2011-08-31,,,,2011,8,31,,0.28213,0.34497,0.44564,5.0
9048,2011-09-01,1.14,-1.943,0.665,2011,9,1,,0.24436,0.25272,0.35154,5.0
9049,2011-09-02,,,,2011,9,2,,0.18416,0.16722,0.24875,6.0
9050,2011-09-03,,,,2011,9,3,,0.13195,0.16757,0.21328,5.0
9051,2011-09-04,,,,2011,9,4,,0.04232,0.20777,0.21203,5.0
9052,2011-09-05,,,,2011,9,5,,0.02172,0.24449,0.24546,5.0
9053,2011-09-06,,,,2011,9,6,,0.02202,0.29886,0.29967,5.0
9054,2011-09-07,,,,2011,9,7,,-0.0169,0.35609,0.35649,4.0
9055,2011-09-08,,,,2011,9,8,,0.04373,0.41248,0.41479,5.0
9056,2011-09-09,,,,2011,9,9,,0.14866,0.48579,0.50803,5.0
9057,2011-09-10,,,,2011,9,10,,0.25168,0.51971,0.57744,5.0
9058,2011-09-11,,,,2011,9,11,,0.2046,0.51215,0.5515,5.0
9059,2011-09-12,,,,2011,9,12,,0.13476,0.48903,0.50726,5.0
9060,2011-09-13,,,,2011,9,13,,0.07313,0.42538,0.43162,5.0
9061,2011-09-14,,,,2011,9,14,,-0.00113,0.3957,0.3957,4.0
9062,2011-09-15,,,,2011,9,15,,-0.14734,0.43013,0.45467,4.0
9063,2011-09-16,,,,2011,9,16,,-0.27767,0.45868,0.53618,4.0
9064,2011-09-17,,,,2011,9,17,,-0.44768,0.43734,0.62585,3.0
9065,2011-09-18,,,,2011,9,18,,-0.66351,0.38506,0.76715,3.0
9066,2011-09-19,,,,2011,9,19,,-0.92501,0.30006,0.97246,3.0
9067,2011-09-20,,,,2011,9,20,,-1.07073,0.15592,1.08202,3.0
9068,2011-09-21,,,,2011,9,21,,-1.14211,0.01492,1.14221,3.0
9069,2011-09-22,,,,2011,9,22,,-1.17149,0.01676,1.17161,3.0
9070,2011-09-23,,,,2011,9,23,,-1.1944,-0.00855,1.19443,2.0
9071,2011-09-24,,,,2011,9,24,,-1.08527,-0.11498,1.09135,2.0
9072,2011-09-25,,,,2011,9,25,,-0.9957,-0.23854,1.02388,2.0
9073,2011-09-26,,,,2011,9,26,,-0.96367,-0.34725,1.02432,2.0
9074,2011-09-27,,,,2011,9,27,,-0.94397,-0.41944,1.03296,2.0
9075,2011-09-28,,,,2011,9,28,,-0.84189,-0.37156,0.92024,2.0
9076,2011-09-29,,,,2011,9,29,,-0.68553,-0.24347,0.72748,2.0
9077,2011-09-30,,,,2011,9,30,,-0.5873,-0.15219,0.6067,2.0
9078,2011-10-01,0.91,-1.62,0.8,2011,10,1,,-0.51919,-0.24906,0.57584,2.0
9079,2011-10-02,,,,2011,10,2,,-0.46206,-0.34895,0.57902,2.0
9080,2011-10-03,,,,2011,10,3,,-0.53508,-0.39647,0.66596,2.0
9081,2011-10-04,,,,2011,10,4,,-0.68784,-0.43361,0.81311,2.0
9082,2011-10-05,,,,2011,10,5,,-0.74023,-0.42532,0.85373,2.0
9083,2011-10-06,,,,2011,10,6,,-0.62437,-0.4121,0.74811,2.0
9084,2011-10-07,,,,2011,10,7,,-0.50904,-0.42447,0.6628,2.0
9085,2011-10-08,,,,2011,10,8,,-0.49049,-0.49539,0.69713,1.0
9086,2011-10-09,,,,2011,10,9,,-0.42987,-0.60394,0.74131,1.0
9087,2011-10-10,,,,2011,10,10,,-0.22315,-0.67745,0.71326,1.0
9088,2011-10-11,,,,2011,10,11,,0.06366,-0.7389,0.74163,8.0
9089,2011-10-12,,,,2011,10,12,,0.47745,-0.74576,0.8855,8.0
9090,2011-10-13,,,,2011,10,13,,0.93704,-0.65704,1.14444,7.0
9091,2011-10-14,,,,2011,10,14,,1.32997,-0.58203,1.45175,7.0
9092,2011-10-15,,,,2011,10,15,,1.60358,-0.52856,1.68844,7.0
9093,2011-10-16,,,,2011,10,16,,1.79108,-0.54422,1.87193,7.0
9094,2011-10-17,,,,2011,10,17,,2.01934,-0.51978,2.08516,7.0
9095,2011-10-18,,,,2011,10,18,,2.211,-0.52001,2.27133,7.0
9096,2011-10-19,,,,2011,10,19,,2.24571,-0.45017,2.29039,7.0
9097,2011-10-20,,,,2011,10,20,,2.2789,-0.37,2.30874,7.0
9098,2011-10-21,,,,2011,10,21,,2.25369,-0.21593,2.26401,7.0
9099,2011-10-22,,,,2011,10,22,,2.22491,-0.11564,2.22792,7.0
9100,2011-10-23,,,,2011,10,23,,2.1816,-0.01347,2.18164,7.0
9101,2011-10-24,,,,2011,10,24,,2.17136,0.06035,2.1722,6.0
9102,2011-10-25,,,,2011,10,25,,2.20167,0.12227,2.20506,6.0
9103,2011-10-26,,,,2011,10,26,,2.1599,0.11783,2.16311,6.0
9104,2011-10-27,,,,2011,10,27,,2.12433,0.23413,2.13719,6.0
9105,2011-10-28,,,,2011,10,28,,2.057,0.33439,2.08401,6.0
9106,2011-10-29,,,,2011,10,29,,1.85971,0.44308,1.91177,6.0
9107,2011-10-30,,,,2011,10,30,,1.63239,0.56865,1.7286,6.0
9108,2011-10-31,,,,2011,10,31,,1.2559,0.66253,1.41994,6.0
9109,2011-11-01,1.41,-2.676,1.459,2011,11,1,,0.80175,0.74116,1.09184,6.0
9110,2011-11-02,,,,2011,11,2,,0.36611,0.78588,0.86697,5.0
9111,2011-11-03,,,,2011,11,3,,-0.03754,0.74721,0.74816,4.0
9112,2011-11-04,,,,2011,11,4,,-0.35271,0.72481,0.80608,4.0
9113,2011-11-05,,,,2011,11,5,,-0.62464,0.57393,0.84828,3.0
9114,2011-11-06,,,,2011,11,6,,-0.81575,0.39336,0.90563,3.0
9115,2011-11-07,,,,2011,11,7,,-0.94488,0.16036,0.95839,3.0
9116,2011-11-08,,,,2011,11,8,,-1.08188,-0.07638,1.08458,2.0
9117,2011-11-09,,,,2011,11,9,,-1.13074,-0.27614,1.16397,2.0
9118,2011-11-10,,,,2011,11,10,,-1.09493,-0.49192,1.20036,2.0
9119,2011-11-11,,,,2011,11,11,,-1.03647,-0.63911,1.21768,2.0
9120,2011-11-12,,,,2011,11,12,,-1.00507,-0.6617,1.20334,2.0
9121,2011-11-13,,,,2011,11,13,,-1.0074,-0.60688,1.17608,2.0
9122,2011-11-14,,,,2011,11,14,,-0.96583,-0.52896,1.1012,2.0
9123,2011-11-15,,,,2011,11,15,,-0.89389,-0.49181,1.02026,2.0
9124,2011-11-16,,,,2011,11,16,,-0.76079,-0.41321,0.86577,2.0
9125,2011-11-17,,,,2011,11,17,,-0.65992,-0.32291,0.73469,2.0
9126,2011-11-18,,,,2011,11,18,,-0.47127,-0.28285,0.54964,2.0
9127,2011-11-19,,,,2011,11,19,,-0.14664,-0.23899,0.28039,1.0
9128,2011-11-20,,,,2011,11,20,,0.12541,-0.14685,0.19311,8.0
9129,2011-11-21,,,,2011,11,21,,0.34551,0.00581,0.34555,6.0
9130,2011-11-22,,,,2011,11,22,,0.55271,0.17257,0.57902,6.0
9131,2011-11-23,,,,2011,11,23,,0.73468,0.35666,0.81668,6.0
9132,2011-11-24,,,,2011,11,24,,0.91708,0.56893,1.07922,6.0
9133,2011-11-25,,,,2011,11,25,,1.0005,0.68209,1.21089,6.0
9134,2011-11-26,,,,2011,11,26,,1.1099,0.82691,1.38407,6.0
9135,2011-11-27,,,,2011,11,27,,1.11637,0.9259,1.45037,6.0
9136,2011-11-28,,,,2011,11,28,,0.99078,0.95367,1.37518,6.0
9137,2011-11-29,,,,2011,11,29,,0.83017,0.97026,1.27695,5.0
9138,2011-11-30,,,,2011,11,30,,0.57343,0.99885,1.15175,5.0
9139,2011-12-01,2.45,-2.367,2.221,2011,12,1,,0.24207,1.05649,1.08387,5.0
9140,2011-12-02,,,,2011,12,2,,-0.12928,1.09959,1.10717,4.0
9141,2011-12-03,,,,2011,12,3,,-0.51132,1.15036,1.25888,4.0
9142,2011-12-04,,,,2011,12,4,,-0.73681,1.19681,1.40544,4.0
9143,2011-12-05,,,,2011,12,5,,-0.95651,1.15714,1.50129,4.0
9144,2011-12-06,,,,2011,12,6,,-1.10114,1.17286,1.60876,4.0
9145,2011-12-07,,,,2011,12,7,,-1.14556,1.1598,1.63017,4.0
9146,2011-12-08,,,,2011,12,8,,-1.19228,1.15541,1.66027,3.0
9147,2011-12-09,,,,2011,12,9,,-1.12296,1.03937,1.53014,3.0
9148,2011-12-10,,,,2011,12,10,,-1.02587,0.92673,1.38248,3.0
9149,2011-12-11,,,,2011,12,11,,-0.86786,0.90021,1.25043,4.0
9150,2011-12-12,,,,2011,12,12,,-0.7065,0.89989,1.14409,4.0
9151,2011-12-13,,,,2011,12,13,,-0.60647,0.96861,1.14281,4.0
9152,2011-12-14,,,,2011,12,14,,-0.49101,1.08205,1.18825,4.0
9153,2011-12-15,,,,2011,12,15,,-0.37671,1.09468,1.15768,4.0
9154,2011-12-16,,,,2011,12,16,,-0.24469,1.1594,1.18494,4.0
9155,2011-12-17,,,,2011,12,17,,-0.08166,1.28825,1.29083,4.0
9156,2011-12-18,,,,2011,12,18,,0.06296,1.51047,1.51179,5.0
9157,2011-12-19,,,,2011,12,19,,0.21472,1.67951,1.69318,5.0
9158,2011-12-20,,,,2011,12,20,,0.22631,1.7628,1.77727,5.0
9159,2011-12-21,,,,2011,12,21,,0.19534,1.81439,1.82487,5.0
9160,2011-12-22,,,,2011,12,22,,0.21175,1.79024,1.80272,5.0
9161,2011-12-23,,,,2011,12,23,,0.20113,1.70748,1.71928,5.0
9162,2011-12-24,,,,2011,12,24,,0.18176,1.58956,1.59992,5.0
9163,2011-12-25,,,,2011,12,25,,0.02565,1.34959,1.34984,5.0
9164,2011-12-26,,,,2011,12,26,,-0.14139,1.02655,1.03624,4.0
9165,2011-12-27,,,,2011,12,27,,-0.37628,0.68201,0.77892,4.0
9166,2011-12-28,,,,2011,12,28,,-0.63752,0.35743,0.73088,3.0
9167,2011-12-29,,,,2011,12,29,,-0.77429,-0.01134,0.77437,2.0
9168,2011-12-30,,,,2011,12,30,,-0.86591,-0.35409,0.93551,2.0
9169,2011-12-31,,,,2011,12,31,,-0.99872,-0.57154,1.15069,2.0
9170,2012-01-01,0.9,-1.811,-0.22,2012,1,1,,-1.10106,-0.76466,1.34054,2.0
9171,2012-01-02,,,,2012,1,2,,-1.14934,-0.90549,1.46318,2.0
9172,2012-01-03,,,,2012,1,3,,-1.12027,-0.94773,1.46737,2.0
9173,2012-01-04,,,,2012,1,4,,-1.00008,-0.95983,1.38616,2.0
9174,2012-01-05,,,,2012,1,5,,-0.75449,-1.02332,1.2714,1.0
9175,2012-01-06,,,,2012,1,6,,-0.48587,-1.09608,1.19894,1.0
9176,2012-01-07,,,,2012,1,7,,-0.2261,-1.06116,1.08498,1.0
9177,2012-01-08,,,,2012,1,8,,0.02481,-0.97448,0.9748,8.0
9178,2012-01-09,,,,2012,1,9,,0.31548,-0.91219,0.96521,8.0
9179,2012-01-10,,,,2012,1,10,,0.65515,-0.91562,1.12587,8.0
9180,2012-01-11,,,,2012,1,11,,0.86476,-0.91077,1.25591,8.0
9181,2012-01-12,,,,2012,1,12,,1.03572,-0.92453,1.38834,7.0
9182,2012-01-13,,,,2012,1,13,,1.12026,-0.90573,1.4406,7.0
9183,2012-01-14,,,,2012,1,14,,1.11323,-0.87459,1.4157,7.0
9184,2012-01-15,,,,2012,1,15,,1.0302,-0.83086,1.3235,7.0
9185,2012-01-16,,,,2012,1,16,,0.91978,-0.72025,1.16823,7.0
9186,2012-01-17,,,,2012,1,17,,0.88662,-0.54755,1.04207,7.0
9187,2012-01-18,,,,2012,1,18,,0.85423,-0.30853,0.90824,7.0
9188,2012-01-19,,,,2012,1,19,,0.78047,0.03854,0.78143,6.0
9189,2012-01-20,,,,2012,1,20,,0.75239,0.37072,0.83876,6.0
9190,2012-01-21,,,,2012,1,21,,0.76817,0.65256,1.00793,6.0
9191,2012-01-22,,,,2012,1,22,,0.80645,0.9011,1.20927,5.0
9192,2012-01-23,,,,2012,1,23,,0.7719,1.14001,1.37675,5.0
9193,2012-01-24,,,,2012,1,24,,0.72581,1.35953,1.54114,5.0
9194,2012-01-25,,,,2012,1,25,,0.63401,1.4475,1.58027,5.0
9195,2012-01-26,,,,2012,1,26,,0.46298,1.48516,1.55565,5.0
9196,2012-01-27,,,,2012,1,27,,0.17445,1.44225,1.45276,5.0
9197,2012-01-28,,,,2012,1,28,,-0.15927,1.33049,1.33999,4.0
9198,2012-01-29,,,,2012,1,29,,-0.48208,1.1637,1.2596,4.0
9199,2012-01-30,,,,2012,1,30,,-0.76578,1.0672,1.31352,4.0
9200,2012-01-31,,,,2012,1,31,,-1.08399,0.94193,1.43606,3.0
9201,2012-02-01,0.22,-1.26,-0.036,2012,2,1,,-1.36252,0.72568,1.54372,3.0
9202,2012-02-02,,,,2012,2,2,,-1.5885,0.40438,1.63916,3.0
9203,2012-02-03,,,,2012,2,3,,-1.6818,0.04304,1.68235,3.0
9204,2012-02-04,,,,2012,2,4,,-1.70097,-0.38721,1.74449,2.0
9205,2012-02-05,,,,2012,2,5,,-1.59165,-0.78331,1.77396,2.0
9206,2012-02-06,,,,2012,2,6,,-1.42158,-1.11966,1.80957,2.0
9207,2012-02-07,,,,2012,2,7,,-1.24079,-1.33042,1.81922,1.0
9208,2012-02-08,,,,2012,2,8,,-1.04019,-1.52564,1.8465,1.0
9209,2012-02-09,,,,2012,2,9,,-0.74699,-1.63166,1.79453,1.0
9210,2012-02-10,,,,2012,2,10,,-0.45442,-1.60456,1.66766,1.0
9211,2012-02-11,,,,2012,2,11,,-0.10715,-1.50462,1.50843,1.0
9212,2012-02-12,,,,2012,2,12,,0.21661,-1.3472,1.3645,8.0
9213,2012-02-13,,,,2012,2,13,,0.43869,-1.17315,1.25249,8.0
9214,2012-02-14,,,,2012,2,14,,0.5546,-1.01438,1.15609,8.0
9215,2012-02-15,,,,2012,2,15,,0.69688,-0.86127,1.10789,8.0
9216,2012-02-16,,,,2012,2,16,,0.95444,-0.76243,1.22158,7.0
9217,2012-02-17,,,,2012,2,17,,1.16537,-0.72765,1.37389,7.0
9218,2012-02-18,,,,2012,2,18,,1.26001,-0.73565,1.45905,7.0
9219,2012-02-19,,,,2012,2,19,,1.32972,-0.81496,1.55959,7.0
9220,2012-02-20,,,,2012,2,20,,1.38859,-0.84051,1.62316,7.0
9221,2012-02-21,,,,2012,2,21,,1.40007,-0.83683,1.6311,7.0
9222,2012-02-22,,,,2012,2,22,,1.41902,-0.80893,1.6334,7.0
9223,2012-02-23,,,,2012,2,23,,1.53755,-0.71235,1.69455,7.0
9224,2012-02-24,,,,2012,2,24,,1.63093,-0.49983,1.7058,7.0
9225,2012-02-25,,,,2012,2,25,,1.54463,-0.2805,1.56989,7.0
9226,2012-02-26,,,,2012,2,26,,1.34964,-0.06147,1.35104,7.0
9227,2012-02-27,,,,2012,2,27,,1.15928,0.17136,1.17188,6.0
9228,2012-02-28,,,,2012,2,28,,1.02516,0.49253,1.13734,6.0
9229,2012-02-29,,,,2012,2,29,,0.92894,0.79921,1.22542,6.0
9230,2012-03-01,0.2,-1.432,1.037,2012,3,1,,0.95469,1.05018,1.41926,5.0
9231,2012-03-02,,,,2012,3,2,,1.0955,1.2294,1.64668,5.0
9232,2012-03-03,,,,2012,3,3,,1.29099,1.3482,1.86663,5.0
9233,2012-03-04,,,,2012,3,4,,1.48336,1.3728,2.02112,6.0
9234,2012-03-05,,,,2012,3,5,,1.68642,1.35116,2.16093,6.0
9235,2012-03-06,,,,2012,3,6,,1.8716,1.32522,2.29327,6.0
9236,2012-03-07,,,,2012,3,7,,2.01311,1.31093,2.40232,6.0
9237,2012-03-08,,,,2012,3,8,,2.04627,1.31249,2.43102,6.0
9238,2012-03-09,,,,2012,3,9,,1.95624,1.30578,2.352,6.0
9239,2012-03-10,,,,2012,3,10,,1.7392,1.42976,2.25145,6.0
9240,2012-03-11,,,,2012,3,11,,1.50091,1.62397,2.21134,5.0
9241,2012-03-12,,,,2012,3,12,,1.1081,1.89885,2.19853,5.0
9242,2012-03-13,,,,2012,3,13,,0.62143,2.15887,2.24653,5.0
9243,2012-03-14,,,,2012,3,14,,-0.07563,2.30299,2.30423,4.0
9244,2012-03-15,,,,2012,3,15,,-0.90652,2.26285,2.43768,4.0
9245,2012-03-16,,,,2012,3,16,,-1.70539,1.88901,2.54494,4.0
9246,2012-03-17,,,,2012,3,17,,-2.28131,1.29723,2.62434,3.0
9247,2012-03-18,,,,2012,3,18,,-2.64313,0.71577,2.73834,3.0
9248,2012-03-19,,,,2012,3,19,,-2.88805,0.14837,2.89186,3.0
9249,2012-03-20,,,,2012,3,20,,-3.12876,-0.29199,3.14236,2.0
9250,2012-03-21,,,,2012,3,21,,-3.26978,-0.69056,3.3419,2.0
9251,2012-03-22,,,,2012,3,22,,-3.32553,-0.99366,3.47081,2.0
9252,2012-03-23,,,,2012,3,23,,-3.3797,-1.15468,3.57151,2.0
9253,2012-03-24,,,,2012,3,24,,-3.39087,-1.2701,3.62093,2.0
9254,2012-03-25,,,,2012,3,25,,-3.35388,-1.26802,3.58558,2.0
9255,2012-03-26,,,,2012,3,26,,-3.25598,-1.19641,3.46883,2.0
9256,2012-03-27,,,,2012,3,27,,-3.15937,-1.10832,3.34813,2.0
9257,2012-03-28,,,,2012,3,28,,-3.03226,-1.01082,3.1963,2.0
9258,2012-03-29,,,,2012,3,29,,-2.88418,-0.99212,3.05005,2.0
9259,2012-03-30,,,,2012,3,30,,-2.71504,-0.9474,2.87559,2.0
9260,2012-03-31,,,,2012,3,31,,-2.62348,-0.94653,2.78901,2.0
9261,2012-04-01,-0.65,-0.68,-0.035,2012,4,1,,-2.47236,-1.02897,2.67793,2.0
9262,2012-04-02,,,,2012,4,2,,-2.26629,-1.21676,2.57227,2.0
9263,2012-04-03,,,,2012,4,3,,-2.05774,-1.46076,2.52351,2.0
9264,2012-04-04,,,,2012,4,4,,-1.82855,-1.72983,2.51712,2.0
9265,2012-04-05,,,,2012,4,5,,-1.50847,-1.95587,2.47,1.0
9266,2012-04-06,,,,2012,4,6,,-1.149,-2.07876,2.37517,1.0
9267,2012-04-07,,,,2012,4,7,,-0.80594,-2.11577,2.26407,1.0
9268,2012-04-08,,,,2012,4,8,,-0.40545,-2.18271,2.22005,1.0
9269,2012-04-09,,,,2012,4,9,,-0.00438,-2.19927,2.19928,1.0
9270,2012-04-10,,,,2012,4,10,,0.37687,-2.12443,2.1576,8.0
9271,2012-04-11,,,,2012,4,11,,0.64544,-2.03163,2.13169,8.0
9272,2012-04-12,,,,2012,4,12,,0.8927,-1.85158,2.05555,8.0
9273,2012-04-13,,,,2012,4,13,,1.0939,-1.6143,1.95002,8.0
9274,2012-04-14,,,,2012,4,14,,1.21747,-1.38963,1.84752,8.0
9275,2012-04-15,,,,2012,4,15,,1.2814,-1.22879,1.77536,7.0
9276,2012-04-16,,,,2012,4,16,,1.30035,-1.06711,1.68215,7.0
9277,2012-04-17,,,,2012,4,17,,1.22454,-0.83689,1.4832,7.0
9278,2012-04-18,,,,2012,4,18,,1.17658,-0.57907,1.31136,7.0
9279,2012-04-19,,,,2012,4,19,,1.10828,-0.34892,1.1619,7.0
9280,2012-04-20,,,,2012,4,20,,1.13601,-0.10528,1.14087,7.0
9281,2012-04-21,,,,2012,4,21,,1.09665,0.11977,1.10317,6.0
9282,2012-04-22,,,,2012,4,22,,0.96109,0.29361,1.00494,6.0
9283,2012-04-23,,,,2012,4,23,,0.81982,0.39523,0.91012,6.0
9284,2012-04-24,,,,2012,4,24,,0.76365,0.41757,0.87036,6.0
9285,2012-04-25,,,,2012,4,25,,0.72954,0.42167,0.84263,6.0
9286,2012-04-26,,,,2012,4,26,,0.70716,0.38535,0.80534,6.0
9287,2012-04-27,,,,2012,4,27,,0.63305,0.3529,0.72477,6.0
9288,2012-04-28,,,,2012,4,28,,0.57326,0.32129,0.65716,6.0
9289,2012-04-29,,,,2012,4,29,,0.41871,0.32074,0.52744,6.0
9290,2012-04-30,,,,2012,4,30,,0.29717,0.30037,0.42253,5.0
9291,2012-05-01,-0.38,-1.54,0.168,2012,5,1,,0.26168,0.29051,0.39098,5.0
9292,2012-05-02,,,,2012,5,2,,0.23875,0.40013,0.46594,5.0
9293,2012-05-03,,,,2012,5,3,,0.15217,0.51923,0.54107,5.0
9294,2012-05-04,,,,2012,5,4,,0.05552,0.53394,0.53682,5.0
9295,2012-05-05,,,,2012,5,5,,-0.03254,0.55011,0.55107,4.0
9296,2012-05-06,,,,2012,5,6,,-0.10538,0.57927,0.58877,4.0
9297,2012-05-07,,,,2012,5,7,,-0.18295,0.56526,0.59413,4.0
9298,2012-05-08,,,,2012,5,8,,-0.27068,0.53237,0.59723,4.0
9299,2012-05-09,,,,2012,5,9,,-0.3373,0.44069,0.55496,4.0
9300,2012-05-10,,,,2012,5,10,,-0.4524,0.37023,0.58458,3.0
9301,2012-05-11,,,,2012,5,11,,-0.58451,0.25739,0.63867,3.0
9302,2012-05-12,,,,2012,5,12,,-0.66229,0.14191,0.67732,3.0
9303,2012-05-13,,,,2012,5,13,,-0.70254,0.05968,0.70507,3.0
9304,2012-05-14,,,,2012,5,14,,-0.69152,-0.0489,0.69325,2.0
9305,2012-05-15,,,,2012,5,15,,-0.64229,-0.19774,0.67204,2.0
9306,2012-05-16,,,,2012,5,16,,-0.53989,-0.29488,0.61517,2.0
9307,2012-05-17,,,,2012,5,17,,-0.44467,-0.33443,0.55639,2.0
9308,2012-05-18,,,,2012,5,18,,-0.37588,-0.23591,0.44378,2.0
9309,2012-05-19,,,,2012,5,19,,-0.2595,-0.15473,0.30213,2.0
9310,2012-05-20,,,,2012,5,20,,-0.0933,-0.09158,0.13074,2.0
9311,2012-05-21,,,,2012,5,21,,0.07832,-0.02303,0.08164,7.0
9312,2012-05-22,,,,2012,5,22,,0.29043,0.0715,0.2991,6.0
9313,2012-05-23,,,,2012,5,23,,0.47242,0.17847,0.50501,6.0
9314,2012-05-24,,,,2012,5,24,,0.63326,0.26739,0.6874,6.0
9315,2012-05-25,,,,2012,5,25,,0.71387,0.36926,0.80372,6.0
9316,2012-05-26,,,,2012,5,26,,0.90298,0.44463,1.00652,6.0
9317,2012-05-27,,,,2012,5,27,,1.06747,0.3533,1.12442,6.0
9318,2012-05-28,,,,2012,5,28,,1.20912,0.25703,1.23614,6.0
9319,2012-05-29,,,,2012,5,29,,1.29778,0.13002,1.30427,6.0
9320,2012-05-30,,,,2012,5,30,,1.33059,0.08829,1.33352,6.0
9321,2012-05-31,,,,2012,5,31,,1.34373,0.1605,1.35328,6.0
9322,2012-06-01,-1.51,-1.396,-0.672,2012,6,1,,1.28132,0.33994,1.32565,6.0
9323,2012-06-02,,,,2012,6,2,,1.16921,0.55796,1.29552,6.0
9324,2012-06-03,,,,2012,6,3,,0.96592,0.70105,1.19351,6.0
9325,2012-06-04,,,,2012,6,4,,0.74886,0.78122,1.08217,5.0
9326,2012-06-05,,,,2012,6,5,,0.55182,0.86697,1.02769,5.0
9327,2012-06-06,,,,2012,6,6,,0.32358,0.89123,0.94815,5.0
9328,2012-06-07,,,,2012,6,7,,0.1003,0.92046,0.92591,5.0
9329,2012-06-08,,,,2012,6,8,,-0.14233,0.84296,0.8549,4.0
9330,2012-06-09,,,,2012,6,9,,-0.50631,0.62062,0.80095,4.0
9331,2012-06-10,,,,2012,6,10,,-0.80913,0.31163,0.86707,3.0
9332,2012-06-11,,,,2012,6,11,,-1.0945,0.04184,1.0953,3.0
9333,2012-06-12,,,,2012,6,12,,-1.2241,-0.13745,1.23179,2.0
9334,2012-06-13,,,,2012,6,13,,-1.24495,-0.2934,1.27905,2.0
9335,2012-06-14,,,,2012,6,14,,-1.18965,-0.4486,1.27142,2.0
9336,2012-06-15,,,,2012,6,15,,-1.05572,-0.58371,1.20634,2.0
9337,2012-06-16,,,,2012,6,16,,-0.94521,-0.66297,1.15453,2.0
9338,2012-06-17,,,,2012,6,17,,-0.76333,-0.70431,1.03862,2.0
9339,2012-06-18,,,,2012,6,18,,-0.51582,-0.79784,0.95006,1.0
9340,2012-06-19,,,,2012,6,19,,-0.33344,-0.90956,0.96875,1.0
9341,2012-06-20,,,,2012,6,20,,-0.14922,-1.00726,1.01825,1.0
9342,2012-06-21,,,,2012,6,21,,0.00557,-1.05142,1.05144,8.0
9343,2012-06-22,,,,2012,6,22,,0.07921,-1.01986,1.02294,8.0
9344,2012-06-23,,,,2012,6,23,,0.11428,-0.91177,0.9189,8.0
9345,2012-06-24,,,,2012,6,24,,0.04941,-0.73923,0.74088,8.0
9346,2012-06-25,,,,2012,6,25,,0.01887,-0.62898,0.62926,8.0
9347,2012-06-26,,,,2012,6,26,,-0.02084,-0.54101,0.54141,1.0
9348,2012-06-27,,,,2012,6,27,,0.01114,-0.3621,0.36227,8.0
9349,2012-06-28,,,,2012,6,28,,0.14633,-0.16555,0.22095,8.0
9350,2012-06-29,,,,2012,6,29,,0.26617,-0.04903,0.27065,7.0
9351,2012-06-30,,,,2012,6,30,,0.33768,-0.04116,0.34018,7.0
9352,2012-07-01,-0.15,-1.936,0.168,2012,7,1,,0.37514,-0.04815,0.37822,7.0
9353,2012-07-02,,,,2012,7,2,,0.42433,-0.02012,0.4248,7.0
9354,2012-07-03,,,,2012,7,3,,0.53984,-0.00575,0.53987,7.0
9355,2012-07-04,,,,2012,7,4,,0.59698,0.00453,0.597,6.0
9356,2012-07-05,,,,2012,7,5,,0.64892,0.03732,0.64999,6.0
9357,2012-07-06,,,,2012,7,6,,0.73991,0.01298,0.74003,6.0
9358,2012-07-07,,,,2012,7,7,,0.78188,-0.01458,0.78202,7.0
9359,2012-07-08,,,,2012,7,8,,0.79613,-0.03649,0.79697,7.0
9360,2012-07-09,,,,2012,7,9,,0.78045,0.03476,0.78122,6.0
9361,2012-07-10,,,,2012,7,10,,0.77299,0.10936,0.78069,6.0
9362,2012-07-11,,,,2012,7,11,,0.70883,0.07485,0.71277,6.0
9363,2012-07-12,,,,2012,7,12,,0.6106,0.05338,0.61292,6.0
9364,2012-07-13,,,,2012,7,13,,0.48415,0.11802,0.49833,6.0
9365,2012-07-14,,,,2012,7,14,,0.40089,0.25868,0.47711,6.0
9366,2012-07-15,,,,2012,7,15,,0.29313,0.39921,0.49527,5.0
9367,2012-07-16,,,,2012,7,16,,0.14553,0.50201,0.52268,5.0
9368,2012-07-17,,,,2012,7,17,,0.04578,0.59097,0.59274,5.0
9369,2012-07-18,,,,2012,7,18,,-0.04626,0.55959,0.5615,4.0
9370,2012-07-19,,,,2012,7,19,,-0.14673,0.58647,0.60455,4.0
9371,2012-07-20,,,,2012,7,20,,-0.29645,0.72698,0.7851,4.0
9372,2012-07-21,,,,2012,7,21,,-0.46397,0.86487,0.98146,4.0
9373,2012-07-22,,,,2012,7,22,,-0.57174,0.86649,1.03812,4.0
9374,2012-07-23,,,,2012,7,23,,-0.79386,0.69542,1.05538,3.0
9375,2012-07-24,,,,2012,7,24,,-1.03796,0.58269,1.19033,3.0
9376,2012-07-25,,,,2012,7,25,,-1.23206,0.48684,1.32476,3.0
9377,2012-07-26,,,,2012,7,26,,-1.36665,0.41995,1.42971,3.0
9378,2012-07-27,,,,2012,7,27,,-1.39052,0.35516,1.43516,3.0
9379,2012-07-28,,,,2012,7,28,,-1.44307,0.18308,1.45463,3.0
9380,2012-07-29,,,,2012,7,29,,-1.4273,0.01291,1.42736,3.0
9381,2012-07-30,,,,2012,7,30,,-1.34975,-0.17417,1.36094,2.0
9382,2012-07-31,,,,2012,7,31,,-1.2179,-0.3005,1.25442,2.0
9383,2012-08-01,-0.74,-1.938,0.014,2012,8,1,,-1.02545,-0.37424,1.0916,2.0
9384,2012-08-02,,,,2012,8,2,,-0.87978,-0.45606,0.99096,2.0
9385,2012-08-03,,,,2012,8,3,,-0.72206,-0.48839,0.87172,2.0
9386,2012-08-04,,,,2012,8,4,,-0.55321,-0.54682,0.77785,2.0
9387,2012-08-05,,,,2012,8,5,,-0.37775,-0.59567,0.70535,1.0
9388,2012-08-06,,,,2012,8,6,,-0.21125,-0.5997,0.63582,1.0
9389,2012-08-07,,,,2012,8,7,,-0.05384,-0.62614,0.62845,1.0
9390,2012-08-08,,,,2012,8,8,,0.08226,-0.68778,0.69268,8.0
9391,2012-08-09,,,,2012,8,9,,0.12104,-0.84678,0.85539,8.0
9392,2012-08-10,,,,2012,8,10,,0.10133,-0.9417,0.94713,8.0
9393,2012-08-11,,,,2012,8,11,,0.2397,-0.96868,0.99789,8.0
9394,2012-08-12,,,,2012,8,12,,0.36241,-0.96695,1.03264,8.0
9395,2012-08-13,,,,2012,8,13,,0.47693,-0.93683,1.05125,8.0
9396,2012-08-14,,,,2012,8,14,,0.5789,-0.8973,1.06784,8.0
9397,2012-08-15,,,,2012,8,15,,0.63952,-0.92783,1.12688,8.0
9398,2012-08-16,,,,2012,8,16,,0.79289,-0.89933,1.19894,8.0
9399,2012-08-17,,,,2012,8,17,,0.90646,-0.73967,1.16994,7.0
9400,2012-08-18,,,,2012,8,18,,0.99249,-0.50123,1.11187,7.0
9401,2012-08-19,,,,2012,8,19,,1.13234,-0.31064,1.17417,7.0
9402,2012-08-20,,,,2012,8,20,,1.14501,-0.10605,1.14991,7.0
9403,2012-08-21,,,,2012,8,21,,1.15891,0.05764,1.16034,6.0
9404,2012-08-22,,,,2012,8,22,,1.04097,0.18948,1.05807,6.0
9405,2012-08-23,,,,2012,8,23,,0.86838,0.35378,0.93768,6.0
9406,2012-08-24,,,,2012,8,24,,0.7991,0.60219,1.0006,6.0
9407,2012-08-25,,,,2012,8,25,,0.70967,0.77257,1.04905,5.0
9408,2012-08-26,,,,2012,8,26,,0.63302,0.81577,1.03257,5.0
9409,2012-08-27,,,,2012,8,27,,0.52959,0.84936,1.00093,5.0
9410,2012-08-28,,,,2012,8,28,,0.39437,0.89699,0.97985,5.0
9411,2012-08-29,,,,2012,8,29,,0.32075,0.82825,0.88819,5.0
9412,2012-08-30,,,,2012,8,30,,0.22926,0.85989,0.88992,5.0
9413,2012-08-31,,,,2012,8,31,,0.18565,0.92591,0.94434,5.0
9414,2012-09-01,0.22,-2.235,0.772,2012,9,1,,0.10489,0.95641,0.96215,5.0
9415,2012-09-02,,,,2012,9,2,,-0.01253,0.9772,0.97728,4.0
9416,2012-09-03,,,,2012,9,3,,-0.148,0.96313,0.97443,4.0
9417,2012-09-04,,,,2012,9,4,,-0.23282,0.96286,0.9906,4.0
9418,2012-09-05,,,,2012,9,5,,-0.21046,0.96493,0.98762,4.0
9419,2012-09-06,,,,2012,9,6,,-0.22278,0.97228,0.99748,4.0
9420,2012-09-07,,,,2012,9,7,,-0.30367,0.93682,0.98481,4.0
9421,2012-09-08,,,,2012,9,8,,-0.44523,0.76551,0.88557,4.0
9422,2012-09-09,,,,2012,9,9,,-0.59028,0.57923,0.82701,3.0
9423,2012-09-10,,,,2012,9,10,,-0.70958,0.4655,0.84865,3.0
9424,2012-09-11,,,,2012,9,11,,-0.80635,0.34825,0.87834,3.0
9425,2012-09-12,,,,2012,9,12,,-0.84175,0.22897,0.87234,3.0
9426,2012-09-13,,,,2012,9,13,,-0.80507,0.12114,0.81413,3.0
9427,2012-09-14,,,,2012,9,14,,-0.77876,0.03849,0.77971,3.0
9428,2012-09-15,,,,2012,9,15,,-0.75533,-0.06737,0.75833,2.0
9429,2012-09-16,,,,2012,9,16,,-0.71339,-0.12551,0.72435,2.0
9430,2012-09-17,,,,2012,9,17,,-0.60665,-0.16495,0.62868,2.0
9431,2012-09-18,,,,2012,9,18,,-0.47688,-0.21227,0.52199,2.0
9432,2012-09-19,,,,2012,9,19,,-0.37079,-0.29762,0.47546,2.0
9433,2012-09-20,,,,2012,9,20,,-0.33905,-0.38965,0.51651,1.0
9434,2012-09-21,,,,2012,9,21,,-0.43853,-0.43545,0.618,2.0
9435,2012-09-22,,,,2012,9,22,,-0.57566,-0.38615,0.69318,2.0
9436,2012-09-23,,,,2012,9,23,,-0.72031,-0.35789,0.80432,2.0
9437,2012-09-24,,,,2012,9,24,,-0.80393,-0.36181,0.88159,2.0
9438,2012-09-25,,,,2012,9,25,,-0.90145,-0.32847,0.95943,2.0
9439,2012-09-26,,,,2012,9,26,,-1.0493,-0.2832,1.08684,2.0
9440,2012-09-27,,,,2012,9,27,,-1.18945,-0.255,1.21648,2.0
9441,2012-09-28,,,,2012,9,28,,-1.26549,-0.25457,1.29084,2.0
9442,2012-09-29,,,,2012,9,29,,-1.26083,-0.31622,1.29988,2.0
9443,2012-09-30,,,,2012,9,30,,-1.17506,-0.37426,1.23322,2.0
9444,2012-10-01,0.17,-0.816,-1.514,2012,10,1,,-1.14625,-0.46377,1.23652,2.0
9445,2012-10-02,,,,2012,10,2,,-1.07362,-0.5619,1.21178,2.0
9446,2012-10-03,,,,2012,10,3,,-0.97411,-0.60992,1.1493,2.0
9447,2012-10-04,,,,2012,10,4,,-0.8108,-0.68628,1.06225,2.0
9448,2012-10-05,,,,2012,10,5,,-0.62438,-0.7824,1.001,1.0
9449,2012-10-06,,,,2012,10,6,,-0.34716,-0.89773,0.96251,1.0
9450,2012-10-07,,,,2012,10,7,,-0.09042,-1.06338,1.06722,1.0
9451,2012-10-08,,,,2012,10,8,,0.21109,-1.08622,1.10655,8.0
9452,2012-10-09,,,,2012,10,9,,0.4987,-1.08444,1.19361,8.0
9453,2012-10-10,,,,2012,10,10,,0.78675,-1.02646,1.29329,8.0
9454,2012-10-11,,,,2012,10,11,,1.01753,-0.86069,1.33273,7.0
9455,2012-10-12,,,,2012,10,12,,1.1606,-0.65134,1.33087,7.0
9456,2012-10-13,,,,2012,10,13,,1.24963,-0.42635,1.32036,7.0
9457,2012-10-14,,,,2012,10,14,,1.32615,-0.20673,1.34217,7.0
9458,2012-10-15,,,,2012,10,15,,1.29896,0.03959,1.29957,6.0
9459,2012-10-16,,,,2012,10,16,,1.27035,0.32481,1.31122,6.0
9460,2012-10-17,,,,2012,10,17,,1.26328,0.52564,1.36827,6.0
9461,2012-10-18,,,,2012,10,18,,1.304,0.68823,1.47448,6.0
9462,2012-10-19,,,,2012,10,19,,1.41719,0.74828,1.6026,6.0
9463,2012-10-20,,,,2012,10,20,,1.50675,0.66336,1.64632,6.0
9464,2012-10-21,,,,2012,10,21,,1.56615,0.6257,1.68652,6.0
9465,2012-10-22,,,,2012,10,22,,1.55638,0.52948,1.64398,6.0
9466,2012-10-23,,,,2012,10,23,,1.53599,0.47708,1.60838,6.0
9467,2012-10-24,,,,2012,10,24,,1.61475,0.4197,1.6684,6.0
9468,2012-10-25,,,,2012,10,25,,1.73215,0.38864,1.77521,6.0
9469,2012-10-26,,,,2012,10,26,,1.82503,0.37161,1.86248,6.0
9470,2012-10-27,,,,2012,10,27,,1.84419,0.39783,1.88661,6.0
9471,2012-10-28,,,,2012,10,28,,1.76013,0.49508,1.82844,6.0
9472,2012-10-29,,,,2012,10,29,,1.70258,0.70388,1.84235,6.0
9473,2012-10-30,,,,2012,10,30,,1.62851,0.92248,1.87163,6.0
9474,2012-10-31,,,,2012,10,31,,1.54372,1.08077,1.88445,6.0
9475,2012-11-01,0.33,-0.665,-0.111,2012,11,1,,1.37774,1.11757,1.77402,6.0
9476,2012-11-02,,,,2012,11,2,,1.16869,1.1205,1.61906,6.0
9477,2012-11-03,,,,2012,11,3,,0.95904,1.11715,1.47234,5.0
9478,2012-11-04,,,,2012,11,4,,0.7487,1.08135,1.31525,5.0
9479,2012-11-05,,,,2012,11,5,,0.54672,1.00712,1.14594,5.0
9480,2012-11-06,,,,2012,11,6,,0.3773,0.93292,1.00633,5.0
9481,2012-11-07,,,,2012,11,7,,0.14586,0.79524,0.80851,5.0
9482,2012-11-08,,,,2012,11,8,,-0.11063,0.66903,0.67811,4.0
9483,2012-11-09,,,,2012,11,9,,-0.34651,0.62186,0.71189,4.0
9484,2012-11-10,,,,2012,11,10,,-0.49395,0.58328,0.76433,4.0
9485,2012-11-11,,,,2012,11,11,,-0.64122,0.60085,0.87874,3.0
9486,2012-11-12,,,,2012,11,12,,-0.8271,0.5731,1.00625,3.0
9487,2012-11-13,,,,2012,11,13,,-0.95624,0.51487,1.08604,3.0
9488,2012-11-14,,,,2012,11,14,,-0.99122,0.44926,1.08827,3.0
9489,2012-11-15,,,,2012,11,15,,-1.04492,0.39567,1.11732,3.0
9490,2012-11-16,,,,2012,11,16,,-1.09658,0.32231,1.14297,3.0
9491,2012-11-17,,,,2012,11,17,,-1.1228,0.21126,1.1425,3.0
9492,2012-11-18,,,,2012,11,18,,-1.11464,0.07914,1.11745,3.0
9493,2012-11-19,,,,2012,11,19,,-1.07966,-0.07996,1.08262,2.0
9494,2012-11-20,,,,2012,11,20,,-1.00205,-0.30653,1.04788,2.0
9495,2012-11-21,,,,2012,11,21,,-0.84635,-0.48371,0.97482,2.0
9496,2012-11-22,,,,2012,11,22,,-0.67099,-0.51129,0.84359,2.0
9497,2012-11-23,,,,2012,11,23,,-0.57534,-0.45285,0.73219,2.0
9498,2012-11-24,,,,2012,11,24,,-0.40098,-0.33372,0.52169,2.0
9499,2012-11-25,,,,2012,11,25,,-0.18768,-0.16011,0.2467,2.0
9500,2012-11-26,,,,2012,11,26,,0.00188,-0.04029,0.04033,8.0
9501,2012-11-27,,,,2012,11,27,,0.23418,0.00978,0.23438,6.0
9502,2012-11-28,,,,2012,11,28,,0.41365,0.06114,0.41815,6.0
9503,2012-11-29,,,,2012,11,29,,0.56063,0.07918,0.5662,6.0
9504,2012-11-30,,,,2012,11,30,,0.59148,0.07106,0.59573,6.0
9505,2012-12-01,-0.77,-1.173,-1.749,2012,12,1,,0.50231,0.00547,0.50234,6.0
9506,2012-12-02,,,,2012,12,2,,0.39285,-0.10511,0.40667,7.0
9507,2012-12-03,,,,2012,12,3,,0.3079,-0.22254,0.3799,7.0
9508,2012-12-04,,,,2012,12,4,,0.24151,-0.31192,0.39449,8.0
9509,2012-12-05,,,,2012,12,5,,0.18719,-0.35014,0.39704,8.0
9510,2012-12-06,,,,2012,12,6,,0.09237,-0.3517,0.36363,8.0
9511,2012-12-07,,,,2012,12,7,,0.01717,-0.32978,0.33023,8.0
9512,2012-12-08,,,,2012,12,8,,-0.01301,-0.29535,0.29564,1.0
9513,2012-12-09,,,,2012,12,9,,0.08439,-0.30699,0.31838,8.0
9514,2012-12-10,,,,2012,12,10,,0.13345,-0.26447,0.29623,8.0
9515,2012-12-11,,,,2012,12,11,,0.26419,-0.16978,0.31404,7.0
9516,2012-12-12,,,,2012,12,12,,0.30956,-0.10437,0.32668,7.0
9517,2012-12-13,,,,2012,12,13,,0.32252,-0.03505,0.32442,7.0
9518,2012-12-14,,,,2012,12,14,,0.37815,-0.02613,0.37905,7.0
9519,2012-12-15,,,,2012,12,15,,0.35577,-0.04532,0.35865,7.0
9520,2012-12-16,,,,2012,12,16,,0.38061,-0.07955,0.38883,7.0
9521,2012-12-17,,,,2012,12,17,,0.42126,-0.03233,0.42249,7.0
9522,2012-12-18,,,,2012,12,18,,0.43385,0.14441,0.45725,6.0
9523,2012-12-19,,,,2012,12,19,,0.59009,0.31272,0.66783,6.0
9524,2012-12-20,,,,2012,12,20,,0.65816,0.42699,0.78453,6.0
9525,2012-12-21,,,,2012,12,21,,0.69216,0.60008,0.91608,6.0
9526,2012-12-22,,,,2012,12,22,,0.64777,0.68963,0.94615,5.0
9527,2012-12-23,,,,2012,12,23,,0.56643,0.7732,0.95848,5.0
9528,2012-12-24,,,,2012,12,24,,0.57512,0.86876,1.04188,5.0
9529,2012-12-25,,,,2012,12,25,,0.58228,0.91599,1.0854,5.0
9530,2012-12-26,,,,2012,12,26,,0.54389,0.93199,1.07908,5.0
9531,2012-12-27,,,,2012,12,27,,0.4529,0.92196,1.0272,5.0
9532,2012-12-28,,,,2012,12,28,,0.26768,0.92198,0.96005,5.0
9533,2012-12-29,,,,2012,12,29,,0.14754,0.9591,0.97038,5.0
9534,2012-12-30,,,,2012,12,30,,0.06642,0.93801,0.94036,5.0
9535,2012-12-31,,,,2012,12,31,,0.00079,0.99898,0.99898,5.0
9536,2013-01-01,-0.1,-0.997,-0.61,2013,1,1,,-0.16909,1.08048,1.09363,4.0
9537,2013-01-02,,,,2013,1,2,,-0.35658,1.23606,1.28646,4.0
9538,2013-01-03,,,,2013,1,3,,-0.57381,1.43575,1.54617,4.0
9539,2013-01-04,,,,2013,1,4,,-0.75121,1.55554,1.72743,4.0
9540,2013-01-05,,,,2013,1,5,,-0.8845,1.62051,1.84618,4.0
9541,2013-01-06,,,,2013,1,6,,-1.0089,1.55229,1.85135,4.0
9542,2013-01-07,,,,2013,1,7,,-1.09989,1.41315,1.79074,4.0
9543,2013-01-08,,,,2013,1,8,,-1.22994,1.30566,1.79373,4.0
9544,2013-01-09,,,,2013,1,9,,-1.3421,1.09553,1.73246,3.0
9545,2013-01-10,,,,2013,1,10,,-1.40656,0.83459,1.63553,3.0
9546,2013-01-11,,,,2013,1,11,,-1.43456,0.44776,1.50281,3.0
9547,2013-01-12,,,,2013,1,12,,-1.42589,0.02198,1.42605,3.0
9548,2013-01-13,,,,2013,1,13,,-1.45677,-0.38167,1.50594,2.0
9549,2013-01-14,,,,2013,1,14,,-1.45802,-0.73333,1.63206,2.0
9550,2013-01-15,,,,2013,1,15,,-1.3806,-0.98429,1.69555,2.0
9551,2013-01-16,,,,2013,1,16,,-1.33899,-1.17359,1.78051,2.0
9552,2013-01-17,,,,2013,1,17,,-1.23766,-1.3447,1.82758,1.0
9553,2013-01-18,,,,2013,1,18,,-1.09129,-1.41819,1.78946,1.0
9554,2013-01-19,,,,2013,1,19,,-0.86304,-1.40125,1.6457,1.0
9555,2013-01-20,,,,2013,1,20,,-0.6688,-1.37048,1.52496,1.0
9556,2013-01-21,,,,2013,1,21,,-0.62151,-1.33605,1.47353,1.0
9557,2013-01-22,,,,2013,1,22,,-0.57307,-1.31419,1.4337,1.0
9558,2013-01-23,,,,2013,1,23,,-0.60074,-1.32779,1.45736,1.0
9559,2013-01-24,,,,2013,1,24,,-0.73999,-1.33865,1.52957,1.0
9560,2013-01-25,,,,2013,1,25,,-0.90501,-1.33482,1.61269,1.0
9561,2013-01-26,,,,2013,1,26,,-1.05746,-1.33055,1.69959,1.0
9562,2013-01-27,,,,2013,1,27,,-1.19518,-1.34864,1.80202,1.0
9563,2013-01-28,,,,2013,1,28,,-1.34833,-1.41278,1.95294,1.0
9564,2013-01-29,,,,2013,1,29,,-1.37816,-1.49237,2.03138,1.0
9565,2013-01-30,,,,2013,1,30,,-1.19884,-1.57569,1.9799,1.0
9566,2013-01-31,,,,2013,1,31,,-0.93771,-1.65274,1.90023,1.0
9567,2013-02-01,-0.47,-1.209,-1.007,2013,2,1,,-0.58476,-1.69657,1.79452,1.0
9568,2013-02-02,,,,2013,2,2,,-0.09413,-1.69557,1.69818,1.0
9569,2013-02-03,,,,2013,2,3,,0.43538,-1.71703,1.77137,8.0
9570,2013-02-04,,,,2013,2,4,,0.93578,-1.72288,1.96062,8.0
9571,2013-02-05,,,,2013,2,5,,1.403,-1.68282,2.19096,8.0
9572,2013-02-06,,,,2013,2,6,,1.79326,-1.56077,2.37735,7.0
9573,2013-02-07,,,,2013,2,7,,2.02708,-1.36898,2.44605,7.0
9574,2013-02-08,,,,2013,2,8,,2.05066,-1.152,2.35208,7.0
9575,2013-02-09,,,,2013,2,9,,1.99413,-0.92241,2.19713,7.0
9576,2013-02-10,,,,2013,2,10,,1.85033,-0.70766,1.98103,7.0
9577,2013-02-11,,,,2013,2,11,,1.61869,-0.41854,1.67192,7.0
9578,2013-02-12,,,,2013,2,12,,1.357,0.00121,1.357,6.0
9579,2013-02-13,,,,2013,2,13,,1.11579,0.42051,1.1924,6.0
9580,2013-02-14,,,,2013,2,14,,0.96915,0.81989,1.26943,6.0
9581,2013-02-15,,,,2013,2,15,,0.88,1.25787,1.53513,5.0
9582,2013-02-16,,,,2013,2,16,,0.86402,1.73487,1.93812,5.0
9583,2013-02-17,,,,2013,2,17,,0.96566,2.18298,2.38703,5.0
9584,2013-02-18,,,,2013,2,18,,1.05896,2.60087,2.80819,5.0
9585,2013-02-19,,,,2013,2,19,,1.1187,2.91945,3.12644,5.0
9586,2013-02-20,,,,2013,2,20,,1.10074,3.07581,3.26684,5.0
9587,2013-02-21,,,,2013,2,21,,0.903,3.09467,3.22372,5.0
9588,2013-02-22,,,,2013,2,22,,0.58661,3.0843,3.13959,5.0
9589,2013-02-23,,,,2013,2,23,,0.08459,3.05462,3.05579,5.0
9590,2013-02-24,,,,2013,2,24,,-0.53152,2.82266,2.87227,4.0
9591,2013-02-25,,,,2013,2,25,,-1.00813,2.44369,2.64347,4.0
9592,2013-02-26,,,,2013,2,26,,-1.28228,2.07571,2.43984,4.0
9593,2013-02-27,,,,2013,2,27,,-1.39492,1.71552,2.21106,4.0
9594,2013-02-28,,,,2013,2,28,,-1.4286,1.33733,1.95687,3.0
9595,2013-03-01,1.06,-1.114,-3.185,2013,3,1,,-1.35357,1.03082,1.70139,3.0
9596,2013-03-02,,,,2013,3,2,,-1.32448,0.74415,1.51921,3.0
9597,2013-03-03,,,,2013,3,3,,-1.35663,0.49831,1.44525,3.0
9598,2013-03-04,,,,2013,3,4,,-1.39231,0.35425,1.43667,3.0
9599,2013-03-05,,,,2013,3,5,,-1.35286,0.25404,1.37651,3.0
9600,2013-03-06,,,,2013,3,6,,-1.36685,0.15299,1.37539,3.0
9601,2013-03-07,,,,2013,3,7,,-1.45146,-0.01145,1.4515,2.0
9602,2013-03-08,,,,2013,3,8,,-1.53633,-0.13611,1.54235,2.0
9603,2013-03-09,,,,2013,3,9,,-1.64108,-0.22187,1.65601,2.0
9604,2013-03-10,,,,2013,3,10,,-1.72827,-0.27057,1.74932,2.0
9605,2013-03-11,,,,2013,3,11,,-1.75127,-0.36233,1.78836,2.0
9606,2013-03-12,,,,2013,3,12,,-1.69704,-0.51928,1.77471,2.0
9607,2013-03-13,,,,2013,3,13,,-1.56867,-0.80249,1.76202,2.0
9608,2013-03-14,,,,2013,3,14,,-1.36136,-1.12163,1.7639,2.0
9609,2013-03-15,,,,2013,3,15,,-0.98436,-1.49463,1.78966,1.0
9610,2013-03-16,,,,2013,3,16,,-0.52708,-1.79076,1.86672,1.0
9611,2013-03-17,,,,2013,3,17,,-0.11177,-2.00975,2.01285,1.0
9612,2013-03-18,,,,2013,3,18,,0.23087,-2.1215,2.13403,8.0
9613,2013-03-19,,,,2013,3,19,,0.38557,-2.17402,2.20795,8.0
9614,2013-03-20,,,,2013,3,20,,0.48635,-2.15324,2.20748,8.0
9615,2013-03-21,,,,2013,3,21,,0.55184,-2.03705,2.11047,8.0
9616,2013-03-22,,,,2013,3,22,,0.59363,-1.92049,2.01015,8.0
9617,2013-03-23,,,,2013,3,23,,0.6091,-1.74109,1.84456,8.0
9618,2013-03-24,,,,2013,3,24,,0.58159,-1.51073,1.61881,8.0
9619,2013-03-25,,,,2013,3,25,,0.61884,-1.2734,1.4158,8.0
9620,2013-03-26,,,,2013,3,26,,0.75497,-0.99876,1.252,8.0
9621,2013-03-27,,,,2013,3,27,,0.91262,-0.7585,1.18668,7.0
9622,2013-03-28,,,,2013,3,28,,1.20421,-0.53538,1.31786,7.0
9623,2013-03-29,,,,2013,3,29,,1.59862,-0.33605,1.63356,7.0
9624,2013-03-30,,,,2013,3,30,,1.95305,-0.22231,1.96566,7.0
9625,2013-03-31,,,,2013,3,31,,2.23138,-0.07841,2.23276,7.0
9626,2013-04-01,0.01,-0.603,0.322,2013,4,1,,2.41678,0.01335,2.41681,6.0
9627,2013-04-02,,,,2013,4,2,,2.50709,0.20876,2.51576,6.0
9628,2013-04-03,,,,2013,4,3,,2.48704,0.46541,2.53021,6.0
9629,2013-04-04,,,,2013,4,4,,2.32163,0.71995,2.4307,6.0
9630,2013-04-05,,,,2013,4,5,,2.16168,1.01899,2.38982,6.0
9631,2013-04-06,,,,2013,4,6,,1.89255,1.26755,2.27781,6.0
9632,2013-04-07,,,,2013,4,7,,1.41992,1.44003,2.02235,5.0
9633,2013-04-08,,,,2013,4,8,,0.95714,1.52962,1.8044,5.0
9634,2013-04-09,,,,2013,4,9,,0.53429,1.51655,1.60792,5.0
9635,2013-04-10,,,,2013,4,10,,0.24559,1.49925,1.51923,5.0
9636,2013-04-11,,,,2013,4,11,,0.07555,1.39634,1.39838,5.0
9637,2013-04-12,,,,2013,4,12,,-0.08002,1.21733,1.21996,4.0
9638,2013-04-13,,,,2013,4,13,,-0.21161,0.986,1.00845,4.0
9639,2013-04-14,,,,2013,4,14,,-0.31065,0.69047,0.75713,4.0
9640,2013-04-15,,,,2013,4,15,,-0.38875,0.40853,0.56393,4.0
9641,2013-04-16,,,,2013,4,16,,-0.46423,0.16859,0.49389,3.0
9642,2013-04-17,,,,2013,4,17,,-0.54287,0.01785,0.54316,3.0
9643,2013-04-18,,,,2013,4,18,,-0.60011,-0.12221,0.61242,2.0
9644,2013-04-19,,,,2013,4,19,,-0.7241,-0.25653,0.7682,2.0
9645,2013-04-20,,,,2013,4,20,,-0.84781,-0.32236,0.90703,2.0
9646,2013-04-21,,,,2013,4,21,,-0.8955,-0.35113,0.96189,2.0
9647,2013-04-22,,,,2013,4,22,,-0.88247,-0.29882,0.93169,2.0
9648,2013-04-23,,,,2013,4,23,,-0.84833,-0.17765,0.86673,2.0
9649,2013-04-24,,,,2013,4,24,,-0.77134,-0.10613,0.77861,2.0
9650,2013-04-25,,,,2013,4,25,,-0.61243,-0.12118,0.6243,2.0
9651,2013-04-26,,,,2013,4,26,,-0.4588,-0.25285,0.52386,2.0
9652,2013-04-27,,,,2013,4,27,,-0.23627,-0.46292,0.51973,1.0
9653,2013-04-28,,,,2013,4,28,,0.01608,-0.63635,0.63655,8.0
9654,2013-04-29,,,,2013,4,29,,0.28094,-0.77861,0.82774,8.0
9655,2013-04-30,,,,2013,4,30,,0.54513,-0.88184,1.03673,8.0
9656,2013-05-01,0.9,-0.325,0.494,2013,5,1,,0.82711,-0.96714,1.27259,8.0
9657,2013-05-02,,,,2013,5,2,,1.04742,-0.93546,1.40434,7.0
9658,2013-05-03,,,,2013,5,3,,1.24768,-0.86395,1.5176,7.0
9659,2013-05-04,,,,2013,5,4,,1.43783,-0.69943,1.59893,7.0
9660,2013-05-05,,,,2013,5,5,,1.57995,-0.46571,1.64715,7.0
9661,2013-05-06,,,,2013,5,6,,1.61748,-0.1309,1.62277,7.0
9662,2013-05-07,,,,2013,5,7,,1.56388,0.15974,1.57202,6.0
9663,2013-05-08,,,,2013,5,8,,1.45294,0.35672,1.49609,6.0
9664,2013-05-09,,,,2013,5,9,,1.28306,0.48278,1.37088,6.0
9665,2013-05-10,,,,2013,5,10,,1.02756,0.5408,1.16118,6.0
9666,2013-05-11,,,,2013,5,11,,0.77457,0.54347,0.94621,6.0
9667,2013-05-12,,,,2013,5,12,,0.42683,0.61234,0.74642,5.0
9668,2013-05-13,,,,2013,5,13,,0.05339,0.62939,0.63165,5.0
9669,2013-05-14,,,,2013,5,14,,-0.28,0.61154,0.6726,4.0
9670,2013-05-15,,,,2013,5,15,,-0.55097,0.49091,0.73794,3.0
9671,2013-05-16,,,,2013,5,16,,-0.75685,0.34424,0.83146,3.0
9672,2013-05-17,,,,2013,5,17,,-0.91221,0.21555,0.93733,3.0
9673,2013-05-18,,,,2013,5,18,,-0.97017,0.13904,0.98008,3.0
9674,2013-05-19,,,,2013,5,19,,-1.0123,0.12406,1.01987,3.0
9675,2013-05-20,,,,2013,5,20,,-1.03757,0.12574,1.04516,3.0
9676,2013-05-21,,,,2013,5,21,,-0.9415,0.06849,0.94398,3.0
9677,2013-05-22,,,,2013,5,22,,-0.80933,0.06869,0.81224,3.0
9678,2013-05-23,,,,2013,5,23,,-0.73808,0.10386,0.74535,3.0
9679,2013-05-24,,,,2013,5,24,,-0.73693,0.26259,0.78232,3.0
9680,2013-05-25,,,,2013,5,25,,-0.76614,0.39377,0.86141,3.0
9681,2013-05-26,,,,2013,5,26,,-0.72148,0.48275,0.86809,3.0
9682,2013-05-27,,,,2013,5,27,,-0.63114,0.56024,0.84393,3.0
9683,2013-05-28,,,,2013,5,28,,-0.54086,0.63928,0.83738,4.0
9684,2013-05-29,,,,2013,5,29,,-0.43603,0.66925,0.79876,4.0
9685,2013-05-30,,,,2013,5,30,,-0.40651,0.71176,0.81967,4.0
9686,2013-05-31,,,,2013,5,31,,-0.40453,0.7165,0.82281,4.0
9687,2013-06-01,1.45,-1.124,0.549,2013,6,1,,-0.4195,0.65019,0.77377,4.0
9688,2013-06-02,,,,2013,6,2,,-0.35729,0.52976,0.63899,4.0
9689,2013-06-03,,,,2013,6,3,,-0.21663,0.47181,0.51916,4.0
9690,2013-06-04,,,,2013,6,4,,-0.1889,0.42871,0.46848,4.0
9691,2013-06-05,,,,2013,6,5,,-0.23662,0.45267,0.51079,4.0
9692,2013-06-06,,,,2013,6,6,,-0.32187,0.48872,0.58519,4.0
9693,2013-06-07,,,,2013,6,7,,-0.4128,0.59474,0.72396,4.0
9694,2013-06-08,,,,2013,6,8,,-0.39684,0.70699,0.81075,4.0
9695,2013-06-09,,,,2013,6,9,,-0.41059,0.8012,0.90028,4.0
9696,2013-06-10,,,,2013,6,10,,-0.37979,0.94072,1.0145,4.0
9697,2013-06-11,,,,2013,6,11,,-0.41467,1.09712,1.17287,4.0
9698,2013-06-12,,,,2013,6,12,,-0.55538,1.20566,1.32742,4.0
9699,2013-06-13,,,,2013,6,13,,-0.65154,1.27008,1.42744,4.0
9700,2013-06-14,,,,2013,6,14,,-0.75229,1.23576,1.44674,4.0
9701,2013-06-15,,,,2013,6,15,,-0.8314,1.16062,1.42768,4.0
9702,2013-06-16,,,,2013,6,16,,-0.97649,0.99694,1.3955,4.0
9703,2013-06-17,,,,2013,6,17,,-1.10541,0.80193,1.36566,3.0
9704,2013-06-18,,,,2013,6,18,,-1.17423,0.57925,1.30933,3.0
9705,2013-06-19,,,,2013,6,19,,-1.19119,0.36972,1.24725,3.0
9706,2013-06-20,,,,2013,6,20,,-1.1819,0.05753,1.1833,3.0
9707,2013-06-21,,,,2013,6,21,,-1.03162,-0.27999,1.06894,2.0
9708,2013-06-22,,,,2013,6,22,,-0.87383,-0.52776,1.02084,2.0
9709,2013-06-23,,,,2013,6,23,,-0.74807,-0.69927,1.024,2.0
9710,2013-06-24,,,,2013,6,24,,-0.54179,-0.82899,0.99033,1.0
9711,2013-06-25,,,,2013,6,25,,-0.26107,-0.94421,0.97964,1.0
9712,2013-06-26,,,,2013,6,26,,0.00864,-1.01316,1.0132,8.0
9713,2013-06-27,,,,2013,6,27,,0.2778,-1.01157,1.04902,8.0
9714,2013-06-28,,,,2013,6,28,,0.57336,-0.98814,1.14244,8.0
9715,2013-06-29,,,,2013,6,29,,0.88834,-0.87423,1.24637,7.0
9716,2013-06-30,,,,2013,6,30,,1.08255,-0.69052,1.28403,7.0
9717,2013-07-01,0.76,-1.258,-0.011,2013,7,1,,1.24883,-0.52311,1.35396,7.0
9718,2013-07-02,,,,2013,7,2,,1.39526,-0.39035,1.44883,7.0
9719,2013-07-03,,,,2013,7,3,,1.43276,-0.29205,1.46222,7.0
9720,2013-07-04,,,,2013,7,4,,1.49245,-0.20947,1.50708,7.0
9721,2013-07-05,,,,2013,7,5,,1.52096,-0.12063,1.52574,7.0
9722,2013-07-06,,,,2013,7,6,,1.47662,-0.0313,1.47695,7.0
9723,2013-07-07,,,,2013,7,7,,1.35735,0.01118,1.3574,6.0
9724,2013-07-08,,,,2013,7,8,,1.18567,0.0265,1.18596,6.0
9725,2013-07-09,,,,2013,7,9,,0.99787,0.0691,1.00026,6.0
9726,2013-07-10,,,,2013,7,10,,0.8666,0.12566,0.87566,6.0
9727,2013-07-11,,,,2013,7,11,,0.79039,0.2352,0.82464,6.0
9728,2013-07-12,,,,2013,7,12,,0.78421,0.30512,0.84148,6.0
9729,2013-07-13,,,,2013,7,13,,0.7821,0.36029,0.8611,6.0
9730,2013-07-14,,,,2013,7,14,,0.66985,0.4427,0.80292,6.0
9731,2013-07-15,,,,2013,7,15,,0.52553,0.52672,0.74405,5.0
9732,2013-07-16,,,,2013,7,16,,0.38652,0.55786,0.67868,5.0
9733,2013-07-17,,,,2013,7,17,,0.27986,0.58196,0.64576,5.0
9734,2013-07-18,,,,2013,7,18,,0.06616,0.6203,0.62381,5.0
9735,2013-07-19,,,,2013,7,19,,-0.24197,0.62427,0.66953,4.0
9736,2013-07-20,,,,2013,7,20,,-0.40069,0.56123,0.68959,4.0
9737,2013-07-21,,,,2013,7,21,,-0.51713,0.52939,0.74005,4.0
9738,2013-07-22,,,,2013,7,22,,-0.68947,0.5037,0.85386,3.0
9739,2013-07-23,,,,2013,7,23,,-0.72181,0.46727,0.85986,3.0
9740,2013-07-24,,,,2013,7,24,,-0.61527,0.4258,0.74824,3.0
9741,2013-07-25,,,,2013,7,25,,-0.53911,0.42719,0.68784,3.0
9742,2013-07-26,,,,2013,7,26,,-0.53876,0.42751,0.68776,3.0
9743,2013-07-27,,,,2013,7,27,,-0.38682,0.45337,0.59596,4.0
9744,2013-07-28,,,,2013,7,28,,-0.17385,0.53754,0.56496,4.0
9745,2013-07-29,,,,2013,7,29,,-0.16406,0.62245,0.64371,4.0
9746,2013-07-30,,,,2013,7,30,,-0.20386,0.62499,0.6574,4.0
9747,2013-07-31,,,,2013,7,31,,-0.17423,0.63244,0.656,4.0
9748,2013-08-01,-0.23,-1.226,0.154,2013,8,1,,-0.12516,0.53896,0.5533,4.0
9749,2013-08-02,,,,2013,8,2,,-0.09739,0.34949,0.36281,4.0
9750,2013-08-03,,,,2013,8,3,,-0.13162,0.16951,0.21461,4.0
9751,2013-08-04,,,,2013,8,4,,-0.13845,0.10659,0.17473,3.0
9752,2013-08-05,,,,2013,8,5,,-0.12818,0.06319,0.14291,3.0
9753,2013-08-06,,,,2013,8,6,,-0.12827,-0.03684,0.13345,2.0
9754,2013-08-07,,,,2013,8,7,,-0.11615,-0.17578,0.21069,1.0
9755,2013-08-08,,,,2013,8,8,,-0.14597,-0.22894,0.27151,1.0
9756,2013-08-09,,,,2013,8,9,,-0.18805,-0.27971,0.33705,1.0
9757,2013-08-10,,,,2013,8,10,,-0.22047,-0.32015,0.38872,1.0
9758,2013-08-11,,,,2013,8,11,,-0.25574,-0.36771,0.4479,1.0
9759,2013-08-12,,,,2013,8,12,,-0.28524,-0.42517,0.51199,1.0
9760,2013-08-13,,,,2013,8,13,,-0.30412,-0.55295,0.63106,1.0
9761,2013-08-14,,,,2013,8,14,,-0.33605,-0.73127,0.80478,1.0
9762,2013-08-15,,,,2013,8,15,,-0.35365,-0.8922,0.95974,1.0
9763,2013-08-16,,,,2013,8,16,,-0.38881,-1.00267,1.07541,1.0
9764,2013-08-17,,,,2013,8,17,,-0.34686,-1.08756,1.14154,1.0
9765,2013-08-18,,,,2013,8,18,,-0.24282,-1.15596,1.18119,1.0
9766,2013-08-19,,,,2013,8,19,,-0.19096,-1.27521,1.28943,1.0
9767,2013-08-20,,,,2013,8,20,,-0.14603,-1.32114,1.32918,1.0
9768,2013-08-21,,,,2013,8,21,,0.01288,-1.30728,1.30735,8.0
9769,2013-08-22,,,,2013,8,22,,0.23229,-1.27229,1.29332,8.0
9770,2013-08-23,,,,2013,8,23,,0.40871,-1.30664,1.36907,8.0
9771,2013-08-24,,,,2013,8,24,,0.6633,-1.27559,1.43774,8.0
9772,2013-08-25,,,,2013,8,25,,0.94599,-1.23199,1.55329,8.0
9773,2013-08-26,,,,2013,8,26,,1.21698,-1.22201,1.72462,8.0
9774,2013-08-27,,,,2013,8,27,,1.43134,-1.22443,1.8836,7.0
9775,2013-08-28,,,,2013,8,28,,1.63661,-1.07956,1.9606,7.0
9776,2013-08-29,,,,2013,8,29,,1.81994,-0.96332,2.05917,7.0
9777,2013-08-30,,,,2013,8,30,,1.8782,-0.85128,2.06212,7.0
9778,2013-08-31,,,,2013,8,31,,1.84927,-0.68514,1.97211,7.0
9779,2013-09-01,0.41,-0.731,-0.461,2013,9,1,,1.83182,-0.39606,1.87415,7.0
9780,2013-09-02,,,,2013,9,2,,1.64694,-0.11459,1.65092,7.0
9781,2013-09-03,,,,2013,9,3,,1.47708,0.09059,1.47986,6.0
9782,2013-09-04,,,,2013,9,4,,1.2719,0.27078,1.3004,6.0
9783,2013-09-05,,,,2013,9,5,,1.01303,0.47219,1.11767,6.0
9784,2013-09-06,,,,2013,9,6,,0.75832,0.57869,0.9539,6.0
9785,2013-09-07,,,,2013,9,7,,0.53601,0.72894,0.9048,5.0
9786,2013-09-08,,,,2013,9,8,,0.39178,0.83199,0.91962,5.0
9787,2013-09-09,,,,2013,9,9,,0.24347,0.83495,0.86972,5.0
9788,2013-09-10,,,,2013,9,10,,0.00151,0.78387,0.78387,5.0
9789,2013-09-11,,,,2013,9,11,,-0.18127,0.74907,0.77069,4.0
9790,2013-09-12,,,,2013,9,12,,-0.31124,0.8352,0.89131,4.0
9791,2013-09-13,,,,2013,9,13,,-0.36308,0.86952,0.94228,4.0
9792,2013-09-14,,,,2013,9,14,,-0.46754,0.78959,0.91763,4.0
9793,2013-09-15,,,,2013,9,15,,-0.66246,0.72419,0.98149,4.0
9794,2013-09-16,,,,2013,9,16,,-0.80883,0.65733,1.04225,3.0
9795,2013-09-17,,,,2013,9,17,,-0.94989,0.60739,1.12748,3.0
9796,2013-09-18,,,,2013,9,18,,-1.06069,0.50331,1.17405,3.0
9797,2013-09-19,,,,2013,9,19,,-1.01386,0.33924,1.06911,3.0
9798,2013-09-20,,,,2013,9,20,,-0.96835,0.08845,0.97238,3.0
9799,2013-09-21,,,,2013,9,21,,-1.05404,-0.15213,1.06496,2.0
9800,2013-09-22,,,,2013,9,22,,-1.19999,-0.32502,1.24323,2.0
9801,2013-09-23,,,,2013,9,23,,-1.27969,-0.42468,1.34832,2.0
9802,2013-09-24,,,,2013,9,24,,-1.30716,-0.49332,1.39715,2.0
9803,2013-09-25,,,,2013,9,25,,-1.38628,-0.50962,1.47699,2.0
9804,2013-09-26,,,,2013,9,26,,-1.45461,-0.57554,1.56433,2.0
9805,2013-09-27,,,,2013,9,27,,-1.48142,-0.54531,1.5786,2.0
9806,2013-09-28,,,,2013,9,28,,-1.48709,-0.42389,1.54632,2.0
9807,2013-09-29,,,,2013,9,29,,-1.52327,-0.25425,1.54434,2.0
9808,2013-09-30,,,,2013,9,30,,-1.53253,-0.20627,1.54635,2.0
9809,2013-10-01,-0.34,-1.288,0.263,2013,10,1,,-1.48765,-0.15844,1.49606,2.0
9810,2013-10-02,,,,2013,10,2,,-1.41914,-0.13565,1.42561,2.0
9811,2013-10-03,,,,2013,10,3,,-1.32669,-0.12486,1.33255,2.0
9812,2013-10-04,,,,2013,10,4,,-1.24663,-0.11775,1.25218,2.0
9813,2013-10-05,,,,2013,10,5,,-1.17531,-0.05774,1.17673,2.0
9814,2013-10-06,,,,2013,10,6,,-1.08704,-0.09142,1.09088,2.0
9815,2013-10-07,,,,2013,10,7,,-1.06908,-0.23349,1.09429,2.0
9816,2013-10-08,,,,2013,10,8,,-0.96467,-0.39502,1.04241,2.0
9817,2013-10-09,,,,2013,10,9,,-0.76847,-0.53268,0.93503,2.0
9818,2013-10-10,,,,2013,10,10,,-0.48713,-0.67541,0.83275,1.0
9819,2013-10-11,,,,2013,10,11,,-0.20777,-0.72559,0.75475,1.0
9820,2013-10-12,,,,2013,10,12,,0.04764,-0.69253,0.69416,8.0
9821,2013-10-13,,,,2013,10,13,,0.32993,-0.66835,0.74534,8.0
9822,2013-10-14,,,,2013,10,14,,0.67483,-0.60117,0.90377,7.0
9823,2013-10-15,,,,2013,10,15,,0.94261,-0.4941,1.06426,7.0
9824,2013-10-16,,,,2013,10,16,,1.12873,-0.3357,1.17759,7.0
9825,2013-10-17,,,,2013,10,17,,1.22941,-0.21955,1.24886,7.0
9826,2013-10-18,,,,2013,10,18,,1.24812,-0.10441,1.25248,7.0
9827,2013-10-19,,,,2013,10,19,,1.19363,0.00094,1.19364,6.0
9828,2013-10-20,,,,2013,10,20,,1.1167,0.05977,1.11829,6.0
9829,2013-10-21,,,,2013,10,21,,0.96509,0.0714,0.96773,6.0
9830,2013-10-22,,,,2013,10,22,,0.77212,0.0748,0.77574,6.0
9831,2013-10-23,,,,2013,10,23,,0.50935,0.02317,0.50987,6.0
9832,2013-10-24,,,,2013,10,24,,0.25062,-0.07963,0.26297,7.0
9833,2013-10-25,,,,2013,10,25,,0.11106,-0.20324,0.23161,8.0
9834,2013-10-26,,,,2013,10,26,,0.04352,-0.33614,0.33894,8.0
9835,2013-10-27,,,,2013,10,27,,0.03398,-0.45686,0.45812,8.0
9836,2013-10-28,,,,2013,10,28,,0.05582,-0.56359,0.56634,8.0
9837,2013-10-29,,,,2013,10,29,,0.07652,-0.64129,0.64584,8.0
9838,2013-10-30,,,,2013,10,30,,0.16545,-0.64354,0.66447,8.0
9839,2013-10-31,,,,2013,10,31,,0.29633,-0.63397,0.6998,8.0
9840,2013-11-01,0.75,-0.873,2.029,2013,11,1,,0.41205,-0.56798,0.7017,8.0
9841,2013-11-02,,,,2013,11,2,,0.50899,-0.42276,0.66166,7.0
9842,2013-11-03,,,,2013,11,3,,0.49235,-0.23341,0.54488,7.0
9843,2013-11-04,,,,2013,11,4,,0.50458,0.00883,0.50465,6.0
9844,2013-11-05,,,,2013,11,5,,0.56889,0.22658,0.61235,6.0
9845,2013-11-06,,,,2013,11,6,,0.66267,0.45259,0.80247,6.0
9846,2013-11-07,,,,2013,11,7,,0.80426,0.73207,1.08754,6.0
9847,2013-11-08,,,,2013,11,8,,0.91096,0.95392,1.31902,5.0
9848,2013-11-09,,,,2013,11,9,,0.92979,1.10315,1.44272,5.0
9849,2013-11-10,,,,2013,11,10,,0.90374,1.22867,1.52524,5.0
9850,2013-11-11,,,,2013,11,11,,0.95234,1.3109,1.62031,5.0
9851,2013-11-12,,,,2013,11,12,,1.08169,1.27906,1.67513,5.0
9852,2013-11-13,,,,2013,11,13,,1.16685,1.14829,1.6371,6.0
9853,2013-11-14,,,,2013,11,14,,1.09985,1.08741,1.54665,6.0
9854,2013-11-15,,,,2013,11,15,,0.9262,1.06219,1.40929,5.0
9855,2013-11-16,,,,2013,11,16,,0.61128,0.99914,1.1713,5.0
9856,2013-11-17,,,,2013,11,17,,0.31417,0.9137,0.96621,5.0
9857,2013-11-18,,,,2013,11,18,,0.08152,0.79882,0.80297,5.0
9858,2013-11-19,,,,2013,11,19,,-0.12938,0.64447,0.65733,4.0
9859,2013-11-20,,,,2013,11,20,,-0.3647,0.35984,0.51234,3.0
9860,2013-11-21,,,,2013,11,21,,-0.5218,0.13513,0.53901,3.0
9861,2013-11-22,,,,2013,11,22,,-0.55605,-0.01664,0.55629,2.0
9862,2013-11-23,,,,2013,11,23,,-0.44936,-0.12351,0.46602,2.0
9863,2013-11-24,,,,2013,11,24,,-0.28915,-0.1355,0.31932,2.0
9864,2013-11-25,,,,2013,11,25,,-0.10097,-0.05693,0.11592,2.0
9865,2013-11-26,,,,2013,11,26,,0.06188,0.09635,0.11451,5.0
9866,2013-11-27,,,,2013,11,27,,0.24937,0.24596,0.35027,6.0
9867,2013-11-28,,,,2013,11,28,,0.42757,0.37893,0.57131,6.0
9868,2013-11-29,,,,2013,11,29,,0.64803,0.52357,0.8331,6.0
9869,2013-11-30,,,,2013,11,30,,0.79846,0.56198,0.97641,6.0
9870,2013-12-01,-0.05,-1.169,1.475,2013,12,1,,0.86881,0.60581,1.05917,6.0
9871,2013-12-02,,,,2013,12,2,,0.94874,0.62038,1.13357,6.0
9872,2013-12-03,,,,2013,12,3,,0.98865,0.58934,1.15098,6.0
9873,2013-12-04,,,,2013,12,4,,1.0325,0.52463,1.15815,6.0
9874,2013-12-05,,,,2013,12,5,,1.04835,0.4126,1.12662,6.0
9875,2013-12-06,,,,2013,12,6,,1.02642,0.35629,1.0865,6.0
9876,2013-12-07,,,,2013,12,7,,1.00577,0.2981,1.04901,6.0
9877,2013-12-08,,,,2013,12,8,,0.91128,0.25619,0.9466,6.0
9878,2013-12-09,,,,2013,12,9,,0.85074,0.24805,0.88617,6.0
9879,2013-12-10,,,,2013,12,10,,0.82958,0.20211,0.85385,6.0
9880,2013-12-11,,,,2013,12,11,,0.72251,0.20698,0.75157,6.0
9881,2013-12-12,,,,2013,12,12,,0.61586,0.18795,0.6439,6.0
9882,2013-12-13,,,,2013,12,13,,0.45527,0.18842,0.49272,6.0
9883,2013-12-14,,,,2013,12,14,,0.21173,0.25506,0.33149,5.0
9884,2013-12-15,,,,2013,12,15,,-0.0357,0.31309,0.31512,4.0
9885,2013-12-16,,,,2013,12,16,,-0.25933,0.31723,0.40973,4.0
9886,2013-12-17,,,,2013,12,17,,-0.41481,0.28571,0.50368,3.0
9887,2013-12-18,,,,2013,12,18,,-0.52453,0.23022,0.57283,3.0
9888,2013-12-19,,,,2013,12,19,,-0.66042,0.20808,0.69243,3.0
9889,2013-12-20,,,,2013,12,20,,-0.71872,0.14927,0.73406,3.0
9890,2013-12-21,,,,2013,12,21,,-0.75907,0.06877,0.76218,3.0
9891,2013-12-22,,,,2013,12,22,,-0.76809,-0.0157,0.76825,2.0
9892,2013-12-23,,,,2013,12,23,,-0.65443,-0.09507,0.6613,2.0
9893,2013-12-24,,,,2013,12,24,,-0.54664,-0.12968,0.56181,2.0
9894,2013-12-25,,,,2013,12,25,,-0.4352,-0.18171,0.47161,2.0
9895,2013-12-26,,,,2013,12,26,,-0.40311,-0.23393,0.46607,2.0
9896,2013-12-27,,,,2013,12,27,,-0.38237,-0.25211,0.458,2.0
9897,2013-12-28,,,,2013,12,28,,-0.34148,-0.29724,0.45272,2.0
9898,2013-12-29,,,,2013,12,29,,-0.30276,-0.34437,0.45853,1.0
9899,2013-12-30,,,,2013,12,30,,-0.29194,-0.35279,0.45792,1.0
9900,2013-12-31,,,,2013,12,31,,-0.27841,-0.36498,0.45904,1.0
9901,2014-01-01,1.19,-0.573,-0.969,2014,1,1,,-0.27509,-0.43054,0.51092,1.0
9902,2014-01-02,,,,2014,1,2,,-0.26372,-0.55754,0.61676,1.0
9903,2014-01-03,,,,2014,1,3,,-0.29266,-0.64431,0.70766,1.0
9904,2014-01-04,,,,2014,1,4,,-0.29756,-0.65667,0.72094,1.0
9905,2014-01-05,,,,2014,1,5,,-0.29657,-0.68266,0.7443,1.0
9906,2014-01-06,,,,2014,1,6,,-0.31707,-0.64824,0.72163,1.0
9907,2014-01-07,,,,2014,1,7,,-0.35385,-0.56869,0.66979,1.0
9908,2014-01-08,,,,2014,1,8,,-0.45595,-0.48372,0.66473,1.0
9909,2014-01-09,,,,2014,1,9,,-0.50474,-0.32087,0.5981,2.0
9910,2014-01-10,,,,2014,1,10,,-0.62743,-0.13069,0.64089,2.0
9911,2014-01-11,,,,2014,1,11,,-0.83178,0.09775,0.83751,3.0
9912,2014-01-12,,,,2014,1,12,,-0.99858,0.34133,1.05531,3.0
9913,2014-01-13,,,,2014,1,13,,-1.07262,0.50743,1.18659,3.0
9914,2014-01-14,,,,2014,1,14,,-1.07943,0.65233,1.26123,3.0
9915,2014-01-15,,,,2014,1,15,,-1.15089,0.7555,1.37671,3.0
9916,2014-01-16,,,,2014,1,16,,-1.23422,0.8633,1.50618,3.0
9917,2014-01-17,,,,2014,1,17,,-1.25321,0.98409,1.59342,3.0
9918,2014-01-18,,,,2014,1,18,,-1.31945,0.94114,1.6207,3.0
9919,2014-01-19,,,,2014,1,19,,-1.30837,0.81228,1.54001,3.0
9920,2014-01-20,,,,2014,1,20,,-1.26824,0.62233,1.4127,3.0
9921,2014-01-21,,,,2014,1,21,,-1.28211,0.35524,1.33042,3.0
9922,2014-01-22,,,,2014,1,22,,-1.35875,0.08157,1.3612,3.0
9923,2014-01-23,,,,2014,1,23,,-1.4152,-0.16162,1.4244,2.0
9924,2014-01-24,,,,2014,1,24,,-1.39333,-0.31849,1.42927,2.0
9925,2014-01-25,,,,2014,1,25,,-1.34925,-0.41301,1.41105,2.0
9926,2014-01-26,,,,2014,1,26,,-1.21357,-0.53759,1.32731,2.0
9927,2014-01-27,,,,2014,1,27,,-1.00896,-0.63167,1.19038,2.0
9928,2014-01-28,,,,2014,1,28,,-0.85372,-0.71969,1.1166,2.0
9929,2014-01-29,,,,2014,1,29,,-0.71835,-0.76719,1.051,1.0
9930,2014-01-30,,,,2014,1,30,,-0.53181,-0.74534,0.91562,1.0
9931,2014-01-31,,,,2014,1,31,,-0.28983,-0.68128,0.74036,1.0
9932,2014-02-01,-0.32,-0.308,0.044,2014,2,1,,-0.05736,-0.6228,0.62544,1.0
9933,2014-02-02,,,,2014,2,2,,0.2312,-0.67571,0.71417,8.0
9934,2014-02-03,,,,2014,2,3,,0.5731,-0.75793,0.95021,8.0
9935,2014-02-04,,,,2014,2,4,,0.83956,-0.75666,1.13022,7.0
9936,2014-02-05,,,,2014,2,5,,1.06516,-0.68756,1.26779,7.0
9937,2014-02-06,,,,2014,2,6,,1.2608,-0.49564,1.35472,7.0
9938,2014-02-07,,,,2014,2,7,,1.44191,-0.34554,1.48274,7.0
9939,2014-02-08,,,,2014,2,8,,1.59536,-0.22035,1.61051,7.0
9940,2014-02-09,,,,2014,2,9,,1.64054,-0.12241,1.6451,7.0
9941,2014-02-10,,,,2014,2,10,,1.62316,0.00524,1.62317,6.0
9942,2014-02-11,,,,2014,2,11,,1.52759,0.12552,1.53273,6.0
9943,2014-02-12,,,,2014,2,12,,1.30084,0.19634,1.31558,6.0
9944,2014-02-13,,,,2014,2,13,,1.04403,0.25226,1.07407,6.0
9945,2014-02-14,,,,2014,2,14,,0.77011,0.27033,0.81618,6.0
9946,2014-02-15,,,,2014,2,15,,0.53111,0.21202,0.57186,6.0
9947,2014-02-16,,,,2014,2,16,,0.33283,0.21524,0.39636,6.0
9948,2014-02-17,,,,2014,2,17,,0.11413,0.23204,0.25859,5.0
9949,2014-02-18,,,,2014,2,18,,-0.01611,0.19857,0.19923,4.0
9950,2014-02-19,,,,2014,2,19,,-0.23723,0.07683,0.24936,3.0
9951,2014-02-20,,,,2014,2,20,,-0.54101,-0.08543,0.54771,2.0
9952,2014-02-21,,,,2014,2,21,,-0.73842,-0.31918,0.80445,2.0
9953,2014-02-22,,,,2014,2,22,,-0.87425,-0.68177,1.10866,2.0
9954,2014-02-23,,,,2014,2,23,,-0.91011,-1.00467,1.3556,1.0
9955,2014-02-24,,,,2014,2,24,,-0.82148,-1.28211,1.52271,1.0
9956,2014-02-25,,,,2014,2,25,,-0.63722,-1.53035,1.65772,1.0
9957,2014-02-26,,,,2014,2,26,,-0.43736,-1.71787,1.77267,1.0
9958,2014-02-27,,,,2014,2,27,,-0.35461,-1.87913,1.9123,1.0
9959,2014-02-28,,,,2014,2,28,,-0.33389,-1.95551,1.98381,1.0
9960,2014-03-01,-1.7,0.426,1.206,2014,3,1,,-0.32534,-1.85322,1.88156,1.0
9961,2014-03-02,,,,2014,3,2,,-0.26312,-1.68981,1.71017,1.0
9962,2014-03-03,,,,2014,3,3,,-0.27669,-1.49179,1.51723,1.0
9963,2014-03-04,,,,2014,3,4,,-0.31447,-1.36542,1.40117,1.0
9964,2014-03-05,,,,2014,3,5,,-0.29697,-1.29641,1.32999,1.0
9965,2014-03-06,,,,2014,3,6,,-0.32869,-1.22672,1.26999,1.0
9966,2014-03-07,,,,2014,3,7,,-0.44589,-1.14564,1.22935,1.0
9967,2014-03-08,,,,2014,3,8,,-0.48268,-1.06262,1.1671,1.0
9968,2014-03-09,,,,2014,3,9,,-0.39217,-1.03308,1.10501,1.0
9969,2014-03-10,,,,2014,3,10,,-0.31737,-1.06278,1.10915,1.0
9970,2014-03-11,,,,2014,3,11,,-0.24034,-1.04609,1.07335,1.0
9971,2014-03-12,,,,2014,3,12,,-0.03871,-1.04916,1.04988,1.0
9972,2014-03-13,,,,2014,3,13,,0.24113,-1.02657,1.05451,8.0
9973,2014-03-14,,,,2014,3,14,,0.48977,-0.94279,1.06241,8.0
9974,2014-03-15,,,,2014,3,15,,0.72313,-0.79043,1.07131,8.0
9975,2014-03-16,,,,2014,3,16,,0.98583,-0.54005,1.12406,7.0
9976,2014-03-17,,,,2014,3,17,,1.18721,-0.29093,1.22233,7.0
9977,2014-03-18,,,,2014,3,18,,1.21414,-0.08194,1.2169,7.0
9978,2014-03-19,,,,2014,3,19,,1.17589,0.01376,1.17597,6.0
9979,2014-03-20,,,,2014,3,20,,1.15917,0.04071,1.15989,6.0
9980,2014-03-21,,,,2014,3,21,,1.11028,0.06862,1.1124,6.0
9981,2014-03-22,,,,2014,3,22,,1.04953,0.00363,1.04954,6.0
9982,2014-03-23,,,,2014,3,23,,0.95517,-0.07004,0.95773,7.0
9983,2014-03-24,,,,2014,3,24,,0.91809,-0.10564,0.92414,7.0
9984,2014-03-25,,,,2014,3,25,,0.85472,-0.18333,0.87416,7.0
9985,2014-03-26,,,,2014,3,26,,0.75399,-0.24653,0.79327,7.0
9986,2014-03-27,,,,2014,3,27,,0.72482,-0.23785,0.76285,7.0
9987,2014-03-28,,,,2014,3,28,,0.77669,-0.0563,0.77873,7.0
9988,2014-03-29,,,,2014,3,29,,0.84591,0.08658,0.85033,6.0
9989,2014-03-30,,,,2014,3,30,,0.83943,0.25425,0.87709,6.0
9990,2014-03-31,,,,2014,3,31,,0.80442,0.58346,0.99374,6.0
9991,2014-04-01,0.81,0.536,0.972,2014,4,1,,0.76041,0.96804,1.23099,5.0
9992,2014-04-02,,,,2014,4,2,,0.67234,1.30674,1.46956,5.0
9993,2014-04-03,,,,2014,4,3,,0.54137,1.66514,1.75094,5.0
9994,2014-04-04,,,,2014,4,4,,0.32681,1.97468,2.00154,5.0
9995,2014-04-05,,,,2014,4,5,,0.00255,2.21122,2.21122,5.0
9996,2014-04-06,,,,2014,4,6,,-0.32574,2.26087,2.28422,4.0
9997,2014-04-07,,,,2014,4,7,,-0.7134,2.26847,2.378,4.0
9998,2014-04-08,,,,2014,4,8,,-1.0277,2.1706,2.4016,4.0
9999,2014-04-09,,,,2014,4,9,,-1.22632,1.97634,2.32589,4.0
10000,2014-04-10,,,,2014,4,10,,-1.37944,1.73841,2.21921,4.0
10001,2014-04-11,,,,2014,4,11,,-1.54423,1.56119,2.1959,4.0
10002,2014-04-12,,,,2014,4,12,,-1.64288,1.38513,2.14887,3.0
10003,2014-04-13,,,,2014,4,13,,-1.67868,1.22273,2.07678,3.0
10004,2014-04-14,,,,2014,4,14,,-1.60635,1.05662,1.92271,3.0
10005,2014-04-15,,,,2014,4,15,,-1.56606,0.91767,1.81512,3.0
10006,2014-04-16,,,,2014,4,16,,-1.44027,0.81063,1.65272,3.0
10007,2014-04-17,,,,2014,4,17,,-1.34201,0.72806,1.52679,3.0
10008,2014-04-18,,,,2014,4,18,,-1.29307,0.63498,1.44056,3.0
10009,2014-04-19,,,,2014,4,19,,-1.18384,0.52887,1.29661,3.0
10010,2014-04-20,,,,2014,4,20,,-1.0333,0.42332,1.11665,3.0
10011,2014-04-21,,,,2014,4,21,,-0.87521,0.27518,0.91745,3.0
10012,2014-04-22,,,,2014,4,22,,-0.68166,0.14259,0.69641,3.0
10013,2014-04-23,,,,2014,4,23,,-0.47448,-0.00582,0.47451,2.0
10014,2014-04-24,,,,2014,4,24,,-0.32955,-0.12831,0.35364,2.0
10015,2014-04-25,,,,2014,4,25,,-0.22467,-0.29549,0.37121,1.0
10016,2014-04-26,,,,2014,4,26,,-0.07587,-0.51318,0.51876,1.0
10017,2014-04-27,,,,2014,4,27,,0.0751,-0.69268,0.69674,8.0
10018,2014-04-28,,,,2014,4,28,,0.17898,-0.77714,0.79749,8.0
10019,2014-04-29,,,,2014,4,29,,0.27084,-0.95504,0.9927,8.0
10020,2014-04-30,,,,2014,4,30,,0.41254,-1.1365,1.20905,8.0
10021,2014-05-01,0.72,1.272,0.464,2014,5,1,,0.58748,-1.27756,1.40616,8.0
10022,2014-05-02,,,,2014,5,2,,0.73993,-1.3151,1.50897,8.0
10023,2014-05-03,,,,2014,5,3,,0.94126,-1.3003,1.60523,8.0
10024,2014-05-04,,,,2014,5,4,,1.02566,-1.28101,1.64103,8.0
10025,2014-05-05,,,,2014,5,5,,1.01926,-1.17052,1.5521,8.0
10026,2014-05-06,,,,2014,5,6,,1.00766,-0.97244,1.40036,7.0
10027,2014-05-07,,,,2014,5,7,,1.03062,-0.80128,1.30546,7.0
10028,2014-05-08,,,,2014,5,8,,1.07506,-0.53594,1.20125,7.0
10029,2014-05-09,,,,2014,5,9,,0.97916,-0.27069,1.01589,7.0
10030,2014-05-10,,,,2014,5,10,,0.84993,0.00814,0.84997,6.0
10031,2014-05-11,,,,2014,5,11,,0.73645,0.16319,0.75431,6.0
10032,2014-05-12,,,,2014,5,12,,0.55902,0.25657,0.61509,6.0
10033,2014-05-13,,,,2014,5,13,,0.41957,0.39987,0.5796,6.0
10034,2014-05-14,,,,2014,5,14,,0.29284,0.51352,0.59115,5.0
10035,2014-05-15,,,,2014,5,15,,0.25144,0.51778,0.57561,5.0
10036,2014-05-16,,,,2014,5,16,,0.26171,0.42901,0.50253,5.0
10037,2014-05-17,,,,2014,5,17,,0.20045,0.26498,0.33226,5.0
10038,2014-05-18,,,,2014,5,18,,0.18153,0.15431,0.23826,6.0
10039,2014-05-19,,,,2014,5,19,,0.14212,0.05806,0.15352,6.0
10040,2014-05-20,,,,2014,5,20,,0.12627,-0.01946,0.12776,7.0
10041,2014-05-21,,,,2014,5,21,,0.11996,-0.10912,0.16217,7.0
10042,2014-05-22,,,,2014,5,22,,0.13597,-0.23371,0.27038,8.0
10043,2014-05-23,,,,2014,5,23,,0.23414,-0.31979,0.39634,8.0
10044,2014-05-24,,,,2014,5,24,,0.31302,-0.36391,0.48001,8.0
10045,2014-05-25,,,,2014,5,25,,0.31436,-0.35338,0.47297,8.0
10046,2014-05-26,,,,2014,5,26,,0.32801,-0.28762,0.43625,7.0
10047,2014-05-27,,,,2014,5,27,,0.3934,-0.21974,0.45061,7.0
10048,2014-05-28,,,,2014,5,28,,0.44046,-0.18279,0.47688,7.0
10049,2014-05-29,,,,2014,5,29,,0.4594,-0.08972,0.46808,7.0
10050,2014-05-30,,,,2014,5,30,,0.51917,-0.01444,0.51937,7.0
10051,2014-05-31,,,,2014,5,31,,0.57478,0.09743,0.58298,6.0
10052,2014-06-01,-0.46,-0.363,-0.507,2014,6,1,,0.59132,0.19668,0.62317,6.0
10053,2014-06-02,,,,2014,6,2,,0.53075,0.2546,0.58866,6.0
10054,2014-06-03,,,,2014,6,3,,0.49463,0.2959,0.57638,6.0
10055,2014-06-04,,,,2014,6,4,,0.47496,0.33136,0.57913,6.0
10056,2014-06-05,,,,2014,6,5,,0.4245,0.30398,0.52211,6.0
10057,2014-06-06,,,,2014,6,6,,0.37846,0.2569,0.45741,6.0
10058,2014-06-07,,,,2014,6,7,,0.23894,0.28441,0.37145,5.0
10059,2014-06-08,,,,2014,6,8,,0.05502,0.45293,0.45626,5.0
10060,2014-06-09,,,,2014,6,9,,-0.07202,0.66792,0.67179,4.0
10061,2014-06-10,,,,2014,6,10,,-0.13523,0.80635,0.81761,4.0
10062,2014-06-11,,,,2014,6,11,,-0.16108,0.9323,0.94612,4.0
10063,2014-06-12,,,,2014,6,12,,-0.23389,1.0664,1.09175,4.0
10064,2014-06-13,,,,2014,6,13,,-0.3496,1.20297,1.25274,4.0
10065,2014-06-14,,,,2014,6,14,,-0.44811,1.31837,1.39245,4.0
10066,2014-06-15,,,,2014,6,15,,-0.62644,1.42984,1.56105,4.0
10067,2014-06-16,,,,2014,6,16,,-0.76418,1.39318,1.589,4.0
10068,2014-06-17,,,,2014,6,17,,-0.88413,1.22026,1.5069,4.0
10069,2014-06-18,,,,2014,6,18,,-0.97511,0.99374,1.39225,4.0
10070,2014-06-19,,,,2014,6,19,,-1.13873,0.79656,1.38968,3.0
10071,2014-06-20,,,,2014,6,20,,-1.30994,0.6073,1.44387,3.0
10072,2014-06-21,,,,2014,6,21,,-1.42261,0.41377,1.48156,3.0
10073,2014-06-22,,,,2014,6,22,,-1.41782,0.19038,1.43054,3.0
10074,2014-06-23,,,,2014,6,23,,-1.38299,0.02227,1.38317,3.0
10075,2014-06-24,,,,2014,6,24,,-1.3423,-0.13698,1.34927,2.0
10076,2014-06-25,,,,2014,6,25,,-1.21273,-0.20755,1.23036,2.0
10077,2014-06-26,,,,2014,6,26,,-1.08745,-0.20502,1.10661,2.0
10078,2014-06-27,,,,2014,6,27,,-1.00966,-0.24687,1.0394,2.0
10079,2014-06-28,,,,2014,6,28,,-0.94258,-0.28754,0.98546,2.0
10080,2014-06-29,,,,2014,6,29,,-0.85334,-0.28842,0.90077,2.0
10081,2014-06-30,,,,2014,6,30,,-0.71731,-0.21057,0.74757,2.0
10082,2014-07-01,-0.26,0.316,-0.489,2014,7,1,,-0.60924,-0.13659,0.62436,2.0
10083,2014-07-02,,,,2014,7,2,,-0.56142,-0.02895,0.56217,2.0
10084,2014-07-03,,,,2014,7,3,,-0.45572,0.13933,0.47654,3.0
10085,2014-07-04,,,,2014,7,4,,-0.44228,0.26665,0.51645,3.0
10086,2014-07-05,,,,2014,7,5,,-0.39743,0.37598,0.5471,3.0
10087,2014-07-06,,,,2014,7,6,,-0.31717,0.53209,0.61944,4.0
10088,2014-07-07,,,,2014,7,7,,-0.24258,0.64958,0.6934,4.0
10089,2014-07-08,,,,2014,7,8,,-0.17332,0.74985,0.76962,4.0
10090,2014-07-09,,,,2014,7,9,,-0.17411,0.76664,0.78616,4.0
10091,2014-07-10,,,,2014,7,10,,-0.2721,0.8242,0.86796,4.0
10092,2014-07-11,,,,2014,7,11,,-0.37544,0.81489,0.89721,4.0
10093,2014-07-12,,,,2014,7,12,,-0.49808,0.65044,0.81924,4.0
10094,2014-07-13,,,,2014,7,13,,-0.58003,0.50277,0.7676,3.0
10095,2014-07-14,,,,2014,7,14,,-0.70159,0.38611,0.80082,3.0
10096,2014-07-15,,,,2014,7,15,,-0.847,0.3014,0.89903,3.0
10097,2014-07-16,,,,2014,7,16,,-0.95171,0.29076,0.99513,3.0
10098,2014-07-17,,,,2014,7,17,,-1.04035,0.2533,1.07075,3.0
10099,2014-07-18,,,,2014,7,18,,-1.05789,0.23581,1.08385,3.0
10100,2014-07-19,,,,2014,7,19,,-1.05298,0.16773,1.06626,3.0
10101,2014-07-20,,,,2014,7,20,,-1.01401,0.0736,1.01668,3.0
10102,2014-07-21,,,,2014,7,21,,-0.92581,0.09177,0.93035,3.0
10103,2014-07-22,,,,2014,7,22,,-0.86252,0.06286,0.86481,3.0
10104,2014-07-23,,,,2014,7,23,,-0.80138,-0.0025,0.80138,2.0
10105,2014-07-24,,,,2014,7,24,,-0.79681,-0.14431,0.80977,2.0
10106,2014-07-25,,,,2014,7,25,,-0.70316,-0.24229,0.74373,2.0
10107,2014-07-26,,,,2014,7,26,,-0.53831,-0.30405,0.61825,2.0
10108,2014-07-27,,,,2014,7,27,,-0.39859,-0.38716,0.55567,2.0
10109,2014-07-28,,,,2014,7,28,,-0.24212,-0.47869,0.53644,1.0
10110,2014-07-29,,,,2014,7,29,,-0.12568,-0.45427,0.47134,1.0
10111,2014-07-30,,,,2014,7,30,,0.04781,-0.4691,0.47153,8.0
10112,2014-07-31,,,,2014,7,31,,0.24984,-0.43304,0.49995,8.0
10113,2014-08-01,-1.42,0.305,-0.372,2014,8,1,,0.51117,-0.37652,0.63487,7.0
10114,2014-08-02,,,,2014,8,2,,0.79954,-0.25086,0.83797,7.0
10115,2014-08-03,,,,2014,8,3,,1.05328,-0.21294,1.07459,7.0
10116,2014-08-04,,,,2014,8,4,,1.22179,-0.17797,1.23469,7.0
10117,2014-08-05,,,,2014,8,5,,1.36614,-0.15965,1.37543,7.0
10118,2014-08-06,,,,2014,8,6,,1.55969,-0.1512,1.567,7.0
10119,2014-08-07,,,,2014,8,7,,1.74651,-0.23202,1.76185,7.0
10120,2014-08-08,,,,2014,8,8,,1.7637,-0.27267,1.78466,7.0
10121,2014-08-09,,,,2014,8,9,,1.78764,-0.36282,1.82409,7.0
10122,2014-08-10,,,,2014,8,10,,1.7992,-0.47369,1.86051,7.0
10123,2014-08-11,,,,2014,8,11,,1.7114,-0.52618,1.79047,7.0
10124,2014-08-12,,,,2014,8,12,,1.53311,-0.51334,1.61677,7.0
10125,2014-08-13,,,,2014,8,13,,1.50219,-0.51644,1.58848,7.0
10126,2014-08-14,,,,2014,8,14,,1.48513,-0.58686,1.59687,7.0
10127,2014-08-15,,,,2014,8,15,,1.36234,-0.6332,1.5023,7.0
10128,2014-08-16,,,,2014,8,16,,1.22626,-0.55706,1.34686,7.0
10129,2014-08-17,,,,2014,8,17,,1.24067,-0.44811,1.31911,7.0
10130,2014-08-18,,,,2014,8,18,,1.31933,-0.33337,1.3608,7.0
10131,2014-08-19,,,,2014,8,19,,1.41207,-0.24882,1.43383,7.0
10132,2014-08-20,,,,2014,8,20,,1.44483,-0.20402,1.45916,7.0
10133,2014-08-21,,,,2014,8,21,,1.38964,-0.11803,1.39465,7.0
10134,2014-08-22,,,,2014,8,22,,1.19113,0.04017,1.1918,6.0
10135,2014-08-23,,,,2014,8,23,,0.98043,0.27815,1.01913,6.0
10136,2014-08-24,,,,2014,8,24,,0.78984,0.50282,0.93631,6.0
10137,2014-08-25,,,,2014,8,25,,0.6101,0.67639,0.91089,5.0
10138,2014-08-26,,,,2014,8,26,,0.41453,0.79925,0.90035,5.0
10139,2014-08-27,,,,2014,8,27,,0.12498,0.87585,0.88472,5.0
10140,2014-08-28,,,,2014,8,28,,-0.28954,0.94327,0.98671,4.0
10141,2014-08-29,,,,2014,8,29,,-0.54883,1.03856,1.17466,4.0
10142,2014-08-30,,,,2014,8,30,,-0.68363,1.0611,1.26226,4.0
10143,2014-08-31,,,,2014,8,31,,-0.82205,0.99851,1.29336,4.0
10144,2014-09-01,-0.66,0.443,0.102,2014,9,1,,-0.92546,0.98224,1.34954,4.0
10145,2014-09-02,,,,2014,9,2,,-0.96795,0.98964,1.38431,4.0
10146,2014-09-03,,,,2014,9,3,,-0.8949,0.89576,1.26619,4.0
10147,2014-09-04,,,,2014,9,4,,-0.8468,0.7545,1.13417,3.0
10148,2014-09-05,,,,2014,9,5,,-0.78373,0.61647,0.99713,3.0
10149,2014-09-06,,,,2014,9,6,,-0.64402,0.51291,0.82331,3.0
10150,2014-09-07,,,,2014,9,7,,-0.53425,0.31584,0.62063,3.0
10151,2014-09-08,,,,2014,9,8,,-0.40183,0.13269,0.42317,3.0
10152,2014-09-09,,,,2014,9,9,,-0.31141,0.0119,0.31164,3.0
10153,2014-09-10,,,,2014,9,10,,-0.25326,-0.10843,0.27549,2.0
10154,2014-09-11,,,,2014,9,11,,-0.30239,-0.23512,0.38304,2.0
10155,2014-09-12,,,,2014,9,12,,-0.42683,-0.31943,0.53312,2.0
10156,2014-09-13,,,,2014,9,13,,-0.49507,-0.38384,0.62644,2.0
10157,2014-09-14,,,,2014,9,14,,-0.51329,-0.33899,0.61512,2.0
10158,2014-09-15,,,,2014,9,15,,-0.4492,-0.31843,0.55062,2.0
10159,2014-09-16,,,,2014,9,16,,-0.42009,-0.2798,0.50474,2.0
10160,2014-09-17,,,,2014,9,17,,-0.41881,-0.24355,0.48448,2.0
10161,2014-09-18,,,,2014,9,18,,-0.29252,-0.3138,0.42899,1.0
10162,2014-09-19,,,,2014,9,19,,-0.08832,-0.42889,0.43789,1.0
10163,2014-09-20,,,,2014,9,20,,0.18596,-0.50234,0.53566,8.0
10164,2014-09-21,,,,2014,9,21,,0.41635,-0.53291,0.67628,8.0
10165,2014-09-22,,,,2014,9,22,,0.58073,-0.54281,0.79491,7.0
10166,2014-09-23,,,,2014,9,23,,0.67783,-0.61375,0.9144,7.0
10167,2014-09-24,,,,2014,9,24,,0.68891,-0.6758,0.96504,7.0
10168,2014-09-25,,,,2014,9,25,,0.7443,-0.72956,1.04223,7.0
10169,2014-09-26,,,,2014,9,26,,0.76435,-0.76698,1.08281,8.0
10170,2014-09-27,,,,2014,9,27,,0.65933,-0.80449,1.04016,8.0
10171,2014-09-28,,,,2014,9,28,,0.51694,-0.84784,0.99301,8.0
10172,2014-09-29,,,,2014,9,29,,0.31896,-0.82751,0.88685,8.0
10173,2014-09-30,,,,2014,9,30,,0.12839,-0.7177,0.72909,8.0
10174,2014-10-01,-0.86,0.99,-1.134,2014,10,1,,-0.06397,-0.57121,0.57478,1.0
10175,2014-10-02,,,,2014,10,2,,-0.25372,-0.44742,0.51435,1.0
10176,2014-10-03,,,,2014,10,3,,-0.43213,-0.30423,0.52848,2.0
10177,2014-10-04,,,,2014,10,4,,-0.67194,-0.16701,0.69238,2.0
10178,2014-10-05,,,,2014,10,5,,-0.82366,-0.08117,0.82765,2.0
10179,2014-10-06,,,,2014,10,6,,-0.88036,0.05157,0.88187,3.0
10180,2014-10-07,,,,2014,10,7,,-0.93955,0.18957,0.95849,3.0
10181,2014-10-08,,,,2014,10,8,,-0.86262,0.17865,0.88092,3.0
10182,2014-10-09,,,,2014,10,9,,-0.67675,-0.01776,0.67698,2.0
10183,2014-10-10,,,,2014,10,10,,-0.44066,-0.21238,0.48917,2.0
10184,2014-10-11,,,,2014,10,11,,-0.12287,-0.29753,0.3219,1.0
10185,2014-10-12,,,,2014,10,12,,0.23189,-0.30967,0.38688,8.0
10186,2014-10-13,,,,2014,10,13,,0.59729,-0.15252,0.61646,7.0
10187,2014-10-14,,,,2014,10,14,,0.86262,0.0063,0.86265,6.0
10188,2014-10-15,,,,2014,10,15,,1.0679,0.11198,1.07375,6.0
10189,2014-10-16,,,,2014,10,16,,1.21473,0.16805,1.2263,6.0
10190,2014-10-17,,,,2014,10,17,,1.24999,0.23435,1.27177,6.0
10191,2014-10-18,,,,2014,10,18,,1.21389,0.36559,1.26775,6.0
10192,2014-10-19,,,,2014,10,19,,1.1433,0.45447,1.23031,6.0
10193,2014-10-20,,,,2014,10,20,,0.99751,0.48591,1.10956,6.0
10194,2014-10-21,,,,2014,10,21,,0.74689,0.51451,0.90695,6.0
10195,2014-10-22,,,,2014,10,22,,0.4444,0.43749,0.62361,6.0
10196,2014-10-23,,,,2014,10,23,,0.20265,0.35231,0.40643,5.0
10197,2014-10-24,,,,2014,10,24,,-0.02694,0.27772,0.27902,4.0
10198,2014-10-25,,,,2014,10,25,,-0.21578,0.17625,0.27861,3.0
10199,2014-10-26,,,,2014,10,26,,-0.32968,0.07525,0.33816,3.0
10200,2014-10-27,,,,2014,10,27,,-0.4103,-7e-05,0.4103,2.0
10201,2014-10-28,,,,2014,10,28,,-0.41257,0.00774,0.41264,3.0
10202,2014-10-29,,,,2014,10,29,,-0.46853,0.01014,0.46864,3.0
10203,2014-10-30,,,,2014,10,30,,-0.50269,0.04008,0.50429,3.0
10204,2014-10-31,,,,2014,10,31,,-0.53828,0.08,0.54419,3.0
10205,2014-11-01,-0.96,1.005,-0.53,2014,11,1,,-0.56732,0.12403,0.58072,3.0
10206,2014-11-02,,,,2014,11,2,,-0.52629,0.13327,0.5429,3.0
10207,2014-11-03,,,,2014,11,3,,-0.4618,0.1059,0.47379,3.0
10208,2014-11-04,,,,2014,11,4,,-0.45341,0.09699,0.46366,3.0
10209,2014-11-05,,,,2014,11,5,,-0.40589,0.06958,0.41181,3.0
10210,2014-11-06,,,,2014,11,6,,-0.32828,0.02115,0.32896,3.0
10211,2014-11-07,,,,2014,11,7,,-0.18546,0.02022,0.18656,3.0
10212,2014-11-08,,,,2014,11,8,,-0.07312,-0.0146,0.07456,2.0
10213,2014-11-09,,,,2014,11,9,,0.10125,-0.0608,0.11811,7.0
10214,2014-11-10,,,,2014,11,10,,0.26599,-0.11085,0.28816,7.0
10215,2014-11-11,,,,2014,11,11,,0.38621,-0.17715,0.4249,7.0
10216,2014-11-12,,,,2014,11,12,,0.49859,-0.23708,0.55209,7.0
10217,2014-11-13,,,,2014,11,13,,0.6346,-0.28114,0.69408,7.0
10218,2014-11-14,,,,2014,11,14,,0.76484,-0.25646,0.80669,7.0
10219,2014-11-15,,,,2014,11,15,,0.82215,-0.2397,0.85638,7.0
10220,2014-11-16,,,,2014,11,16,,0.87951,-0.3373,0.94197,7.0
10221,2014-11-17,,,,2014,11,17,,1.05246,-0.40798,1.12877,7.0
10222,2014-11-18,,,,2014,11,18,,1.22209,-0.34601,1.27013,7.0
10223,2014-11-19,,,,2014,11,19,,1.35646,-0.16264,1.36618,7.0
10224,2014-11-20,,,,2014,11,20,,1.43839,0.11621,1.44308,6.0
10225,2014-11-21,,,,2014,11,21,,1.36994,0.42582,1.4346,6.0
10226,2014-11-22,,,,2014,11,22,,1.19877,0.61981,1.34952,6.0
10227,2014-11-23,,,,2014,11,23,,0.96487,0.64849,1.16254,6.0
10228,2014-11-24,,,,2014,11,24,,0.68408,0.66073,0.95107,6.0
10229,2014-11-25,,,,2014,11,25,,0.35877,0.77144,0.85079,5.0
10230,2014-11-26,,,,2014,11,26,,0.00878,0.89802,0.89806,5.0
10231,2014-11-27,,,,2014,11,27,,-0.29013,1.01873,1.05924,4.0
10232,2014-11-28,,,,2014,11,28,,-0.53004,1.10268,1.22346,4.0
10233,2014-11-29,,,,2014,11,29,,-0.77767,1.26172,1.48213,4.0
10234,2014-11-30,,,,2014,11,30,,-0.91455,1.43111,1.69838,4.0
10235,2014-12-01,-0.66,1.514,0.413,2014,12,1,,-1.05947,1.50624,1.84153,4.0
10236,2014-12-02,,,,2014,12,2,,-1.17711,1.53854,1.93719,4.0
10237,2014-12-03,,,,2014,12,3,,-1.172,1.50392,1.90667,4.0
10238,2014-12-04,,,,2014,12,4,,-1.05531,1.38149,1.73844,4.0
10239,2014-12-05,,,,2014,12,5,,-0.97747,1.16896,1.52378,4.0
10240,2014-12-06,,,,2014,12,6,,-0.93905,0.92784,1.32011,3.0
10241,2014-12-07,,,,2014,12,7,,-0.89052,0.70489,1.13574,3.0
10242,2014-12-08,,,,2014,12,8,,-0.80746,0.46374,0.93115,3.0
10243,2014-12-09,,,,2014,12,9,,-0.72266,0.23744,0.76067,3.0
10244,2014-12-10,,,,2014,12,10,,-0.52018,0.03018,0.52105,3.0
10245,2014-12-11,,,,2014,12,11,,-0.25389,-0.18772,0.31575,2.0
10246,2014-12-12,,,,2014,12,12,,-0.03604,-0.33626,0.33819,1.0
10247,2014-12-13,,,,2014,12,13,,0.14642,-0.33955,0.36977,8.0
10248,2014-12-14,,,,2014,12,14,,0.34369,-0.26096,0.43154,7.0
10249,2014-12-15,,,,2014,12,15,,0.50868,-0.14281,0.52835,7.0
10250,2014-12-16,,,,2014,12,16,,0.59844,-0.04141,0.59987,7.0
10251,2014-12-17,,,,2014,12,17,,0.64387,0.10446,0.65229,6.0
10252,2014-12-18,,,,2014,12,18,,0.67626,0.20949,0.70796,6.0
10253,2014-12-19,,,,2014,12,19,,0.66493,0.29157,0.72605,6.0
10254,2014-12-20,,,,2014,12,20,,0.6397,0.40013,0.75453,6.0
10255,2014-12-21,,,,2014,12,21,,0.5997,0.52739,0.79861,6.0
10256,2014-12-22,,,,2014,12,22,,0.5209,0.599,0.79381,5.0
10257,2014-12-23,,,,2014,12,23,,0.35538,0.69037,0.77647,5.0
10258,2014-12-24,,,,2014,12,24,,0.13743,0.76433,0.77658,5.0
10259,2014-12-25,,,,2014,12,25,,0.0132,0.8553,0.8554,5.0
10260,2014-12-26,,,,2014,12,26,,-0.15402,0.83077,0.84493,4.0
10261,2014-12-27,,,,2014,12,27,,-0.36167,0.83093,0.90623,4.0
10262,2014-12-28,,,,2014,12,28,,-0.62693,0.84164,1.04948,4.0
10263,2014-12-29,,,,2014,12,29,,-0.90825,0.90151,1.27971,3.0
10264,2014-12-30,,,,2014,12,30,,-1.19078,0.8678,1.47344,3.0
10265,2014-12-31,,,,2014,12,31,,-1.47261,0.8624,1.70655,3.0
10266,2015-01-01,-0.87,1.319,1.092,2015,1,1,,-1.74562,0.76867,1.90737,3.0
10267,2015-01-02,,,,2015,1,2,,-1.95692,0.6804,2.07183,3.0
10268,2015-01-03,,,,2015,1,3,,-2.16069,0.68838,2.2677,3.0
10269,2015-01-04,,,,2015,1,4,,-2.26252,0.74795,2.38295,3.0
10270,2015-01-05,,,,2015,1,5,,-2.34332,0.76964,2.46647,3.0
10271,2015-01-06,,,,2015,1,6,,-2.40223,0.72872,2.51032,3.0
10272,2015-01-07,,,,2015,1,7,,-2.49866,0.62309,2.57518,3.0
10273,2015-01-08,,,,2015,1,8,,-2.54123,0.51057,2.59201,3.0
10274,2015-01-09,,,,2015,1,9,,-2.46487,0.3456,2.48898,3.0
10275,2015-01-10,,,,2015,1,10,,-2.24491,0.20315,2.25408,3.0
10276,2015-01-11,,,,2015,1,11,,-1.96733,0.04271,1.9678,3.0
10277,2015-01-12,,,,2015,1,12,,-1.6923,-0.24855,1.71046,2.0
10278,2015-01-13,,,,2015,1,13,,-1.40689,-0.54552,1.50895,2.0
10279,2015-01-14,,,,2015,1,14,,-1.12072,-0.77497,1.36257,2.0
10280,2015-01-15,,,,2015,1,15,,-0.77772,-0.87259,1.16887,1.0
10281,2015-01-16,,,,2015,1,16,,-0.41827,-0.92936,1.01915,1.0
10282,2015-01-17,,,,2015,1,17,,-0.09753,-1.00263,1.00736,1.0
10283,2015-01-18,,,,2015,1,18,,0.1728,-1.06946,1.08333,8.0
10284,2015-01-19,,,,2015,1,19,,0.32358,-1.17866,1.22227,8.0
10285,2015-01-20,,,,2015,1,20,,0.39208,-1.3053,1.36292,8.0
10286,2015-01-21,,,,2015,1,21,,0.39836,-1.37753,1.43397,8.0
10287,2015-01-22,,,,2015,1,22,,0.34287,-1.40566,1.44687,8.0
10288,2015-01-23,,,,2015,1,23,,0.25875,-1.46937,1.49198,8.0
10289,2015-01-24,,,,2015,1,24,,0.12575,-1.61644,1.62133,8.0
10290,2015-01-25,,,,2015,1,25,,0.00869,-1.73075,1.73077,8.0
10291,2015-01-26,,,,2015,1,26,,-0.1093,-1.7189,1.72237,1.0
10292,2015-01-27,,,,2015,1,27,,-0.22421,-1.57992,1.59575,1.0
10293,2015-01-28,,,,2015,1,28,,-0.24817,-1.41618,1.43777,1.0
10294,2015-01-29,,,,2015,1,29,,-0.2557,-1.24634,1.2723,1.0
10295,2015-01-30,,,,2015,1,30,,-0.2475,-1.06565,1.09401,1.0
10296,2015-01-31,,,,2015,1,31,,-0.20053,-0.93607,0.95731,1.0
10297,2015-02-01,-0.04,1.438,1.043,2015,2,1,,-0.1175,-0.82877,0.83706,1.0
10298,2015-02-02,,,,2015,2,2,,0.01339,-0.82323,0.82334,8.0
10299,2015-02-03,,,,2015,2,3,,0.22194,-0.86524,0.89325,8.0
10300,2015-02-04,,,,2015,2,4,,0.45524,-0.90096,1.00944,8.0
10301,2015-02-05,,,,2015,2,5,,0.68497,-0.97044,1.18783,8.0
10302,2015-02-06,,,,2015,2,6,,0.82869,-0.93438,1.24891,8.0
10303,2015-02-07,,,,2015,2,7,,0.91134,-0.86587,1.25709,7.0
10304,2015-02-08,,,,2015,2,8,,0.95996,-0.80936,1.25562,7.0
10305,2015-02-09,,,,2015,2,9,,1.0026,-0.77949,1.26996,7.0
10306,2015-02-10,,,,2015,2,10,,1.01718,-0.73129,1.25277,7.0
10307,2015-02-11,,,,2015,2,11,,0.97055,-0.52872,1.10522,7.0
10308,2015-02-12,,,,2015,2,12,,0.86874,-0.32858,0.9288,7.0
10309,2015-02-13,,,,2015,2,13,,0.80802,-0.10521,0.81484,7.0
10310,2015-02-14,,,,2015,2,14,,0.76354,0.16556,0.78129,6.0
10311,2015-02-15,,,,2015,2,15,,0.77246,0.3842,0.86273,6.0
10312,2015-02-16,,,,2015,2,16,,0.81788,0.51741,0.9678,6.0
10313,2015-02-17,,,,2015,2,17,,0.82042,0.53144,0.97751,6.0
10314,2015-02-18,,,,2015,2,18,,0.73409,0.58142,0.93645,6.0
10315,2015-02-19,,,,2015,2,19,,0.72575,0.66166,0.9821,6.0
10316,2015-02-20,,,,2015,2,20,,0.69205,0.66431,0.95929,6.0
10317,2015-02-21,,,,2015,2,21,,0.57387,0.67385,0.8851,5.0
10318,2015-02-22,,,,2015,2,22,,0.37983,0.59997,0.7101,5.0
10319,2015-02-23,,,,2015,2,23,,0.20839,0.43121,0.47892,5.0
10320,2015-02-24,,,,2015,2,24,,0.05769,0.2109,0.21865,5.0
10321,2015-02-25,,,,2015,2,25,,-0.01532,0.07669,0.0782,4.0
10322,2015-02-26,,,,2015,2,26,,-0.0033,0.0804,0.08047,4.0
10323,2015-02-27,,,,2015,2,27,,0.08565,0.16419,0.18518,5.0
10324,2015-02-28,,,,2015,2,28,,0.04502,0.17518,0.18088,5.0
10325,2015-03-01,-1.4,1.326,1.837,2015,3,1,,-0.06517,0.19496,0.20556,4.0
10326,2015-03-02,,,,2015,3,2,,-0.17911,0.26407,0.31908,4.0
10327,2015-03-03,,,,2015,3,3,,-0.25181,0.44135,0.50813,4.0
10328,2015-03-04,,,,2015,3,4,,-0.35912,0.5766,0.67929,4.0
10329,2015-03-05,,,,2015,3,5,,-0.54112,0.71756,0.89872,4.0
10330,2015-03-06,,,,2015,3,6,,-0.70155,0.8469,1.09973,4.0
10331,2015-03-07,,,,2015,3,7,,-0.87376,1.04594,1.36288,4.0
10332,2015-03-08,,,,2015,3,8,,-1.06754,1.1867,1.59621,4.0
10333,2015-03-09,,,,2015,3,9,,-1.18028,1.25917,1.72585,4.0
10334,2015-03-10,,,,2015,3,10,,-1.2791,1.21264,1.76255,3.0
10335,2015-03-11,,,,2015,3,11,,-1.41043,0.92262,1.68539,3.0
10336,2015-03-12,,,,2015,3,12,,-1.61088,0.45542,1.67402,3.0
10337,2015-03-13,,,,2015,3,13,,-1.70941,-0.06554,1.71067,2.0
10338,2015-03-14,,,,2015,3,14,,-1.63634,-0.71077,1.78405,2.0
10339,2015-03-15,,,,2015,3,15,,-1.38138,-1.33107,1.91833,2.0
10340,2015-03-16,,,,2015,3,16,,-0.95778,-1.93662,2.16052,1.0
10341,2015-03-17,,,,2015,3,17,,-0.52108,-2.36284,2.41961,1.0
10342,2015-03-18,,,,2015,3,18,,-0.16196,-2.64511,2.65006,1.0
10343,2015-03-19,,,,2015,3,19,,0.11413,-2.75786,2.76022,8.0
10344,2015-03-20,,,,2015,3,20,,0.34429,-2.68215,2.70415,8.0
10345,2015-03-21,,,,2015,3,21,,0.54919,-2.5069,2.56635,8.0
10346,2015-03-22,,,,2015,3,22,,0.69263,-2.28952,2.392,8.0
10347,2015-03-23,,,,2015,3,23,,0.84735,-2.02216,2.19251,8.0
10348,2015-03-24,,,,2015,3,24,,1.0123,-1.80517,2.06964,8.0
10349,2015-03-25,,,,2015,3,25,,1.17398,-1.63126,2.00979,8.0
10350,2015-03-26,,,,2015,3,26,,1.30698,-1.50454,1.99295,8.0
10351,2015-03-27,,,,2015,3,27,,1.42894,-1.35636,1.97017,7.0
10352,2015-03-28,,,,2015,3,28,,1.55346,-1.21594,1.97275,7.0
10353,2015-03-29,,,,2015,3,29,,1.62273,-1.04702,1.9312,7.0
10354,2015-03-30,,,,2015,3,30,,1.68559,-0.88937,1.90583,7.0
10355,2015-03-31,,,,2015,3,31,,1.66244,-0.69217,1.80078,7.0
10356,2015-04-01,-0.27,0.856,1.216,2015,4,1,,1.59957,-0.48566,1.67167,7.0
10357,2015-04-02,,,,2015,4,2,,1.51622,-0.31053,1.5477,7.0
10358,2015-04-03,,,,2015,4,3,,1.4178,-0.079,1.42,7.0
10359,2015-04-04,,,,2015,4,4,,1.33577,0.17464,1.34714,6.0
10360,2015-04-05,,,,2015,4,5,,1.2201,0.33405,1.265,6.0
10361,2015-04-06,,,,2015,4,6,,1.082,0.47683,1.18241,6.0
10362,2015-04-07,,,,2015,4,7,,0.96562,0.65156,1.16488,6.0
10363,2015-04-08,,,,2015,4,8,,0.84294,0.82519,1.17961,6.0
10364,2015-04-09,,,,2015,4,9,,0.74276,1.02498,1.26581,5.0
10365,2015-04-10,,,,2015,4,10,,0.68146,1.16908,1.35319,5.0
10366,2015-04-11,,,,2015,4,11,,0.56372,1.28088,1.39944,5.0
10367,2015-04-12,,,,2015,4,12,,0.45256,1.33444,1.40909,5.0
10368,2015-04-13,,,,2015,4,13,,0.38318,1.40756,1.45878,5.0
10369,2015-04-14,,,,2015,4,14,,0.30009,1.49043,1.52035,5.0
10370,2015-04-15,,,,2015,4,15,,0.245,1.54488,1.56418,5.0
10371,2015-04-16,,,,2015,4,16,,0.23473,1.52032,1.53833,5.0
10372,2015-04-17,,,,2015,4,17,,0.18958,1.48662,1.49866,5.0
10373,2015-04-18,,,,2015,4,18,,0.19195,1.38636,1.39958,5.0
10374,2015-04-19,,,,2015,4,19,,0.17153,1.32586,1.33691,5.0
10375,2015-04-20,,,,2015,4,20,,0.24528,1.29534,1.31835,5.0
10376,2015-04-21,,,,2015,4,21,,0.3095,1.30934,1.34542,5.0
10377,2015-04-22,,,,2015,4,22,,0.32095,1.24839,1.28899,5.0
10378,2015-04-23,,,,2015,4,23,,0.29905,1.23957,1.27513,5.0
10379,2015-04-24,,,,2015,4,24,,0.2266,1.20666,1.22775,5.0
10380,2015-04-25,,,,2015,4,25,,0.12263,1.22202,1.22816,5.0
10381,2015-04-26,,,,2015,4,26,,0.06995,1.22935,1.23134,5.0
10382,2015-04-27,,,,2015,4,27,,-0.00785,1.18014,1.18016,4.0
10383,2015-04-28,,,,2015,4,28,,-0.07579,1.10823,1.11082,4.0
10384,2015-04-29,,,,2015,4,29,,-0.186,0.98362,1.00105,4.0
10385,2015-04-30,,,,2015,4,30,,-0.3757,0.78489,0.87017,4.0
10386,2015-05-01,-1.04,0.381,0.763,2015,5,1,,-0.4994,0.62046,0.79648,4.0
10387,2015-05-02,,,,2015,5,2,,-0.49446,0.41227,0.64378,3.0
10388,2015-05-03,,,,2015,5,3,,-0.4492,0.23701,0.5079,3.0
10389,2015-05-04,,,,2015,5,4,,-0.38451,0.03574,0.38616,3.0
10390,2015-05-05,,,,2015,5,5,,-0.28669,-0.19325,0.34574,2.0
10391,2015-05-06,,,,2015,5,6,,-0.19082,-0.3753,0.42102,1.0
10392,2015-05-07,,,,2015,5,7,,-0.0916,-0.5299,0.53775,1.0
10393,2015-05-08,,,,2015,5,8,,-0.00461,-0.58132,0.58134,1.0
10394,2015-05-09,,,,2015,5,9,,0.13963,-0.55901,0.57619,8.0
10395,2015-05-10,,,,2015,5,10,,0.14353,-0.58967,0.60689,8.0
10396,2015-05-11,,,,2015,5,11,,0.05667,-0.64096,0.64346,8.0
10397,2015-05-12,,,,2015,5,12,,-0.07371,-0.67347,0.67749,1.0
10398,2015-05-13,,,,2015,5,13,,-0.2351,-0.72528,0.76244,1.0
10399,2015-05-14,,,,2015,5,14,,-0.34535,-0.86965,0.93571,1.0
10400,2015-05-15,,,,2015,5,15,,-0.43907,-0.95266,1.04898,1.0
10401,2015-05-16,,,,2015,5,16,,-0.54925,-1.01348,1.15274,1.0
10402,2015-05-17,,,,2015,5,17,,-0.6512,-1.04803,1.23387,1.0
10403,2015-05-18,,,,2015,5,18,,-0.67374,-1.05167,1.24898,1.0
10404,2015-05-19,,,,2015,5,19,,-0.60278,-1.07556,1.23296,1.0
10405,2015-05-20,,,,2015,5,20,,-0.51376,-1.01069,1.13377,1.0
10406,2015-05-21,,,,2015,5,21,,-0.4503,-0.90001,1.00637,1.0
10407,2015-05-22,,,,2015,5,22,,-0.36836,-0.72178,0.81034,1.0
10408,2015-05-23,,,,2015,5,23,,-0.3789,-0.55247,0.66992,1.0
10409,2015-05-24,,,,2015,5,24,,-0.3312,-0.54288,0.63593,1.0
10410,2015-05-25,,,,2015,5,25,,-0.30201,-0.5016,0.5855,1.0
10411,2015-05-26,,,,2015,5,26,,-0.2446,-0.49981,0.55645,1.0
10412,2015-05-27,,,,2015,5,27,,-0.22028,-0.58226,0.62254,1.0
10413,2015-05-28,,,,2015,5,28,,-0.20102,-0.58822,0.62162,1.0
10414,2015-05-29,,,,2015,5,29,,-0.13605,-0.66643,0.68017,1.0
10415,2015-05-30,,,,2015,5,30,,0.0689,-0.83961,0.84243,8.0
10416,2015-05-31,,,,2015,5,31,,0.32838,-1.04736,1.09764,8.0
10417,2015-06-01,-1.72,0.66,0.427,2015,6,1,,0.56113,-1.09115,1.22698,8.0
10418,2015-06-02,,,,2015,6,2,,0.77759,-0.97298,1.24553,8.0
10419,2015-06-03,,,,2015,6,3,,1.06891,-0.87297,1.38009,7.0
10420,2015-06-04,,,,2015,6,4,,1.32308,-0.68097,1.48804,7.0
10421,2015-06-05,,,,2015,6,5,,1.50308,-0.47529,1.57644,7.0
10422,2015-06-06,,,,2015,6,6,,1.57794,-0.3144,1.60896,7.0
10423,2015-06-07,,,,2015,6,7,,1.50911,-0.04497,1.50978,7.0
10424,2015-06-08,,,,2015,6,8,,1.4027,0.32964,1.44091,6.0
10425,2015-06-09,,,,2015,6,9,,1.20837,0.6512,1.37267,6.0
10426,2015-06-10,,,,2015,6,10,,1.04265,0.95871,1.41642,6.0
10427,2015-06-11,,,,2015,6,11,,0.78735,1.27312,1.49691,5.0
10428,2015-06-12,,,,2015,6,12,,0.52648,1.60474,1.6889,5.0
10429,2015-06-13,,,,2015,6,13,,0.27971,1.82748,1.84876,5.0
10430,2015-06-14,,,,2015,6,14,,0.02427,2.04123,2.04137,5.0
10431,2015-06-15,,,,2015,6,15,,-0.14737,2.29133,2.29607,4.0
10432,2015-06-16,,,,2015,6,16,,-0.28602,2.40341,2.42036,4.0
10433,2015-06-17,,,,2015,6,17,,-0.49822,2.40704,2.45806,4.0
10434,2015-06-18,,,,2015,6,18,,-0.72439,2.39591,2.50302,4.0
10435,2015-06-19,,,,2015,6,19,,-0.99522,2.34273,2.54536,4.0
10436,2015-06-20,,,,2015,6,20,,-1.18528,2.20353,2.50209,4.0
10437,2015-06-21,,,,2015,6,21,,-1.42258,1.98988,2.44609,4.0
10438,2015-06-22,,,,2015,6,22,,-1.57279,1.76918,2.36721,4.0
10439,2015-06-23,,,,2015,6,23,,-1.68065,1.52817,2.27154,3.0
10440,2015-06-24,,,,2015,6,24,,-1.77077,1.24363,2.16385,3.0
10441,2015-06-25,,,,2015,6,25,,-1.83565,0.95871,2.07093,3.0
10442,2015-06-26,,,,2015,6,26,,-1.87988,0.63083,1.9829,3.0
10443,2015-06-27,,,,2015,6,27,,-1.95994,0.30898,1.98415,3.0
10444,2015-06-28,,,,2015,6,28,,-2.00898,-0.01218,2.00902,2.0
10445,2015-06-29,,,,2015,6,29,,-2.00754,-0.33634,2.03552,2.0
10446,2015-06-30,,,,2015,6,30,,-1.95522,-0.67874,2.06968,2.0
10447,2015-07-01,-1.41,1.416,-1.108,2015,7,1,,-1.94501,-0.97679,2.17651,2.0
10448,2015-07-02,,,,2015,7,2,,-1.92079,-1.21933,2.27513,2.0
10449,2015-07-03,,,,2015,7,3,,-1.88035,-1.43932,2.36799,2.0
10450,2015-07-04,,,,2015,7,4,,-1.82965,-1.61954,2.44347,2.0
10451,2015-07-05,,,,2015,7,5,,-1.73152,-1.6611,2.39946,2.0
10452,2015-07-06,,,,2015,7,6,,-1.44192,-1.6429,2.18592,1.0
10453,2015-07-07,,,,2015,7,7,,-1.09218,-1.64289,1.9728,1.0
10454,2015-07-08,,,,2015,7,8,,-0.74723,-1.7379,1.89173,1.0
10455,2015-07-09,,,,2015,7,9,,-0.40273,-1.78089,1.82586,1.0
10456,2015-07-10,,,,2015,7,10,,-0.07064,-1.78985,1.79125,1.0
10457,2015-07-11,,,,2015,7,11,,0.23482,-1.72685,1.74274,8.0
10458,2015-07-12,,,,2015,7,12,,0.53611,-1.65888,1.74336,8.0
10459,2015-07-13,,,,2015,7,13,,0.84749,-1.62825,1.8356,8.0
10460,2015-07-14,,,,2015,7,14,,1.14494,-1.6563,2.01351,8.0
10461,2015-07-15,,,,2015,7,15,,1.31842,-1.61055,2.08137,8.0
10462,2015-07-16,,,,2015,7,16,,1.47407,-1.53405,2.12748,8.0
10463,2015-07-17,,,,2015,7,17,,1.50023,-1.36172,2.02607,7.0
10464,2015-07-18,,,,2015,7,18,,1.47508,-1.11289,1.8478,7.0
10465,2015-07-19,,,,2015,7,19,,1.46174,-0.92159,1.72801,7.0
10466,2015-07-20,,,,2015,7,20,,1.45319,-0.84618,1.6816,7.0
10467,2015-07-21,,,,2015,7,21,,1.37972,-0.69157,1.54334,7.0
10468,2015-07-22,,,,2015,7,22,,1.22007,-0.43906,1.29666,7.0
10469,2015-07-23,,,,2015,7,23,,1.0112,-0.24368,1.04015,7.0
10470,2015-07-24,,,,2015,7,24,,0.82625,-0.14331,0.83859,7.0
10471,2015-07-25,,,,2015,7,25,,0.64676,-0.0627,0.64979,7.0
10472,2015-07-26,,,,2015,7,26,,0.5303,0.13155,0.54638,6.0
10473,2015-07-27,,,,2015,7,27,,0.42028,0.3088,0.52153,6.0
10474,2015-07-28,,,,2015,7,28,,0.29769,0.46208,0.54967,5.0
10475,2015-07-29,,,,2015,7,29,,0.17705,0.62367,0.64831,5.0
10476,2015-07-30,,,,2015,7,30,,0.06138,0.73055,0.73312,5.0
10477,2015-07-31,,,,2015,7,31,,-0.02383,0.81085,0.8112,4.0
10478,2015-08-01,-2.15,0.907,-0.689,2015,8,1,,-0.13356,0.90629,0.91608,4.0
10479,2015-08-02,,,,2015,8,2,,-0.22517,0.95948,0.98554,4.0
10480,2015-08-03,,,,2015,8,3,,-0.28781,1.02993,1.06939,4.0
10481,2015-08-04,,,,2015,8,4,,-0.30466,1.04991,1.09322,4.0
10482,2015-08-05,,,,2015,8,5,,-0.29384,1.01326,1.05501,4.0
10483,2015-08-06,,,,2015,8,6,,-0.29315,0.98515,1.02784,4.0
10484,2015-08-07,,,,2015,8,7,,-0.27697,0.94008,0.98003,4.0
10485,2015-08-08,,,,2015,8,8,,-0.18785,0.86263,0.88285,4.0
10486,2015-08-09,,,,2015,8,9,,-0.0375,0.67762,0.67865,4.0
10487,2015-08-10,,,,2015,8,10,,0.09798,0.41437,0.4258,5.0
10488,2015-08-11,,,,2015,8,11,,0.17841,0.18998,0.26061,5.0
10489,2015-08-12,,,,2015,8,12,,0.22428,0.01613,0.22486,6.0
10490,2015-08-13,,,,2015,8,13,,0.21607,-0.20705,0.29926,7.0
10491,2015-08-14,,,,2015,8,14,,0.09694,-0.42811,0.43895,8.0
10492,2015-08-15,,,,2015,8,15,,-0.02954,-0.6083,0.60901,1.0
10493,2015-08-16,,,,2015,8,16,,-0.1992,-0.65757,0.68708,1.0
10494,2015-08-17,,,,2015,8,17,,-0.3567,-0.63895,0.73177,1.0
10495,2015-08-18,,,,2015,8,18,,-0.49632,-0.57817,0.76198,1.0
10496,2015-08-19,,,,2015,8,19,,-0.57889,-0.44944,0.73288,2.0
10497,2015-08-20,,,,2015,8,20,,-0.64461,-0.32631,0.7225,2.0
10498,2015-08-21,,,,2015,8,21,,-0.72181,-0.20505,0.75037,2.0
10499,2015-08-22,,,,2015,8,22,,-0.68658,-0.03982,0.68774,2.0
10500,2015-08-23,,,,2015,8,23,,-0.5515,0.05829,0.55457,3.0
10501,2015-08-24,,,,2015,8,24,,-0.35254,0.10324,0.36735,3.0
10502,2015-08-25,,,,2015,8,25,,-0.03704,0.03967,0.05427,4.0
10503,2015-08-26,,,,2015,8,26,,0.23402,-0.06744,0.24354,7.0
10504,2015-08-27,,,,2015,8,27,,0.41503,-0.15054,0.44149,7.0
10505,2015-08-28,,,,2015,8,28,,0.55467,-0.2294,0.60024,7.0
10506,2015-08-29,,,,2015,8,29,,0.65864,-0.32207,0.73317,7.0
10507,2015-08-30,,,,2015,8,30,,0.79664,-0.47098,0.92545,7.0
10508,2015-08-31,,,,2015,8,31,,0.79941,-0.55491,0.97313,7.0
10509,2015-09-01,-1.65,1.019,-0.165,2015,9,1,,0.81069,-0.53052,0.96885,7.0
10510,2015-09-02,,,,2015,9,2,,0.76082,-0.5057,0.91356,7.0
10511,2015-09-03,,,,2015,9,3,,0.59018,-0.47196,0.75568,7.0
10512,2015-09-04,,,,2015,9,4,,0.38057,-0.36549,0.52765,7.0
10513,2015-09-05,,,,2015,9,5,,0.22934,-0.25806,0.34524,8.0
10514,2015-09-06,,,,2015,9,6,,0.07904,-0.11179,0.13691,8.0
10515,2015-09-07,,,,2015,9,7,,-0.07301,0.03152,0.07952,3.0
10516,2015-09-08,,,,2015,9,8,,-0.33239,0.17401,0.37518,3.0
10517,2015-09-09,,,,2015,9,9,,-0.47748,0.2945,0.561,3.0
10518,2015-09-10,,,,2015,9,10,,-0.60631,0.44093,0.74969,3.0
10519,2015-09-11,,,,2015,9,11,,-0.69865,0.6269,0.93867,3.0
10520,2015-09-12,,,,2015,9,12,,-0.76835,0.78731,1.1001,4.0
10521,2015-09-13,,,,2015,9,13,,-0.76481,0.87637,1.16317,4.0
10522,2015-09-14,,,,2015,9,14,,-0.76155,0.91324,1.18911,4.0
10523,2015-09-15,,,,2015,9,15,,-0.65564,0.86679,1.08682,4.0
10524,2015-09-16,,,,2015,9,16,,-0.48786,0.79321,0.93123,4.0
10525,2015-09-17,,,,2015,9,17,,-0.29016,0.71542,0.77202,4.0
10526,2015-09-18,,,,2015,9,18,,-0.16602,0.60031,0.62284,4.0
10527,2015-09-19,,,,2015,9,19,,-0.07883,0.42952,0.4367,4.0
10528,2015-09-20,,,,2015,9,20,,-0.04734,0.26202,0.26626,4.0
10529,2015-09-21,,,,2015,9,21,,0.0102,0.18524,0.18553,5.0
10530,2015-09-22,,,,2015,9,22,,0.05594,0.12104,0.13334,5.0
10531,2015-09-23,,,,2015,9,23,,0.11639,0.08826,0.14607,6.0
10532,2015-09-24,,,,2015,9,24,,0.10784,0.07793,0.13305,6.0
10533,2015-09-25,,,,2015,9,25,,0.03921,0.06989,0.08014,5.0
10534,2015-09-26,,,,2015,9,26,,-0.01229,0.09269,0.0935,4.0
10535,2015-09-27,,,,2015,9,27,,-0.10821,0.07643,0.13248,3.0
10536,2015-09-28,,,,2015,9,28,,-0.26444,0.05898,0.27094,3.0
10537,2015-09-29,,,,2015,9,29,,-0.39699,0.08391,0.40576,3.0
10538,2015-09-30,,,,2015,9,30,,-0.48803,0.05919,0.49161,3.0
10539,2015-10-01,-1.91,0.82,-0.25,2015,10,1,,-0.5271,0.00477,0.52713,3.0
10540,2015-10-02,,,,2015,10,2,,-0.56165,-0.09217,0.56916,2.0
10541,2015-10-03,,,,2015,10,3,,-0.65208,-0.16702,0.67314,2.0
10542,2015-10-04,,,,2015,10,4,,-0.66951,-0.22231,0.70545,2.0
10543,2015-10-05,,,,2015,10,5,,-0.65729,-0.30662,0.72529,2.0
10544,2015-10-06,,,,2015,10,6,,-0.56045,-0.43871,0.71174,2.0
10545,2015-10-07,,,,2015,10,7,,-0.42793,-0.554,0.70003,1.0
10546,2015-10-08,,,,2015,10,8,,-0.23071,-0.76799,0.8019,1.0
10547,2015-10-09,,,,2015,10,9,,0.00498,-0.99591,0.99593,8.0
10548,2015-10-10,,,,2015,10,10,,0.20783,-1.10385,1.12325,8.0
10549,2015-10-11,,,,2015,10,11,,0.33597,-1.17317,1.22033,8.0
10550,2015-10-12,,,,2015,10,12,,0.46053,-1.22699,1.31057,8.0
10551,2015-10-13,,,,2015,10,13,,0.55973,-1.25038,1.36995,8.0
10552,2015-10-14,,,,2015,10,14,,0.65597,-1.24723,1.40921,8.0
10553,2015-10-15,,,,2015,10,15,,0.77887,-1.183,1.41638,8.0
10554,2015-10-16,,,,2015,10,16,,0.96302,-1.10378,1.46483,8.0
10555,2015-10-17,,,,2015,10,17,,1.16839,-1.04207,1.56558,7.0
10556,2015-10-18,,,,2015,10,18,,1.32273,-0.98286,1.64791,7.0
10557,2015-10-19,,,,2015,10,19,,1.48465,-0.99975,1.78989,7.0
10558,2015-10-20,,,,2015,10,20,,1.67217,-0.98823,1.94236,7.0
10559,2015-10-21,,,,2015,10,21,,1.90251,-0.78739,2.05901,7.0
10560,2015-10-22,,,,2015,10,22,,2.02123,-0.57858,2.10241,7.0
10561,2015-10-23,,,,2015,10,23,,2.0457,-0.33071,2.07226,7.0
10562,2015-10-24,,,,2015,10,24,,2.00148,-0.05965,2.00237,7.0
10563,2015-10-25,,,,2015,10,25,,1.87336,0.15598,1.87984,6.0
10564,2015-10-26,,,,2015,10,26,,1.63042,0.3717,1.67225,6.0
10565,2015-10-27,,,,2015,10,27,,1.41901,0.57107,1.52961,6.0
10566,2015-10-28,,,,2015,10,28,,1.20912,0.74657,1.42104,6.0
10567,2015-10-29,,,,2015,10,29,,0.94884,0.91895,1.3209,6.0
10568,2015-10-30,,,,2015,10,30,,0.70851,0.97718,1.20701,5.0
10569,2015-10-31,,,,2015,10,31,,0.5631,0.9932,1.14172,5.0
10570,2015-11-01,-0.63,-0.068,1.945,2015,11,1,,0.44666,0.95568,1.05491,5.0
10571,2015-11-02,,,,2015,11,2,,0.31315,0.93117,0.98242,5.0
10572,2015-11-03,,,,2015,11,3,,0.28661,0.95467,0.99677,5.0
10573,2015-11-04,,,,2015,11,4,,0.28948,1.03621,1.07589,5.0
10574,2015-11-05,,,,2015,11,5,,0.26738,1.08787,1.12025,5.0
10575,2015-11-06,,,,2015,11,6,,0.23702,1.15558,1.17964,5.0
10576,2015-11-07,,,,2015,11,7,,0.28773,1.18375,1.21822,5.0
10577,2015-11-08,,,,2015,11,8,,0.34141,1.18882,1.23687,5.0
10578,2015-11-09,,,,2015,11,9,,0.30773,1.21656,1.25488,5.0
10579,2015-11-10,,,,2015,11,10,,0.29189,1.19121,1.22645,5.0
10580,2015-11-11,,,,2015,11,11,,0.34443,1.09026,1.14337,5.0
10581,2015-11-12,,,,2015,11,12,,0.31202,0.99601,1.04374,5.0
10582,2015-11-13,,,,2015,11,13,,0.27017,0.84131,0.88363,5.0
10583,2015-11-14,,,,2015,11,14,,0.23322,0.70049,0.7383,5.0
10584,2015-11-15,,,,2015,11,15,,0.20684,0.56599,0.6026,5.0
10585,2015-11-16,,,,2015,11,16,,0.15545,0.41471,0.44289,5.0
10586,2015-11-17,,,,2015,11,17,,0.06691,0.28702,0.29472,5.0
10587,2015-11-18,,,,2015,11,18,,-0.03306,0.05651,0.06547,4.0
10588,2015-11-19,,,,2015,11,19,,-0.08938,-0.11632,0.14669,1.0
10589,2015-11-20,,,,2015,11,20,,0.01258,-0.23462,0.23496,8.0
10590,2015-11-21,,,,2015,11,21,,0.14527,-0.33519,0.36531,8.0
10591,2015-11-22,,,,2015,11,22,,0.19487,-0.33484,0.38742,8.0
10592,2015-11-23,,,,2015,11,23,,0.19236,-0.32521,0.37784,8.0
10593,2015-11-24,,,,2015,11,24,,0.12419,-0.29863,0.32342,8.0
10594,2015-11-25,,,,2015,11,25,,0.08029,-0.23582,0.24911,8.0
10595,2015-11-26,,,,2015,11,26,,0.08731,-0.11297,0.14278,8.0
10596,2015-11-27,,,,2015,11,27,,0.14653,0.05949,0.15815,6.0
10597,2015-11-28,,,,2015,11,28,,0.20719,0.17167,0.26907,6.0
10598,2015-11-29,,,,2015,11,29,,0.21629,0.18379,0.28383,6.0
10599,2015-11-30,,,,2015,11,30,,0.20274,0.19789,0.28331,6.0
10600,2015-12-01,-1.0,-0.081,1.444,2015,12,1,,0.29729,0.17367,0.3443,6.0
10601,2015-12-02,,,,2015,12,2,,0.3922,0.15076,0.42017,6.0
10602,2015-12-03,,,,2015,12,3,,0.50143,0.0774,0.50737,6.0
10603,2015-12-04,,,,2015,12,4,,0.51298,0.02946,0.51383,6.0
10604,2015-12-05,,,,2015,12,5,,0.45149,-0.04068,0.45332,7.0
10605,2015-12-06,,,,2015,12,6,,0.34795,-0.01518,0.34828,7.0
10606,2015-12-07,,,,2015,12,7,,0.27558,0.04477,0.2792,6.0
10607,2015-12-08,,,,2015,12,8,,0.1948,0.19166,0.27327,6.0
10608,2015-12-09,,,,2015,12,9,,0.13635,0.37413,0.3982,5.0
10609,2015-12-10,,,,2015,12,10,,0.00585,0.55102,0.55105,5.0
10610,2015-12-11,,,,2015,12,11,,-0.1729,0.76393,0.78325,4.0
10611,2015-12-12,,,,2015,12,12,,-0.34635,0.97806,1.03757,4.0
10612,2015-12-13,,,,2015,12,13,,-0.46458,1.09383,1.1884,4.0
10613,2015-12-14,,,,2015,12,14,,-0.62738,1.25422,1.40238,4.0
10614,2015-12-15,,,,2015,12,15,,-0.82133,1.32776,1.56126,4.0
10615,2015-12-16,,,,2015,12,16,,-0.98742,1.39144,1.7062,4.0
10616,2015-12-17,,,,2015,12,17,,-1.14146,1.3817,1.79221,4.0
10617,2015-12-18,,,,2015,12,18,,-1.23261,1.25739,1.76078,4.0
10618,2015-12-19,,,,2015,12,19,,-1.29046,1.10626,1.69973,3.0
10619,2015-12-20,,,,2015,12,20,,-1.31415,0.92342,1.60614,3.0
10620,2015-12-21,,,,2015,12,21,,-1.36553,0.68844,1.52925,3.0
10621,2015-12-22,,,,2015,12,22,,-1.45057,0.43548,1.51453,3.0
10622,2015-12-23,,,,2015,12,23,,-1.47315,0.08709,1.47572,3.0
10623,2015-12-24,,,,2015,12,24,,-1.49734,-0.28744,1.52468,2.0
10624,2015-12-25,,,,2015,12,25,,-1.52632,-0.70711,1.68216,2.0
10625,2015-12-26,,,,2015,12,26,,-1.50807,-1.14575,1.89394,2.0
10626,2015-12-27,,,,2015,12,27,,-1.38315,-1.45552,2.0079,1.0
10627,2015-12-28,,,,2015,12,28,,-1.19935,-1.69172,2.07373,1.0
10628,2015-12-29,,,,2015,12,29,,-0.95535,-1.92812,2.15182,1.0
10629,2015-12-30,,,,2015,12,30,,-0.70746,-2.17121,2.28356,1.0
10630,2015-12-31,,,,2015,12,31,,-0.45473,-2.37058,2.4138,1.0
10631,2016-01-01,-2.12,0.547,-1.449,2016,1,1,,-0.07809,-2.52392,2.52512,1.0
10632,2016-01-02,,,,2016,1,2,,0.35484,-2.57523,2.59956,8.0
10633,2016-01-03,,,,2016,1,3,,0.84107,-2.54598,2.68131,8.0
10634,2016-01-04,,,,2016,1,4,,1.33925,-2.40792,2.75529,8.0
10635,2016-01-05,,,,2016,1,5,,1.73048,-2.23556,2.82706,8.0
10636,2016-01-06,,,,2016,1,6,,2.01966,-2.07625,2.89652,8.0
10637,2016-01-07,,,,2016,1,7,,2.22075,-1.89068,2.91657,7.0
10638,2016-01-08,,,,2016,1,8,,2.43482,-1.67519,2.95544,7.0
10639,2016-01-09,,,,2016,1,9,,2.61374,-1.45289,2.9904,7.0
10640,2016-01-10,,,,2016,1,10,,2.78331,-1.22063,3.03921,7.0
10641,2016-01-11,,,,2016,1,11,,2.88028,-1.0109,3.05253,7.0
10642,2016-01-12,,,,2016,1,12,,2.87055,-0.80728,2.98191,7.0
10643,2016-01-13,,,,2016,1,13,,2.80803,-0.65019,2.88232,7.0
10644,2016-01-14,,,,2016,1,14,,2.68317,-0.51871,2.73285,7.0
10645,2016-01-15,,,,2016,1,15,,2.57002,-0.45062,2.60922,7.0
10646,2016-01-16,,,,2016,1,16,,2.52139,-0.40131,2.55313,7.0
10647,2016-01-17,,,,2016,1,17,,2.42053,-0.33782,2.44399,7.0
10648,2016-01-18,,,,2016,1,18,,2.24889,-0.21017,2.25869,7.0
10649,2016-01-19,,,,2016,1,19,,1.95822,-0.02471,1.95837,7.0
10650,2016-01-20,,,,2016,1,20,,1.61026,0.20325,1.62304,6.0
10651,2016-01-21,,,,2016,1,21,,1.34319,0.40189,1.40203,6.0
10652,2016-01-22,,,,2016,1,22,,1.07012,0.57659,1.21558,6.0
10653,2016-01-23,,,,2016,1,23,,0.75751,0.77777,1.0857,5.0
10654,2016-01-24,,,,2016,1,24,,0.48571,1.0133,1.12369,5.0
10655,2016-01-25,,,,2016,1,25,,0.23045,1.2574,1.27834,5.0
10656,2016-01-26,,,,2016,1,26,,0.15679,1.52404,1.53209,5.0
10657,2016-01-27,,,,2016,1,27,,0.13357,1.76966,1.7747,5.0
10658,2016-01-28,,,,2016,1,28,,0.18795,1.94483,1.95389,5.0
10659,2016-01-29,,,,2016,1,29,,0.24789,2.03337,2.04843,5.0
10660,2016-01-30,,,,2016,1,30,,0.26346,2.11022,2.12661,5.0
10661,2016-01-31,,,,2016,1,31,,0.24836,2.19519,2.2092,5.0
10662,2016-02-01,-2.09,1.116,-0.024,2016,2,1,,0.25407,2.17393,2.18873,5.0
10663,2016-02-02,,,,2016,2,2,,0.23543,2.12774,2.14072,5.0
10664,2016-02-03,,,,2016,2,3,,0.13506,2.09968,2.10401,5.0
10665,2016-02-04,,,,2016,2,4,,-0.1314,2.07227,2.07643,4.0
10666,2016-02-05,,,,2016,2,5,,-0.442,2.03146,2.07899,4.0
10667,2016-02-06,,,,2016,2,6,,-0.775,2.00883,2.15314,4.0
10668,2016-02-07,,,,2016,2,7,,-1.02931,1.98138,2.23279,4.0
10669,2016-02-08,,,,2016,2,8,,-1.26461,1.9424,2.31779,4.0
10670,2016-02-09,,,,2016,2,9,,-1.4034,1.82636,2.30329,4.0
10671,2016-02-10,,,,2016,2,10,,-1.54438,1.6824,2.28377,4.0
10672,2016-02-11,,,,2016,2,11,,-1.7249,1.56273,2.32753,3.0
10673,2016-02-12,,,,2016,2,12,,-1.89127,1.46792,2.3941,3.0
10674,2016-02-13,,,,2016,2,13,,-1.98171,1.2074,2.32056,3.0
10675,2016-02-14,,,,2016,2,14,,-2.06153,0.821,2.219,3.0
10676,2016-02-15,,,,2016,2,15,,-2.09598,0.34902,2.12484,3.0
10677,2016-02-16,,,,2016,2,16,,-2.18137,-0.0712,2.18254,2.0
10678,2016-02-17,,,,2016,2,17,,-2.25931,-0.4402,2.30179,2.0
10679,2016-02-18,,,,2016,2,18,,-2.30974,-0.7452,2.42697,2.0
10680,2016-02-19,,,,2016,2,19,,-2.31889,-0.99682,2.52407,2.0
10681,2016-02-20,,,,2016,2,20,,-2.258,-1.26268,2.58707,2.0
10682,2016-02-21,,,,2016,2,21,,-2.04392,-1.59115,2.59024,2.0
10683,2016-02-22,,,,2016,2,22,,-1.74588,-1.79807,2.50622,1.0
10684,2016-02-23,,,,2016,2,23,,-1.32153,-1.91118,2.32358,1.0
10685,2016-02-24,,,,2016,2,24,,-0.84644,-1.89802,2.0782,1.0
10686,2016-02-25,,,,2016,2,25,,-0.31414,-1.79764,1.82488,1.0
10687,2016-02-26,,,,2016,2,26,,0.1091,-1.67387,1.67742,8.0
10688,2016-02-27,,,,2016,2,27,,0.39906,-1.53382,1.58488,8.0
10689,2016-02-28,,,,2016,2,28,,0.66004,-1.37664,1.52669,8.0
10690,2016-02-29,,,,2016,2,29,,0.84609,-1.19305,1.46262,8.0
10691,2016-03-01,-0.75,1.572,0.28,2016,3,1,,0.96375,-1.0612,1.43351,8.0
10692,2016-03-02,,,,2016,3,2,,0.99924,-1.02147,1.42894,8.0
10693,2016-03-03,,,,2016,3,3,,0.99917,-1.01856,1.42682,8.0
10694,2016-03-04,,,,2016,3,4,,0.9853,-1.06507,1.45092,8.0
10695,2016-03-05,,,,2016,3,5,,0.85062,-1.08675,1.38007,8.0
10696,2016-03-06,,,,2016,3,6,,0.66744,-0.98893,1.19309,8.0
10697,2016-03-07,,,,2016,3,7,,0.54007,-0.87244,1.02607,8.0
10698,2016-03-08,,,,2016,3,8,,0.45788,-0.71233,0.84679,8.0
10699,2016-03-09,,,,2016,3,9,,0.42889,-0.56735,0.71122,8.0
10700,2016-03-10,,,,2016,3,10,,0.36561,-0.37348,0.52265,8.0
10701,2016-03-11,,,,2016,3,11,,0.31777,-0.10056,0.3333,7.0
10702,2016-03-12,,,,2016,3,12,,0.26747,0.21283,0.34181,6.0
10703,2016-03-13,,,,2016,3,13,,0.17816,0.55725,0.58504,5.0
10704,2016-03-14,,,,2016,3,14,,0.06344,0.8072,0.80969,5.0
10705,2016-03-15,,,,2016,3,15,,-0.12547,0.96315,0.97129,4.0
10706,2016-03-16,,,,2016,3,16,,-0.37628,1.14053,1.20099,4.0
10707,2016-03-17,,,,2016,3,17,,-0.64712,1.20179,1.36494,4.0
10708,2016-03-18,,,,2016,3,18,,-0.90606,1.21582,1.5163,4.0
10709,2016-03-19,,,,2016,3,19,,-1.07708,1.1975,1.61063,4.0
10710,2016-03-20,,,,2016,3,20,,-1.17295,1.12476,1.62508,3.0
10711,2016-03-21,,,,2016,3,21,,-1.24826,1.07035,1.64432,3.0
10712,2016-03-22,,,,2016,3,22,,-1.27909,1.0198,1.63587,3.0
10713,2016-03-23,,,,2016,3,23,,-1.33748,1.00043,1.67024,3.0
10714,2016-03-24,,,,2016,3,24,,-1.35792,0.97628,1.67245,3.0
10715,2016-03-25,,,,2016,3,25,,-1.36445,0.83617,1.60028,3.0
10716,2016-03-26,,,,2016,3,26,,-1.30057,0.64405,1.4513,3.0
10717,2016-03-27,,,,2016,3,27,,-1.17974,0.42768,1.25487,3.0
10718,2016-03-28,,,,2016,3,28,,-1.09965,0.21509,1.12049,3.0
10719,2016-03-29,,,,2016,3,29,,-1.05211,0.09996,1.05684,3.0
10720,2016-03-30,,,,2016,3,30,,-0.92877,0.03438,0.92941,3.0
10721,2016-03-31,,,,2016,3,31,,-0.79428,0.00263,0.79429,3.0
10722,2016-04-01,-2.61,1.736,-1.051,2016,4,1,,-0.5962,-0.01864,0.59649,2.0
10723,2016-04-02,,,,2016,4,2,,-0.33225,-0.10458,0.34832,2.0
10724,2016-04-03,,,,2016,4,3,,-0.1034,-0.11553,0.15504,1.0
10725,2016-04-04,,,,2016,4,4,,0.0093,-0.01499,0.01764,8.0
10726,2016-04-05,,,,2016,4,5,,0.10823,0.11623,0.15881,5.0
10727,2016-04-06,,,,2016,4,6,,0.23708,0.25581,0.34878,5.0
10728,2016-04-07,,,,2016,4,7,,0.37382,0.37923,0.5325,5.0
10729,2016-04-08,,,,2016,4,8,,0.40834,0.37588,0.555,6.0
10730,2016-04-09,,,,2016,4,9,,0.35178,0.34018,0.48936,6.0
10731,2016-04-10,,,,2016,4,10,,0.20859,0.2339,0.3134,5.0
10732,2016-04-11,,,,2016,4,11,,0.01788,0.10999,0.11143,5.0
10733,2016-04-12,,,,2016,4,12,,-0.06967,-0.01953,0.07236,2.0
10734,2016-04-13,,,,2016,4,13,,-0.04481,-0.11605,0.1244,1.0
10735,2016-04-14,,,,2016,4,14,,0.01493,-0.3181,0.31845,8.0
10736,2016-04-15,,,,2016,4,15,,0.06034,-0.43475,0.43892,8.0
10737,2016-04-16,,,,2016,4,16,,0.14338,-0.54862,0.56704,8.0
10738,2016-04-17,,,,2016,4,17,,0.25283,-0.60838,0.65882,8.0
10739,2016-04-18,,,,2016,4,18,,0.36449,-0.70237,0.79131,8.0
10740,2016-04-19,,,,2016,4,19,,0.52883,-0.75596,0.92257,8.0
10741,2016-04-20,,,,2016,4,20,,0.63129,-0.72327,0.96002,8.0
10742,2016-04-21,,,,2016,4,21,,0.68551,-0.64666,0.94239,7.0
10743,2016-04-22,,,,2016,4,22,,0.7225,-0.62101,0.95272,7.0
10744,2016-04-23,,,,2016,4,23,,0.67534,-0.53561,0.86195,7.0
10745,2016-04-24,,,,2016,4,24,,0.60308,-0.47011,0.76466,7.0
10746,2016-04-25,,,,2016,4,25,,0.49428,-0.347,0.60392,7.0
10747,2016-04-26,,,,2016,4,26,,0.39667,-0.19944,0.44399,7.0
10748,2016-04-27,,,,2016,4,27,,0.37337,-0.07535,0.3809,7.0
10749,2016-04-28,,,,2016,4,28,,0.36733,-0.00244,0.36734,7.0
10750,2016-04-29,,,,2016,4,29,,0.47876,-0.01742,0.47907,7.0
10751,2016-04-30,,,,2016,4,30,,0.58999,-0.02556,0.59054,7.0
10752,2016-05-01,0.22,1.593,-0.036,2016,5,1,,0.70105,0.07092,0.70463,6.0
10753,2016-05-02,,,,2016,5,2,,0.83778,0.18984,0.85902,6.0
10754,2016-05-03,,,,2016,5,3,,1.02565,0.26573,1.05952,6.0
10755,2016-05-04,,,,2016,5,4,,1.20171,0.27606,1.23301,6.0
10756,2016-05-05,,,,2016,5,5,,1.3519,0.23003,1.37133,6.0
10757,2016-05-06,,,,2016,5,6,,1.44741,0.21729,1.46363,6.0
10758,2016-05-07,,,,2016,5,7,,1.55691,0.31519,1.58849,6.0
10759,2016-05-08,,,,2016,5,8,,1.64273,0.42243,1.69617,6.0
10760,2016-05-09,,,,2016,5,9,,1.69746,0.49162,1.76722,6.0
10761,2016-05-10,,,,2016,5,10,,1.74763,0.55167,1.83264,6.0
10762,2016-05-11,,,,2016,5,11,,1.69584,0.70707,1.83734,6.0
10763,2016-05-12,,,,2016,5,12,,1.58409,0.90058,1.82219,6.0
10764,2016-05-13,,,,2016,5,13,,1.44187,1.04802,1.78251,6.0
10765,2016-05-14,,,,2016,5,14,,1.22318,1.2313,1.73559,5.0
10766,2016-05-15,,,,2016,5,15,,1.00719,1.34425,1.67971,5.0
10767,2016-05-16,,,,2016,5,16,,0.65444,1.42862,1.57138,5.0
10768,2016-05-17,,,,2016,5,17,,0.29863,1.53193,1.56077,5.0
10769,2016-05-18,,,,2016,5,18,,-0.06998,1.62637,1.62788,4.0
10770,2016-05-19,,,,2016,5,19,,-0.45993,1.6261,1.68989,4.0
10771,2016-05-20,,,,2016,5,20,,-0.65094,1.56548,1.69542,4.0
10772,2016-05-21,,,,2016,5,21,,-0.85568,1.4358,1.67144,4.0
10773,2016-05-22,,,,2016,5,22,,-0.97389,1.3416,1.65782,4.0
10774,2016-05-23,,,,2016,5,23,,-0.99671,1.21516,1.57164,4.0
10775,2016-05-24,,,,2016,5,24,,-0.98073,1.18225,1.53608,4.0
10776,2016-05-25,,,,2016,5,25,,-0.90561,1.10845,1.43136,4.0
10777,2016-05-26,,,,2016,5,26,,-0.86284,1.02309,1.33836,4.0
10778,2016-05-27,,,,2016,5,27,,-0.82411,0.9803,1.28068,4.0
10779,2016-05-28,,,,2016,5,28,,-0.72731,0.97301,1.21479,4.0
10780,2016-05-29,,,,2016,5,29,,-0.7063,0.88651,1.13347,4.0
10781,2016-05-30,,,,2016,5,30,,-0.73445,0.79679,1.08364,4.0
10782,2016-05-31,,,,2016,5,31,,-0.83267,0.7194,1.1004,3.0
10783,2016-06-01,0.44,0.983,0.312,2016,6,1,,-0.95935,0.6058,1.13461,3.0
10784,2016-06-02,,,,2016,6,2,,-1.06397,0.37631,1.12856,3.0
10785,2016-06-03,,,,2016,6,3,,-1.11436,0.19785,1.13179,3.0
10786,2016-06-04,,,,2016,6,4,,-1.15009,0.07153,1.15231,3.0
10787,2016-06-05,,,,2016,6,5,,-1.05916,-0.16675,1.0722,2.0
10788,2016-06-06,,,,2016,6,6,,-1.01504,-0.44262,1.10735,2.0
10789,2016-06-07,,,,2016,6,7,,-1.03158,-0.5699,1.17853,2.0
10790,2016-06-08,,,,2016,6,8,,-0.92335,-0.59637,1.0992,2.0
10791,2016-06-09,,,,2016,6,9,,-0.68185,-0.66271,0.95084,2.0
10792,2016-06-10,,,,2016,6,10,,-0.41459,-0.64187,0.76412,1.0
10793,2016-06-11,,,,2016,6,11,,-0.23142,-0.56456,0.61015,1.0
10794,2016-06-12,,,,2016,6,12,,-0.03061,-0.43024,0.43133,1.0
10795,2016-06-13,,,,2016,6,13,,0.21078,-0.27946,0.35004,8.0
10796,2016-06-14,,,,2016,6,14,,0.42016,-0.06543,0.42522,7.0
10797,2016-06-15,,,,2016,6,15,,0.65558,0.19075,0.68277,6.0
10798,2016-06-16,,,,2016,6,16,,0.86534,0.38798,0.94833,6.0
10799,2016-06-17,,,,2016,6,17,,1.04071,0.54605,1.17527,6.0
10800,2016-06-18,,,,2016,6,18,,1.14597,0.75153,1.37041,6.0
10801,2016-06-19,,,,2016,6,19,,1.12924,0.96145,1.48309,6.0
10802,2016-06-20,,,,2016,6,20,,1.11465,1.238,1.66586,5.0
10803,2016-06-21,,,,2016,6,21,,1.05824,1.37738,1.73696,5.0
10804,2016-06-22,,,,2016,6,22,,0.85498,1.44387,1.67802,5.0
10805,2016-06-23,,,,2016,6,23,,0.59268,1.53233,1.64295,5.0
10806,2016-06-24,,,,2016,6,24,,0.39511,1.53298,1.58308,5.0
10807,2016-06-25,,,,2016,6,25,,0.29337,1.42073,1.45071,5.0
10808,2016-06-26,,,,2016,6,26,,0.04693,1.28801,1.28886,5.0
10809,2016-06-27,,,,2016,6,27,,-0.23384,1.13179,1.15569,4.0
10810,2016-06-28,,,,2016,6,28,,-0.43267,0.93899,1.03388,4.0
10811,2016-06-29,,,,2016,6,29,,-0.6387,0.56962,0.8558,3.0
10812,2016-06-30,,,,2016,6,30,,-0.85282,0.19655,0.87518,3.0
10813,2016-07-01,0.45,0.549,0.848,2016,7,1,,-0.91653,-0.1011,0.92209,2.0
10814,2016-07-02,,,,2016,7,2,,-0.87536,-0.40388,0.96404,2.0
10815,2016-07-03,,,,2016,7,3,,-0.90604,-0.62061,1.09821,2.0
10816,2016-07-04,,,,2016,7,4,,-0.98705,-0.75055,1.24,2.0
10817,2016-07-05,,,,2016,7,5,,-0.91165,-0.84697,1.24437,2.0
10818,2016-07-06,,,,2016,7,6,,-0.72875,-0.8969,1.15564,1.0
10819,2016-07-07,,,,2016,7,7,,-0.50333,-0.93601,1.06276,1.0
10820,2016-07-08,,,,2016,7,8,,-0.1946,-0.94701,0.9668,1.0
10821,2016-07-09,,,,2016,7,9,,0.1743,-0.94456,0.96051,8.0
10822,2016-07-10,,,,2016,7,10,,0.50625,-0.98357,1.10621,8.0
10823,2016-07-11,,,,2016,7,11,,0.74648,-0.99797,1.24627,8.0
10824,2016-07-12,,,,2016,7,12,,0.96376,-1.053,1.42746,8.0
10825,2016-07-13,,,,2016,7,13,,1.22103,-1.10797,1.64879,7.0
10826,2016-07-14,,,,2016,7,14,,1.38182,-1.10182,1.76732,7.0
10827,2016-07-15,,,,2016,7,15,,1.46102,-1.07489,1.81382,7.0
10828,2016-07-16,,,,2016,7,16,,1.54825,-0.98177,1.83329,7.0
10829,2016-07-17,,,,2016,7,17,,1.55633,-0.79252,1.74649,7.0
10830,2016-07-18,,,,2016,7,18,,1.52105,-0.57462,1.62597,7.0
10831,2016-07-19,,,,2016,7,19,,1.47955,-0.32987,1.51588,7.0
10832,2016-07-20,,,,2016,7,20,,1.44648,-0.08281,1.44885,7.0
10833,2016-07-21,,,,2016,7,21,,1.34771,0.13298,1.35425,6.0
10834,2016-07-22,,,,2016,7,22,,1.16725,0.34142,1.21616,6.0
10835,2016-07-23,,,,2016,7,23,,0.92062,0.52777,1.06117,6.0
10836,2016-07-24,,,,2016,7,24,,0.65864,0.63782,0.91685,6.0
10837,2016-07-25,,,,2016,7,25,,0.38249,0.66856,0.77024,5.0
10838,2016-07-26,,,,2016,7,26,,0.21265,0.66457,0.69776,5.0
10839,2016-07-27,,,,2016,7,27,,0.04022,0.60196,0.60331,5.0
10840,2016-07-28,,,,2016,7,28,,-0.15691,0.48887,0.51343,4.0
10841,2016-07-29,,,,2016,7,29,,-0.32126,0.33817,0.46644,4.0
10842,2016-07-30,,,,2016,7,30,,-0.40641,0.2836,0.49558,3.0
10843,2016-07-31,,,,2016,7,31,,-0.46932,0.19987,0.51011,3.0
10844,2016-08-01,0.4,-0.093,0.472,2016,8,1,,-0.48948,0.11982,0.50393,3.0
10845,2016-08-02,,,,2016,8,2,,-0.48094,0.04828,0.48336,3.0
10846,2016-08-03,,,,2016,8,3,,-0.48353,-0.00629,0.48357,2.0
10847,2016-08-04,,,,2016,8,4,,-0.53189,-0.03344,0.53294,2.0
10848,2016-08-05,,,,2016,8,5,,-0.60002,-0.01307,0.60016,2.0
10849,2016-08-06,,,,2016,8,6,,-0.64294,-0.03023,0.64365,2.0
10850,2016-08-07,,,,2016,8,7,,-0.69577,-0.11839,0.70577,2.0
10851,2016-08-08,,,,2016,8,8,,-0.71924,-0.28602,0.77403,2.0
10852,2016-08-09,,,,2016,8,9,,-0.79334,-0.43698,0.90572,2.0
10853,2016-08-10,,,,2016,8,10,,-0.81776,-0.56408,0.99344,2.0
10854,2016-08-11,,,,2016,8,11,,-0.8712,-0.66757,1.09756,2.0
10855,2016-08-12,,,,2016,8,12,,-0.89626,-0.75364,1.17101,2.0
10856,2016-08-13,,,,2016,8,13,,-0.88397,-0.87365,1.24285,2.0
10857,2016-08-14,,,,2016,8,14,,-0.82319,-0.98678,1.28506,1.0
10858,2016-08-15,,,,2016,8,15,,-0.74775,-1.1127,1.3406,1.0
10859,2016-08-16,,,,2016,8,16,,-0.63959,-1.11376,1.28434,1.0
10860,2016-08-17,,,,2016,8,17,,-0.54139,-0.99768,1.1351,1.0
10861,2016-08-18,,,,2016,8,18,,-0.32466,-0.80328,0.86641,1.0
10862,2016-08-19,,,,2016,8,19,,-0.08481,-0.68497,0.6902,1.0
10863,2016-08-20,,,,2016,8,20,,0.18364,-0.58542,0.61355,8.0
10864,2016-08-21,,,,2016,8,21,,0.3333,-0.46363,0.571,8.0
10865,2016-08-22,,,,2016,8,22,,0.37138,-0.33422,0.49963,7.0
10866,2016-08-23,,,,2016,8,23,,0.38522,-0.25101,0.45978,7.0
10867,2016-08-24,,,,2016,8,24,,0.44749,-0.11945,0.46316,7.0
10868,2016-08-25,,,,2016,8,25,,0.53972,-0.05232,0.54225,7.0
10869,2016-08-26,,,,2016,8,26,,0.65701,-0.03423,0.6579,7.0
10870,2016-08-27,,,,2016,8,27,,0.68733,-0.10782,0.69574,7.0
10871,2016-08-28,,,,2016,8,28,,0.73266,-0.09448,0.73873,7.0
10872,2016-08-29,,,,2016,8,29,,0.72779,-0.12053,0.73771,7.0
10873,2016-08-30,,,,2016,8,30,,0.66076,-0.16028,0.67992,7.0
10874,2016-08-31,,,,2016,8,31,,0.63955,-0.11713,0.65019,7.0
10875,2016-09-01,1.28,-0.317,0.781,2016,9,1,,0.68951,-0.03822,0.69057,7.0
10876,2016-09-02,,,,2016,9,2,,0.67845,0.10395,0.68637,6.0
10877,2016-09-03,,,,2016,9,3,,0.58731,0.22268,0.62811,6.0
10878,2016-09-04,,,,2016,9,4,,0.44089,0.2889,0.52711,6.0
10879,2016-09-05,,,,2016,9,5,,0.28624,0.32774,0.43514,5.0
10880,2016-09-06,,,,2016,9,6,,0.04554,0.35638,0.35928,5.0
10881,2016-09-07,,,,2016,9,7,,-0.17911,0.42378,0.46008,4.0
10882,2016-09-08,,,,2016,9,8,,-0.26631,0.51186,0.57699,4.0
10883,2016-09-09,,,,2016,9,9,,-0.39768,0.54124,0.67163,4.0
10884,2016-09-10,,,,2016,9,10,,-0.55824,0.59313,0.81451,4.0
10885,2016-09-11,,,,2016,9,11,,-0.64897,0.61899,0.89684,3.0
10886,2016-09-12,,,,2016,9,12,,-0.71306,0.67579,0.98242,3.0
10887,2016-09-13,,,,2016,9,13,,-0.7494,0.73178,1.04743,3.0
10888,2016-09-14,,,,2016,9,14,,-0.7438,0.80878,1.0988,4.0
10889,2016-09-15,,,,2016,9,15,,-0.69825,0.83003,1.08467,4.0
10890,2016-09-16,,,,2016,9,16,,-0.71324,0.87862,1.13168,4.0
10891,2016-09-17,,,,2016,9,17,,-0.70999,0.83899,1.09909,4.0
10892,2016-09-18,,,,2016,9,18,,-0.63916,0.749,0.98465,4.0
10893,2016-09-19,,,,2016,9,19,,-0.60552,0.63487,0.87734,4.0
10894,2016-09-20,,,,2016,9,20,,-0.6464,0.4254,0.77382,3.0
10895,2016-09-21,,,,2016,9,21,,-0.74276,0.21847,0.77423,3.0
10896,2016-09-22,,,,2016,9,22,,-0.85226,0.09827,0.85791,3.0
10897,2016-09-23,,,,2016,9,23,,-0.95419,0.05918,0.95603,3.0
10898,2016-09-24,,,,2016,9,24,,-0.98362,0.02829,0.98402,3.0
10899,2016-09-25,,,,2016,9,25,,-0.90703,-0.04345,0.90807,2.0
10900,2016-09-26,,,,2016,9,26,,-0.89155,-0.0947,0.89656,2.0
10901,2016-09-27,,,,2016,9,27,,-0.93027,-0.09221,0.93483,2.0
10902,2016-09-28,,,,2016,9,28,,-1.06597,-0.03135,1.06643,2.0
10903,2016-09-29,,,,2016,9,29,,-1.17381,0.08694,1.17702,3.0
10904,2016-09-30,,,,2016,9,30,,-1.17976,0.21989,1.20008,3.0
10905,2016-10-01,-0.66,-0.343,-0.192,2016,10,1,,-1.12775,0.29315,1.16523,3.0
10906,2016-10-02,,,,2016,10,2,,-1.10538,0.34543,1.1581,3.0
10907,2016-10-03,,,,2016,10,3,,-1.09746,0.41068,1.17178,3.0
10908,2016-10-04,,,,2016,10,4,,-1.12698,0.41846,1.20216,3.0
10909,2016-10-05,,,,2016,10,5,,-1.09236,0.43997,1.17763,3.0
10910,2016-10-06,,,,2016,10,6,,-1.09415,0.42361,1.17329,3.0
10911,2016-10-07,,,,2016,10,7,,-1.0591,0.36503,1.12024,3.0
10912,2016-10-08,,,,2016,10,8,,-1.01735,0.24214,1.04577,3.0
10913,2016-10-09,,,,2016,10,9,,-0.94276,0.08168,0.94629,3.0
10914,2016-10-10,,,,2016,10,10,,-0.87254,-0.09438,0.87763,2.0
10915,2016-10-11,,,,2016,10,11,,-0.75974,-0.2423,0.79745,2.0
10916,2016-10-12,,,,2016,10,12,,-0.70264,-0.3223,0.77303,2.0
10917,2016-10-13,,,,2016,10,13,,-0.62947,-0.31237,0.70271,2.0
10918,2016-10-14,,,,2016,10,14,,-0.5476,-0.32355,0.63604,2.0
10919,2016-10-15,,,,2016,10,15,,-0.41855,-0.24652,0.48575,2.0
10920,2016-10-16,,,,2016,10,16,,-0.1802,-0.11004,0.21114,2.0
10921,2016-10-17,,,,2016,10,17,,0.02719,0.05904,0.065,5.0
10922,2016-10-18,,,,2016,10,18,,0.19354,0.21359,0.28823,5.0
10923,2016-10-19,,,,2016,10,19,,0.37537,0.35487,0.51656,6.0
10924,2016-10-20,,,,2016,10,20,,0.52607,0.43654,0.6836,6.0
10925,2016-10-21,,,,2016,10,21,,0.59969,0.44111,0.74445,6.0
10926,2016-10-22,,,,2016,10,22,,0.55139,0.40484,0.68405,6.0
10927,2016-10-23,,,,2016,10,23,,0.40496,0.34697,0.53327,6.0
10928,2016-10-24,,,,2016,10,24,,0.28107,0.24618,0.37363,6.0
10929,2016-10-25,,,,2016,10,25,,0.12843,0.22184,0.25633,5.0
10930,2016-10-26,,,,2016,10,26,,-0.0071,0.19946,0.19958,4.0
10931,2016-10-27,,,,2016,10,27,,-0.17554,0.15576,0.23468,3.0
10932,2016-10-28,,,,2016,10,28,,-0.33992,0.11981,0.36041,3.0
10933,2016-10-29,,,,2016,10,29,,-0.49047,0.08986,0.49864,3.0
10934,2016-10-30,,,,2016,10,30,,-0.54246,0.08262,0.54872,3.0
10935,2016-10-31,,,,2016,10,31,,-0.48022,0.12414,0.496,3.0
10936,2016-11-01,-0.23,0.658,-0.611,2016,11,1,,-0.27713,0.2076,0.34626,3.0
10937,2016-11-02,,,,2016,11,2,,-0.13513,0.26467,0.29717,4.0
10938,2016-11-03,,,,2016,11,3,,0.00622,0.14189,0.14202,5.0
10939,2016-11-04,,,,2016,11,4,,0.1112,-0.06922,0.13099,7.0
10940,2016-11-05,,,,2016,11,5,,0.23521,-0.29683,0.37873,8.0
10941,2016-11-06,,,,2016,11,6,,0.37135,-0.58979,0.69697,8.0
10942,2016-11-07,,,,2016,11,7,,0.54927,-0.87485,1.03299,8.0
10943,2016-11-08,,,,2016,11,8,,0.71941,-1.19329,1.39337,8.0
10944,2016-11-09,,,,2016,11,9,,0.83481,-1.4356,1.66068,8.0
10945,2016-11-10,,,,2016,11,10,,0.86072,-1.58278,1.80167,8.0
10946,2016-11-11,,,,2016,11,11,,0.76445,-1.74441,1.90456,8.0
10947,2016-11-12,,,,2016,11,12,,0.67467,-1.78901,1.912,8.0
10948,2016-11-13,,,,2016,11,13,,0.62811,-1.81922,1.9246,8.0
10949,2016-11-14,,,,2016,11,14,,0.64808,-1.75038,1.8665,8.0
10950,2016-11-15,,,,2016,11,15,,0.68457,-1.56345,1.70676,8.0
10951,2016-11-16,,,,2016,11,16,,0.7278,-1.35693,1.53978,8.0
10952,2016-11-17,,,,2016,11,17,,0.80698,-1.09001,1.35622,8.0
10953,2016-11-18,,,,2016,11,18,,0.81279,-0.82219,1.15612,8.0
10954,2016-11-19,,,,2016,11,19,,0.80228,-0.56647,0.98211,7.0
10955,2016-11-20,,,,2016,11,20,,0.79972,-0.28189,0.84795,7.0
10956,2016-11-21,,,,2016,11,21,,0.74106,-0.00372,0.74107,7.0
10957,2016-11-22,,,,2016,11,22,,0.60459,0.26792,0.66129,6.0
10958,2016-11-23,,,,2016,11,23,,0.47595,0.37669,0.60698,6.0
10959,2016-11-24,,,,2016,11,24,,0.36319,0.39204,0.53442,5.0
10960,2016-11-25,,,,2016,11,25,,0.23168,0.37928,0.44444,5.0
10961,2016-11-26,,,,2016,11,26,,0.05668,0.38813,0.39225,5.0
10962,2016-11-27,,,,2016,11,27,,-0.00336,0.39998,0.4,4.0
10963,2016-11-28,,,,2016,11,28,,-0.02125,0.41379,0.41433,4.0
10964,2016-11-29,,,,2016,11,29,,-0.03358,0.40134,0.40274,4.0
10965,2016-11-30,,,,2016,11,30,,-0.12518,0.34466,0.36669,4.0
10966,2016-12-01,0.19,-0.022,0.179,2016,12,1,,-0.20828,0.30312,0.36778,4.0
10967,2016-12-02,,,,2016,12,2,,-0.28292,0.28588,0.4022,4.0
10968,2016-12-03,,,,2016,12,3,,-0.32899,0.26426,0.42198,3.0
10969,2016-12-04,,,,2016,12,4,,-0.25445,0.29068,0.38632,4.0
10970,2016-12-05,,,,2016,12,5,,-0.16323,0.29678,0.33871,4.0
10971,2016-12-06,,,,2016,12,6,,-0.12319,0.33192,0.35404,4.0
10972,2016-12-07,,,,2016,12,7,,-0.14214,0.31279,0.34357,4.0
10973,2016-12-08,,,,2016,12,8,,-0.23046,0.25472,0.3435,4.0
10974,2016-12-09,,,,2016,12,9,,-0.31285,0.23279,0.38996,3.0
10975,2016-12-10,,,,2016,12,10,,-0.41464,0.20456,0.46235,3.0
10976,2016-12-11,,,,2016,12,11,,-0.55927,0.17541,0.58613,3.0
10977,2016-12-12,,,,2016,12,12,,-0.72872,0.15777,0.7456,3.0
10978,2016-12-13,,,,2016,12,13,,-0.95957,0.15108,0.97139,3.0
10979,2016-12-14,,,,2016,12,14,,-1.17946,0.11147,1.18472,3.0
10980,2016-12-15,,,,2016,12,15,,-1.31491,0.08092,1.3174,3.0
10981,2016-12-16,,,,2016,12,16,,-1.35703,0.03153,1.35739,3.0
10982,2016-12-17,,,,2016,12,17,,-1.32881,0.04811,1.32968,3.0
10983,2016-12-18,,,,2016,12,18,,-1.23807,0.07309,1.24023,3.0
10984,2016-12-19,,,,2016,12,19,,-1.10734,0.15116,1.11761,3.0
10985,2016-12-20,,,,2016,12,20,,-0.96361,0.19869,0.98388,3.0
10986,2016-12-21,,,,2016,12,21,,-0.83825,0.28638,0.88582,3.0
10987,2016-12-22,,,,2016,12,22,,-0.66462,0.3774,0.7643,3.0
10988,2016-12-23,,,,2016,12,23,,-0.52677,0.40448,0.66414,3.0
10989,2016-12-24,,,,2016,12,24,,-0.47062,0.34668,0.58453,3.0
10990,2016-12-25,,,,2016,12,25,,-0.38441,0.33086,0.50719,3.0
10991,2016-12-26,,,,2016,12,26,,-0.25788,0.34379,0.42976,4.0
10992,2016-12-27,,,,2016,12,27,,-0.13631,0.32504,0.35247,4.0
10993,2016-12-28,,,,2016,12,28,,-0.04437,0.29969,0.30295,4.0
10994,2016-12-29,,,,2016,12,29,,0.01313,0.36321,0.36344,5.0
10995,2016-12-30,,,,2016,12,30,,0.09627,0.41015,0.42129,5.0
10996,2016-12-31,,,,2016,12,31,,0.13079,0.39813,0.41906,5.0
10997,2017-01-01,0.08,-0.306,0.942,2017,1,1,,0.14577,0.41471,0.43958,5.0
10998,2017-01-02,,,,2017,1,2,,0.18111,0.4121,0.45014,5.0
10999,2017-01-03,,,,2017,1,3,,0.11589,0.41722,0.43302,5.0
11000,2017-01-04,,,,2017,1,4,,-0.06145,0.35903,0.36425,4.0
11001,2017-01-05,,,,2017,1,5,,-0.25545,0.29288,0.38863,4.0
11002,2017-01-06,,,,2017,1,6,,-0.37237,0.21288,0.42892,3.0
11003,2017-01-07,,,,2017,1,7,,-0.36634,0.08535,0.37615,3.0
11004,2017-01-08,,,,2017,1,8,,-0.36447,-0.06053,0.36946,2.0
11005,2017-01-09,,,,2017,1,9,,-0.34554,-0.17381,0.38679,2.0
11006,2017-01-10,,,,2017,1,10,,-0.25029,-0.21221,0.32815,2.0
11007,2017-01-11,,,,2017,1,11,,-0.15917,-0.17319,0.23523,1.0
11008,2017-01-12,,,,2017,1,12,,-0.0643,-0.15634,0.16905,1.0
11009,2017-01-13,,,,2017,1,13,,0.16065,-0.18938,0.24834,8.0
11010,2017-01-14,,,,2017,1,14,,0.40401,-0.29274,0.49892,7.0
11011,2017-01-15,,,,2017,1,15,,0.56025,-0.39417,0.68502,7.0
11012,2017-01-16,,,,2017,1,16,,0.66091,-0.50985,0.83472,7.0
11013,2017-01-17,,,,2017,1,17,,0.74787,-0.6147,0.96807,7.0
11014,2017-01-18,,,,2017,1,18,,0.81929,-0.66803,1.05712,7.0
11015,2017-01-19,,,,2017,1,19,,0.84957,-0.74489,1.12988,7.0
11016,2017-01-20,,,,2017,1,20,,0.90095,-0.83038,1.22525,7.0
11017,2017-01-21,,,,2017,1,21,,0.99094,-0.80743,1.27824,7.0
11018,2017-01-22,,,,2017,1,22,,1.01104,-0.7107,1.23584,7.0
11019,2017-01-23,,,,2017,1,23,,1.00878,-0.50744,1.12922,7.0
11020,2017-01-24,,,,2017,1,24,,1.0663,-0.35301,1.12321,7.0
11021,2017-01-25,,,,2017,1,25,,1.09346,-0.18633,1.10923,7.0
11022,2017-01-26,,,,2017,1,26,,1.04951,0.01672,1.04964,6.0
11023,2017-01-27,,,,2017,1,27,,0.94736,0.17941,0.96419,6.0
11024,2017-01-28,,,,2017,1,28,,0.75692,0.30864,0.81743,6.0
11025,2017-01-29,,,,2017,1,29,,0.47615,0.45838,0.66093,6.0
11026,2017-01-30,,,,2017,1,30,,0.17014,0.5841,0.60838,5.0
11027,2017-01-31,,,,2017,1,31,,-0.08543,0.70232,0.7075,4.0
11028,2017-02-01,-0.33,0.024,0.34,2017,2,1,,-0.33822,0.7744,0.84504,4.0
11029,2017-02-02,,,,2017,2,2,,-0.60219,0.86334,1.05261,4.0
11030,2017-02-03,,,,2017,2,3,,-0.87554,0.86984,1.23418,3.0
11031,2017-02-04,,,,2017,2,4,,-1.11059,0.72665,1.32719,3.0
11032,2017-02-05,,,,2017,2,5,,-1.31751,0.4955,1.4076,3.0
11033,2017-02-06,,,,2017,2,6,,-1.41207,0.24697,1.43351,3.0
11034,2017-02-07,,,,2017,2,7,,-1.35897,-0.01743,1.35908,2.0
11035,2017-02-08,,,,2017,2,8,,-1.29838,-0.33169,1.34007,2.0
11036,2017-02-09,,,,2017,2,9,,-1.24745,-0.63726,1.4008,2.0
11037,2017-02-10,,,,2017,2,10,,-1.14744,-0.93704,1.48144,2.0
11038,2017-02-11,,,,2017,2,11,,-1.05856,-1.2494,1.63754,1.0
11039,2017-02-12,,,,2017,2,12,,-0.95662,-1.53096,1.80526,1.0
11040,2017-02-13,,,,2017,2,13,,-0.79901,-1.74364,1.91799,1.0
11041,2017-02-14,,,,2017,2,14,,-0.56807,-1.93239,2.01415,1.0
11042,2017-02-15,,,,2017,2,15,,-0.40295,-2.03537,2.07488,1.0
11043,2017-02-16,,,,2017,2,16,,-0.23976,-2.083,2.09675,1.0
11044,2017-02-17,,,,2017,2,17,,0.01952,-2.07233,2.07242,8.0
11045,2017-02-18,,,,2017,2,18,,0.24759,-2.02968,2.04473,8.0
11046,2017-02-19,,,,2017,2,19,,0.45091,-1.95276,2.00414,8.0
11047,2017-02-20,,,,2017,2,20,,0.64185,-1.81676,1.9268,8.0
11048,2017-02-21,,,,2017,2,21,,0.86264,-1.56735,1.78906,8.0
11049,2017-02-22,,,,2017,2,22,,1.11353,-1.26144,1.68261,8.0
11050,2017-02-23,,,,2017,2,23,,1.26023,-0.86243,1.52708,7.0
11051,2017-02-24,,,,2017,2,24,,1.40313,-0.43403,1.46873,7.0
11052,2017-02-25,,,,2017,2,25,,1.4681,-0.05307,1.46906,7.0
11053,2017-02-26,,,,2017,2,26,,1.43296,0.23535,1.45216,6.0
11054,2017-02-27,,,,2017,2,27,,1.42311,0.36737,1.46977,6.0
11055,2017-02-28,,,,2017,2,28,,1.40409,0.45702,1.4766,6.0
11056,2017-03-01,0.41,0.033,1.365,2017,3,1,,1.40023,0.51152,1.49073,6.0
11057,2017-03-02,,,,2017,3,2,,1.40548,0.51368,1.49641,6.0
11058,2017-03-03,,,,2017,3,3,,1.35884,0.41328,1.4203,6.0
11059,2017-03-04,,,,2017,3,4,,1.26959,0.3308,1.31198,6.0
11060,2017-03-05,,,,2017,3,5,,1.15805,0.24924,1.18457,6.0
11061,2017-03-06,,,,2017,3,6,,0.96953,0.16487,0.98345,6.0
11062,2017-03-07,,,,2017,3,7,,0.7816,0.06582,0.78437,6.0
11063,2017-03-08,,,,2017,3,8,,0.59008,0.10422,0.59921,6.0
11064,2017-03-09,,,,2017,3,9,,0.43329,0.14584,0.45718,6.0
11065,2017-03-10,,,,2017,3,10,,0.30397,0.1303,0.33073,6.0
11066,2017-03-11,,,,2017,3,11,,0.1218,0.13739,0.18361,5.0
11067,2017-03-12,,,,2017,3,12,,-0.06452,0.23083,0.23968,4.0
11068,2017-03-13,,,,2017,3,13,,-0.17861,0.29071,0.34119,4.0
11069,2017-03-14,,,,2017,3,14,,-0.27496,0.29565,0.40375,4.0
11070,2017-03-15,,,,2017,3,15,,-0.34732,0.21379,0.40785,3.0
11071,2017-03-16,,,,2017,3,16,,-0.42557,0.18701,0.46485,3.0
11072,2017-03-17,,,,2017,3,17,,-0.45846,0.16688,0.48789,3.0
11073,2017-03-18,,,,2017,3,18,,-0.49864,0.165,0.52522,3.0
11074,2017-03-19,,,,2017,3,19,,-0.59696,0.14548,0.61443,3.0
11075,2017-03-20,,,,2017,3,20,,-0.74023,0.18664,0.7634,3.0
11076,2017-03-21,,,,2017,3,21,,-0.82226,0.30293,0.87628,3.0
11077,2017-03-22,,,,2017,3,22,,-0.85286,0.45903,0.96855,3.0
11078,2017-03-23,,,,2017,3,23,,-0.86153,0.62481,1.06425,3.0
11079,2017-03-24,,,,2017,3,24,,-0.86877,0.79591,1.17823,3.0
11080,2017-03-25,,,,2017,3,25,,-0.90882,0.84063,1.23799,3.0
11081,2017-03-26,,,,2017,3,26,,-0.99461,0.89726,1.33953,3.0
11082,2017-03-27,,,,2017,3,27,,-1.11867,0.91648,1.44615,3.0
11083,2017-03-28,,,,2017,3,28,,-1.10902,1.02243,1.50841,3.0
11084,2017-03-29,,,,2017,3,29,,-0.91181,1.01132,1.36168,4.0
11085,2017-03-30,,,,2017,3,30,,-0.83898,0.90845,1.2366,4.0
11086,2017-03-31,,,,2017,3,31,,-0.85253,0.81392,1.17867,3.0
11087,2017-04-01,-0.75,0.377,-0.089,2017,4,1,,-0.8684,0.69631,1.11309,3.0
11088,2017-04-02,,,,2017,4,2,,-0.85335,0.58637,1.03539,3.0
11089,2017-04-03,,,,2017,4,3,,-0.80248,0.52155,0.95708,3.0
11090,2017-04-04,,,,2017,4,4,,-0.70354,0.45749,0.83921,3.0
11091,2017-04-05,,,,2017,4,5,,-0.53133,0.4244,0.68002,3.0
11092,2017-04-06,,,,2017,4,6,,-0.38876,0.36494,0.53321,3.0
11093,2017-04-07,,,,2017,4,7,,-0.34422,0.31682,0.46782,3.0
11094,2017-04-08,,,,2017,4,8,,-0.21455,0.25889,0.33624,4.0
11095,2017-04-09,,,,2017,4,9,,-0.04312,0.10068,0.10953,4.0
11096,2017-04-10,,,,2017,4,10,,0.03865,-0.06638,0.07681,8.0
11097,2017-04-11,,,,2017,4,11,,0.10839,-0.14478,0.18085,8.0
11098,2017-04-12,,,,2017,4,12,,0.21999,-0.2232,0.31339,8.0
11099,2017-04-13,,,,2017,4,13,,0.27032,-0.241,0.36215,7.0
11100,2017-04-14,,,,2017,4,14,,0.29783,-0.29021,0.41584,7.0
11101,2017-04-15,,,,2017,4,15,,0.26231,-0.39116,0.47097,8.0
11102,2017-04-16,,,,2017,4,16,,0.18088,-0.44094,0.47659,8.0
11103,2017-04-17,,,,2017,4,17,,0.07478,-0.52337,0.52868,8.0
11104,2017-04-18,,,,2017,4,18,,-0.0368,-0.53445,0.53571,1.0
11105,2017-04-19,,,,2017,4,19,,-0.09067,-0.51008,0.51807,1.0
11106,2017-04-20,,,,2017,4,20,,-0.1447,-0.54609,0.56493,1.0
11107,2017-04-21,,,,2017,4,21,,-0.17467,-0.58805,0.61345,1.0
11108,2017-04-22,,,,2017,4,22,,-0.20745,-0.71934,0.74865,1.0
11109,2017-04-23,,,,2017,4,23,,-0.3074,-0.78487,0.84292,1.0
11110,2017-04-24,,,,2017,4,24,,-0.42517,-0.84068,0.94208,1.0
11111,2017-04-25,,,,2017,4,25,,-0.53132,-0.90654,1.05077,1.0
11112,2017-04-26,,,,2017,4,26,,-0.57203,-0.88446,1.05332,1.0
11113,2017-04-27,,,,2017,4,27,,-0.61033,-0.91983,1.1039,1.0
11114,2017-04-28,,,,2017,4,28,,-0.61451,-0.93375,1.11781,1.0
11115,2017-04-29,,,,2017,4,29,,-0.64855,-0.98036,1.17547,1.0
11116,2017-04-30,,,,2017,4,30,,-0.71548,-1.0008,1.23025,1.0
11117,2017-05-01,0.23,0.295,-0.73,2017,5,1,,-0.68865,-1.04087,1.24805,1.0
11118,2017-05-02,,,,2017,5,2,,-0.59,-1.04168,1.19717,1.0
11119,2017-05-03,,,,2017,5,3,,-0.45726,-1.01294,1.11137,1.0
11120,2017-05-04,,,,2017,5,4,,-0.29239,-0.98923,1.03154,1.0
11121,2017-05-05,,,,2017,5,5,,-0.18715,-0.95652,0.97466,1.0
11122,2017-05-06,,,,2017,5,6,,-0.0157,-0.83229,0.83243,1.0
11123,2017-05-07,,,,2017,5,7,,0.13857,-0.71556,0.72886,8.0
11124,2017-05-08,,,,2017,5,8,,0.33454,-0.50171,0.60302,8.0
11125,2017-05-09,,,,2017,5,9,,0.56446,-0.30693,0.64251,7.0
11126,2017-05-10,,,,2017,5,10,,0.76986,-0.0939,0.77556,7.0
11127,2017-05-11,,,,2017,5,11,,0.93746,0.07508,0.94046,6.0
11128,2017-05-12,,,,2017,5,12,,1.09659,0.13243,1.10456,6.0
11129,2017-05-13,,,,2017,5,13,,1.21225,0.21908,1.23189,6.0
11130,2017-05-14,,,,2017,5,14,,1.3489,0.33805,1.39062,6.0
11131,2017-05-15,,,,2017,5,15,,1.34469,0.41074,1.40602,6.0
11132,2017-05-16,,,,2017,5,16,,1.36527,0.42963,1.43128,6.0
11133,2017-05-17,,,,2017,5,17,,1.41464,0.3927,1.46814,6.0
11134,2017-05-18,,,,2017,5,18,,1.34876,0.43376,1.41679,6.0
11135,2017-05-19,,,,2017,5,19,,1.22819,0.45359,1.30928,6.0
11136,2017-05-20,,,,2017,5,20,,1.08836,0.39676,1.15842,6.0
11137,2017-05-21,,,,2017,5,21,,0.89376,0.42503,0.98968,6.0
11138,2017-05-22,,,,2017,5,22,,0.7343,0.50187,0.88942,6.0
11139,2017-05-23,,,,2017,5,23,,0.55839,0.49709,0.74759,6.0
11140,2017-05-24,,,,2017,5,24,,0.44796,0.54701,0.70703,5.0
11141,2017-05-25,,,,2017,5,25,,0.36221,0.63306,0.72935,5.0
11142,2017-05-26,,,,2017,5,26,,0.2766,0.69226,0.74548,5.0
11143,2017-05-27,,,,2017,5,27,,0.28938,0.66652,0.72663,5.0
11144,2017-05-28,,,,2017,5,28,,0.31517,0.63496,0.70888,5.0
11145,2017-05-29,,,,2017,5,29,,0.36067,0.67123,0.76199,5.0
11146,2017-05-30,,,,2017,5,30,,0.33076,0.70723,0.78076,5.0
11147,2017-05-31,,,,2017,5,31,,0.16852,0.72453,0.74387,5.0
11148,2017-06-01,-1.39,0.132,0.402,2017,6,1,,0.00296,0.82673,0.82673,5.0
11149,2017-06-02,,,,2017,6,2,,-0.13176,0.88951,0.89921,4.0
11150,2017-06-03,,,,2017,6,3,,-0.32533,0.91111,0.96745,4.0
11151,2017-06-04,,,,2017,6,4,,-0.56559,0.86917,1.03699,4.0
11152,2017-06-05,,,,2017,6,5,,-0.84527,0.78127,1.15103,3.0
11153,2017-06-06,,,,2017,6,6,,-1.06141,0.68727,1.26449,3.0
11154,2017-06-07,,,,2017,6,7,,-1.14229,0.56706,1.2753,3.0
11155,2017-06-08,,,,2017,6,8,,-1.0816,0.36914,1.14286,3.0
11156,2017-06-09,,,,2017,6,9,,-0.91943,0.11382,0.92645,3.0
11157,2017-06-10,,,,2017,6,10,,-0.78878,-0.15574,0.80401,2.0
11158,2017-06-11,,,,2017,6,11,,-0.68049,-0.44183,0.81134,2.0
11159,2017-06-12,,,,2017,6,12,,-0.47087,-0.7712,0.90359,1.0
11160,2017-06-13,,,,2017,6,13,,-0.34212,-0.98728,1.04488,1.0
11161,2017-06-14,,,,2017,6,14,,-0.28489,-1.05847,1.09614,1.0
11162,2017-06-15,,,,2017,6,15,,-0.229,-1.13323,1.15614,1.0
11163,2017-06-16,,,,2017,6,16,,-0.32388,-1.1976,1.24062,1.0
11164,2017-06-17,,,,2017,6,17,,-0.40192,-1.07589,1.14851,1.0
11165,2017-06-18,,,,2017,6,18,,-0.42726,-0.94153,1.03394,1.0
11166,2017-06-19,,,,2017,6,19,,-0.32072,-0.82176,0.88213,1.0
11167,2017-06-20,,,,2017,6,20,,-0.22442,-0.69441,0.72977,1.0
11168,2017-06-21,,,,2017,6,21,,-0.31929,-0.42906,0.53483,1.0
11169,2017-06-22,,,,2017,6,22,,-0.35128,-0.26445,0.4397,2.0
11170,2017-06-23,,,,2017,6,23,,-0.22611,-0.19195,0.2966,2.0
11171,2017-06-24,,,,2017,6,24,,-0.22484,-0.07841,0.23812,2.0
11172,2017-06-25,,,,2017,6,25,,-0.21175,-0.00401,0.21178,2.0
11173,2017-06-26,,,,2017,6,26,,-0.1796,-0.02928,0.18197,2.0
11174,2017-06-27,,,,2017,6,27,,-0.09031,-0.01138,0.09102,2.0
11175,2017-06-28,,,,2017,6,28,,-0.1328,-0.06186,0.1465,2.0
11176,2017-06-29,,,,2017,6,29,,-0.1979,-0.10852,0.2257,2.0
11177,2017-06-30,,,,2017,6,30,,-0.18065,-0.18708,0.26006,1.0
11178,2017-07-01,0.85,-0.421,0.634,2017,7,1,,-0.1721,-0.13217,0.217,2.0
11179,2017-07-02,,,,2017,7,2,,-0.19192,-0.06727,0.20337,2.0
11180,2017-07-03,,,,2017,7,3,,-0.07037,-0.02141,0.07355,2.0
11181,2017-07-04,,,,2017,7,4,,0.08002,0.04522,0.09192,6.0
11182,2017-07-05,,,,2017,7,5,,0.1106,0.06171,0.12665,6.0
11183,2017-07-06,,,,2017,7,6,,0.02028,0.09593,0.09805,5.0
11184,2017-07-07,,,,2017,7,7,,-0.01723,0.25375,0.25434,4.0
11185,2017-07-08,,,,2017,7,8,,-0.03987,0.43549,0.43731,4.0
11186,2017-07-09,,,,2017,7,9,,-0.0756,0.64749,0.65189,4.0
11187,2017-07-10,,,,2017,7,10,,-0.08938,0.75923,0.76448,4.0
11188,2017-07-11,,,,2017,7,11,,-0.16387,0.80744,0.8239,4.0
11189,2017-07-12,,,,2017,7,12,,-0.33079,0.83533,0.89845,4.0
11190,2017-07-13,,,,2017,7,13,,-0.48444,0.91018,1.03107,4.0
11191,2017-07-14,,,,2017,7,14,,-0.50561,1.01488,1.13385,4.0
11192,2017-07-15,,,,2017,7,15,,-0.50053,1.07669,1.18735,4.0
11193,2017-07-16,,,,2017,7,16,,-0.49438,1.07965,1.18746,4.0
11194,2017-07-17,,,,2017,7,17,,-0.54153,1.03279,1.16615,4.0
11195,2017-07-18,,,,2017,7,18,,-0.63819,0.9095,1.11107,4.0
11196,2017-07-19,,,,2017,7,19,,-0.75797,0.73015,1.05244,3.0
11197,2017-07-20,,,,2017,7,20,,-0.84141,0.59477,1.0304,3.0
11198,2017-07-21,,,,2017,7,21,,-0.82176,0.43036,0.92763,3.0
11199,2017-07-22,,,,2017,7,22,,-0.78745,0.18292,0.80841,3.0
11200,2017-07-23,,,,2017,7,23,,-0.72595,-0.04284,0.72721,2.0
11201,2017-07-24,,,,2017,7,24,,-0.628,-0.30058,0.69622,2.0
11202,2017-07-25,,,,2017,7,25,,-0.52631,-0.61041,0.80598,1.0
11203,2017-07-26,,,,2017,7,26,,-0.30831,-0.84307,0.89768,1.0
11204,2017-07-27,,,,2017,7,27,,-0.00471,-1.02112,1.02113,1.0
11205,2017-07-28,,,,2017,7,28,,0.25351,-1.10626,1.13493,8.0
11206,2017-07-29,,,,2017,7,29,,0.45625,-1.1863,1.27101,8.0
11207,2017-07-30,,,,2017,7,30,,0.62393,-1.1953,1.34835,8.0
11208,2017-07-31,,,,2017,7,31,,0.74023,-1.06239,1.29484,8.0
11209,2017-08-01,0.17,-0.277,0.15,2017,8,1,,0.79778,-0.93065,1.22579,8.0
11210,2017-08-02,,,,2017,8,2,,0.90861,-0.83531,1.23423,7.0
11211,2017-08-03,,,,2017,8,3,,1.01882,-0.69289,1.23211,7.0
11212,2017-08-04,,,,2017,8,4,,1.07644,-0.58228,1.22384,7.0
11213,2017-08-05,,,,2017,8,5,,1.07842,-0.47279,1.17751,7.0
11214,2017-08-06,,,,2017,8,6,,1.14424,-0.37463,1.20401,7.0
11215,2017-08-07,,,,2017,8,7,,1.26376,-0.27027,1.29233,7.0
11216,2017-08-08,,,,2017,8,8,,1.28179,-0.19737,1.2969,7.0
11217,2017-08-09,,,,2017,8,9,,1.27195,-0.14006,1.27964,7.0
11218,2017-08-10,,,,2017,8,10,,1.28629,-0.03507,1.28677,7.0
11219,2017-08-11,,,,2017,8,11,,1.20754,0.1161,1.21311,6.0
11220,2017-08-12,,,,2017,8,12,,0.99037,0.20742,1.01186,6.0
11221,2017-08-13,,,,2017,8,13,,0.7574,0.27078,0.80435,6.0
11222,2017-08-14,,,,2017,8,14,,0.53604,0.34164,0.63566,6.0
11223,2017-08-15,,,,2017,8,15,,0.29949,0.42202,0.51749,5.0
11224,2017-08-16,,,,2017,8,16,,0.07947,0.4142,0.42175,5.0
11225,2017-08-17,,,,2017,8,17,,-0.06818,0.4371,0.44239,4.0
11226,2017-08-18,,,,2017,8,18,,-0.16275,0.41673,0.44739,4.0
11227,2017-08-19,,,,2017,8,19,,-0.2805,0.27757,0.39462,3.0
11228,2017-08-20,,,,2017,8,20,,-0.36062,0.09842,0.37381,3.0
11229,2017-08-21,,,,2017,8,21,,-0.32167,-0.03144,0.3232,2.0
11230,2017-08-22,,,,2017,8,22,,-0.27157,-0.14312,0.30698,2.0
11231,2017-08-23,,,,2017,8,23,,-0.21778,-0.2015,0.2967,2.0
11232,2017-08-24,,,,2017,8,24,,-0.10283,-0.24858,0.26901,1.0
11233,2017-08-25,,,,2017,8,25,,-0.02311,-0.27192,0.2729,1.0
11234,2017-08-26,,,,2017,8,26,,0.08011,-0.36936,0.37795,8.0
11235,2017-08-27,,,,2017,8,27,,0.15765,-0.45751,0.48391,8.0
11236,2017-08-28,,,,2017,8,28,,0.22342,-0.50567,0.55283,8.0
11237,2017-08-29,,,,2017,8,29,,0.2599,-0.50426,0.5673,8.0
11238,2017-08-30,,,,2017,8,30,,0.38815,-0.43031,0.5795,8.0
11239,2017-08-31,,,,2017,8,31,,0.55649,-0.37938,0.6735,7.0
11240,2017-09-01,0.62,0.07,-0.492,2017,9,1,,0.68574,-0.37814,0.78309,7.0
11241,2017-09-02,,,,2017,9,2,,0.75976,-0.34109,0.83281,7.0
11242,2017-09-03,,,,2017,9,3,,0.8398,-0.22535,0.86951,7.0
11243,2017-09-04,,,,2017,9,4,,0.92873,-0.07601,0.93184,7.0
11244,2017-09-05,,,,2017,9,5,,0.93519,-0.01873,0.93538,7.0
11245,2017-09-06,,,,2017,9,6,,0.8214,0.05769,0.82342,6.0
11246,2017-09-07,,,,2017,9,7,,0.65611,0.11117,0.66547,6.0
11247,2017-09-08,,,,2017,9,8,,0.38852,0.10428,0.40227,6.0
11248,2017-09-09,,,,2017,9,9,,0.10055,0.17462,0.2015,5.0
11249,2017-09-10,,,,2017,9,10,,-0.19903,0.32722,0.38299,4.0
11250,2017-09-11,,,,2017,9,11,,-0.45478,0.45649,0.64436,4.0
11251,2017-09-12,,,,2017,9,12,,-0.70346,0.56111,0.89983,3.0
11252,2017-09-13,,,,2017,9,13,,-0.99884,0.61629,1.17367,3.0
11253,2017-09-14,,,,2017,9,14,,-1.18099,0.67476,1.36016,3.0
11254,2017-09-15,,,,2017,9,15,,-1.17608,0.72453,1.38134,3.0
11255,2017-09-16,,,,2017,9,16,,-1.10821,0.79741,1.36528,3.0
11256,2017-09-17,,,,2017,9,17,,-1.04173,0.88227,1.36514,3.0
11257,2017-09-18,,,,2017,9,18,,-1.01496,0.81744,1.30321,3.0
11258,2017-09-19,,,,2017,9,19,,-0.87333,0.68264,1.10847,3.0
11259,2017-09-20,,,,2017,9,20,,-0.75957,0.63214,0.98821,3.0
11260,2017-09-21,,,,2017,9,21,,-0.70087,0.57114,0.90411,3.0
11261,2017-09-22,,,,2017,9,22,,-0.6849,0.53574,0.86955,3.0
11262,2017-09-23,,,,2017,9,23,,-0.59207,0.56386,0.81761,3.0
11263,2017-09-24,,,,2017,9,24,,-0.53024,0.60214,0.80233,4.0
11264,2017-09-25,,,,2017,9,25,,-0.5017,0.58887,0.77361,4.0
11265,2017-09-26,,,,2017,9,26,,-0.4961,0.49488,0.70073,3.0
11266,2017-09-27,,,,2017,9,27,,-0.38174,0.51759,0.64313,4.0
11267,2017-09-28,,,,2017,9,28,,-0.3311,0.48159,0.58443,4.0
11268,2017-09-29,,,,2017,9,29,,-0.30879,0.34292,0.46146,4.0
11269,2017-09-30,,,,2017,9,30,,-0.13022,0.23351,0.26736,4.0
11270,2017-10-01,0.75,-0.518,0.69,2017,10,1,,0.14846,0.09549,0.17652,6.0
11271,2017-10-02,,,,2017,10,2,,0.2363,-0.04512,0.24057,7.0
11272,2017-10-03,,,,2017,10,3,,0.20268,-0.19232,0.2794,7.0
11273,2017-10-04,,,,2017,10,4,,0.16349,-0.24521,0.29472,8.0
11274,2017-10-05,,,,2017,10,5,,0.19786,-0.15489,0.25128,7.0
11275,2017-10-06,,,,2017,10,6,,0.18444,-0.0754,0.19926,7.0
11276,2017-10-07,,,,2017,10,7,,0.11209,-0.0029,0.11212,7.0
11277,2017-10-08,,,,2017,10,8,,-0.0421,0.05299,0.06768,4.0
11278,2017-10-09,,,,2017,10,9,,-0.36923,0.07901,0.37759,3.0
11279,2017-10-10,,,,2017,10,10,,-0.7303,0.16424,0.74854,3.0
11280,2017-10-11,,,,2017,10,11,,-0.97441,0.25657,1.00762,3.0
11281,2017-10-12,,,,2017,10,12,,-1.12745,0.41146,1.20018,3.0
11282,2017-10-13,,,,2017,10,13,,-1.1877,0.41432,1.25789,3.0
11283,2017-10-14,,,,2017,10,14,,-1.29876,0.25591,1.32373,3.0
11284,2017-10-15,,,,2017,10,15,,-1.41298,0.06306,1.41438,3.0
11285,2017-10-16,,,,2017,10,16,,-1.44248,-0.08427,1.44494,2.0
11286,2017-10-17,,,,2017,10,17,,-1.39482,-0.20228,1.40941,2.0
11287,2017-10-18,,,,2017,10,18,,-1.29071,-0.33435,1.33332,2.0
11288,2017-10-19,,,,2017,10,19,,-1.21464,-0.50441,1.31521,2.0
11289,2017-10-20,,,,2017,10,20,,-1.20365,-0.6979,1.39135,2.0
11290,2017-10-21,,,,2017,10,21,,-1.15858,-0.99265,1.52567,2.0
11291,2017-10-22,,,,2017,10,22,,-1.09396,-1.15269,1.58917,1.0
11292,2017-10-23,,,,2017,10,23,,-0.91418,-1.19107,1.50146,1.0
11293,2017-10-24,,,,2017,10,24,,-0.68226,-1.2436,1.41846,1.0
11294,2017-10-25,,,,2017,10,25,,-0.51227,-1.20693,1.31114,1.0
11295,2017-10-26,,,,2017,10,26,,-0.38652,-1.08575,1.15249,1.0
11296,2017-10-27,,,,2017,10,27,,-0.2189,-0.9518,0.97665,1.0
11297,2017-10-28,,,,2017,10,28,,-0.01183,-0.83899,0.83907,1.0
11298,2017-10-29,,,,2017,10,29,,0.20133,-0.74194,0.76877,8.0
11299,2017-10-30,,,,2017,10,30,,0.39105,-0.61763,0.73102,8.0
11300,2017-10-31,,,,2017,10,31,,0.53986,-0.49447,0.73209,7.0
11301,2017-11-01,0.94,-0.594,-0.078,2017,11,1,,0.69239,-0.38546,0.79246,7.0
11302,2017-11-02,,,,2017,11,2,,0.76809,-0.15298,0.78317,7.0
11303,2017-11-03,,,,2017,11,3,,0.8382,0.06375,0.84062,6.0
11304,2017-11-04,,,,2017,11,4,,0.88821,0.20561,0.9117,6.0
11305,2017-11-05,,,,2017,11,5,,0.82535,0.32457,0.88687,6.0
11306,2017-11-06,,,,2017,11,6,,0.73867,0.44665,0.86321,6.0
11307,2017-11-07,,,,2017,11,7,,0.58773,0.58726,0.83084,6.0
11308,2017-11-08,,,,2017,11,8,,0.43391,0.64626,0.77841,5.0
11309,2017-11-09,,,,2017,11,9,,0.27803,0.69833,0.75164,5.0
11310,2017-11-10,,,,2017,11,10,,0.10997,0.7119,0.72034,5.0
11311,2017-11-11,,,,2017,11,11,,-0.00264,0.57685,0.57686,4.0
11312,2017-11-12,,,,2017,11,12,,-0.11356,0.41131,0.4267,4.0
11313,2017-11-13,,,,2017,11,13,,-0.21073,0.25608,0.33164,4.0
11314,2017-11-14,,,,2017,11,14,,-0.21795,0.12312,0.25032,3.0
11315,2017-11-15,,,,2017,11,15,,-0.19061,0.00147,0.19062,3.0
11316,2017-11-16,,,,2017,11,16,,-0.08183,-0.06316,0.10337,2.0
11317,2017-11-17,,,,2017,11,17,,0.08462,-0.05863,0.10294,7.0
11318,2017-11-18,,,,2017,11,18,,0.24505,-0.00868,0.2452,7.0
11319,2017-11-19,,,,2017,11,19,,0.40899,0.12966,0.42905,6.0
11320,2017-11-20,,,,2017,11,20,,0.54053,0.35955,0.6492,6.0
11321,2017-11-21,,,,2017,11,21,,0.5747,0.65934,0.87465,5.0
11322,2017-11-22,,,,2017,11,22,,0.56343,0.94657,1.10156,5.0
11323,2017-11-23,,,,2017,11,23,,0.49671,1.21609,1.31362,5.0
11324,2017-11-24,,,,2017,11,24,,0.46594,1.4219,1.4963,5.0
11325,2017-11-25,,,,2017,11,25,,0.48409,1.48479,1.56172,5.0
11326,2017-11-26,,,,2017,11,26,,0.3662,1.41102,1.45777,5.0
11327,2017-11-27,,,,2017,11,27,,0.25759,1.31179,1.33684,5.0
11328,2017-11-28,,,,2017,11,28,,0.07328,1.17739,1.17966,5.0
11329,2017-11-29,,,,2017,11,29,,-0.06191,1.10164,1.10338,4.0
11330,2017-11-30,,,,2017,11,30,,-0.1789,0.94598,0.96275,4.0
11331,2017-12-01,-0.27,-0.295,-0.059,2017,12,1,,-0.26227,0.83424,0.8745,4.0
11332,2017-12-02,,,,2017,12,2,,-0.33863,0.59084,0.68101,4.0
11333,2017-12-03,,,,2017,12,3,,-0.5312,0.35273,0.63765,3.0
11334,2017-12-04,,,,2017,12,4,,-0.78342,0.09882,0.78962,3.0
11335,2017-12-05,,,,2017,12,5,,-0.93139,-0.0942,0.93615,2.0
11336,2017-12-06,,,,2017,12,6,,-1.04476,-0.32258,1.09343,2.0
11337,2017-12-07,,,,2017,12,7,,-1.07567,-0.52499,1.19694,2.0
11338,2017-12-08,,,,2017,12,8,,-1.13829,-0.66263,1.31711,2.0
11339,2017-12-09,,,,2017,12,9,,-1.21999,-0.70819,1.41064,2.0
11340,2017-12-10,,,,2017,12,10,,-1.3541,-0.82404,1.58513,2.0
11341,2017-12-11,,,,2017,12,11,,-1.45371,-0.9665,1.74568,2.0
11342,2017-12-12,,,,2017,12,12,,-1.4804,-1.11997,1.85632,2.0
11343,2017-12-13,,,,2017,12,13,,-1.39829,-1.21012,1.84922,2.0
11344,2017-12-14,,,,2017,12,14,,-1.27516,-1.32747,1.84071,1.0
11345,2017-12-15,,,,2017,12,15,,-1.12726,-1.37825,1.78053,1.0
11346,2017-12-16,,,,2017,12,16,,-1.0051,-1.40895,1.73071,1.0
11347,2017-12-17,,,,2017,12,17,,-0.89438,-1.47498,1.72496,1.0
11348,2017-12-18,,,,2017,12,18,,-0.71141,-1.55149,1.70682,1.0
11349,2017-12-19,,,,2017,12,19,,-0.46805,-1.55554,1.62443,1.0
11350,2017-12-20,,,,2017,12,20,,-0.21693,-1.45458,1.47067,1.0
11351,2017-12-21,,,,2017,12,21,,-0.00356,-1.32258,1.32258,1.0
11352,2017-12-22,,,,2017,12,22,,0.17951,-1.17745,1.19106,8.0
11353,2017-12-23,,,,2017,12,23,,0.32157,-0.95457,1.00728,8.0
11354,2017-12-24,,,,2017,12,24,,0.42472,-0.73077,0.84523,8.0
11355,2017-12-25,,,,2017,12,25,,0.51529,-0.5099,0.72492,7.0
11356,2017-12-26,,,,2017,12,26,,0.63491,-0.27768,0.69298,7.0
11357,2017-12-27,,,,2017,12,27,,0.78374,-0.06336,0.7863,7.0
11358,2017-12-28,,,,2017,12,28,,0.89767,0.13038,0.90709,6.0
11359,2017-12-29,,,,2017,12,29,,0.94841,0.35206,1.01165,6.0
11360,2017-12-30,,,,2017,12,30,,1.04396,0.50164,1.15823,6.0
11361,2017-12-31,,,,2017,12,31,,1.17421,0.59809,1.31775,6.0
11362,2018-01-01,0.91,0.038,-0.281,2018,1,1,,1.2817,0.65769,1.4406,6.0
11363,2018-01-02,,,,2018,1,2,,1.38363,0.68959,1.54595,6.0
11364,2018-01-03,,,,2018,1,3,,1.47477,0.69576,1.63065,6.0
11365,2018-01-04,,,,2018,1,4,,1.54023,0.73628,1.70716,6.0
11366,2018-01-05,,,,2018,1,5,,1.53579,0.84426,1.75255,6.0
11367,2018-01-06,,,,2018,1,6,,1.51407,0.97491,1.80079,6.0
11368,2018-01-07,,,,2018,1,7,,1.5221,1.13667,1.89969,6.0
11369,2018-01-08,,,,2018,1,8,,1.51805,1.33808,2.02359,6.0
11370,2018-01-09,,,,2018,1,9,,1.43406,1.51957,2.08941,5.0
11371,2018-01-10,,,,2018,1,10,,1.37457,1.65915,2.15458,5.0
11372,2018-01-11,,,,2018,1,11,,1.32567,1.75652,2.20063,5.0
11373,2018-01-12,,,,2018,1,12,,1.25982,1.88445,2.26679,5.0
11374,2018-01-13,,,,2018,1,13,,1.0967,2.04905,2.32408,5.0
11375,2018-01-14,,,,2018,1,14,,0.91805,2.11481,2.30548,5.0
11376,2018-01-15,,,,2018,1,15,,0.69877,2.12805,2.23984,5.0
11377,2018-01-16,,,,2018,1,16,,0.47239,2.08464,2.1375,5.0
11378,2018-01-17,,,,2018,1,17,,0.2096,2.01675,2.02761,5.0
11379,2018-01-18,,,,2018,1,18,,0.06511,1.92851,1.92961,5.0
11380,2018-01-19,,,,2018,1,19,,-0.07015,1.8669,1.86822,4.0
11381,2018-01-20,,,,2018,1,20,,-0.24566,1.83813,1.85448,4.0
11382,2018-01-21,,,,2018,1,21,,-0.4054,1.74447,1.79096,4.0
11383,2018-01-22,,,,2018,1,22,,-0.52399,1.6581,1.73893,4.0
11384,2018-01-23,,,,2018,1,23,,-0.65312,1.60563,1.73338,4.0
11385,2018-01-24,,,,2018,1,24,,-0.78317,1.53884,1.72667,4.0
11386,2018-01-25,,,,2018,1,25,,-0.96749,1.37945,1.68491,4.0
11387,2018-01-26,,,,2018,1,26,,-1.18371,1.19868,1.68464,4.0
11388,2018-01-27,,,,2018,1,27,,-1.49522,0.98839,1.79237,3.0
11389,2018-01-28,,,,2018,1,28,,-1.85512,0.72439,1.99154,3.0
11390,2018-01-29,,,,2018,1,29,,-2.16178,0.42198,2.20258,3.0
11391,2018-01-30,,,,2018,1,30,,-2.4628,0.02963,2.46298,3.0
11392,2018-01-31,,,,2018,1,31,,-2.67767,-0.50915,2.72564,2.0
11393,2018-02-01,-0.73,-0.329,0.113,2018,2,1,,-2.81818,-1.03639,3.00271,2.0
11394,2018-02-02,,,,2018,2,2,,-2.85926,-1.58661,3.26997,2.0
11395,2018-02-03,,,,2018,2,3,,-2.76151,-2.13824,3.49256,2.0
11396,2018-02-04,,,,2018,2,4,,-2.5427,-2.66278,3.68181,1.0
11397,2018-02-05,,,,2018,2,5,,-2.19356,-3.10776,3.80393,1.0
11398,2018-02-06,,,,2018,2,6,,-1.78117,-3.37593,3.817,1.0
11399,2018-02-07,,,,2018,2,7,,-1.4224,-3.49119,3.76983,1.0
11400,2018-02-08,,,,2018,2,8,,-1.14196,-3.36157,3.55025,1.0
11401,2018-02-09,,,,2018,2,9,,-0.90705,-3.119,3.24822,1.0
11402,2018-02-10,,,,2018,2,10,,-0.73792,-2.85671,2.95047,1.0
11403,2018-02-11,,,,2018,2,11,,-0.71384,-2.62266,2.71807,1.0
11404,2018-02-12,,,,2018,2,12,,-0.70054,-2.40961,2.50938,1.0
11405,2018-02-13,,,,2018,2,13,,-0.62188,-2.22553,2.31078,1.0
11406,2018-02-14,,,,2018,2,14,,-0.48782,-2.0343,2.09198,1.0
11407,2018-02-15,,,,2018,2,15,,-0.36491,-1.89499,1.9298,1.0
11408,2018-02-16,,,,2018,2,16,,-0.22979,-1.87118,1.88524,1.0
11409,2018-02-17,,,,2018,2,17,,-0.01242,-1.9141,1.91414,1.0
11410,2018-02-18,,,,2018,2,18,,0.1442,-1.9342,1.93957,8.0
11411,2018-02-19,,,,2018,2,19,,0.29277,-1.95128,1.97312,8.0
11412,2018-02-20,,,,2018,2,20,,0.52197,-1.93251,2.00176,8.0
11413,2018-02-21,,,,2018,2,21,,0.80738,-1.77021,1.94563,8.0
11414,2018-02-22,,,,2018,2,22,,1.13763,-1.49663,1.87992,8.0
11415,2018-02-23,,,,2018,2,23,,1.35909,-1.0894,1.74181,7.0
11416,2018-02-24,,,,2018,2,24,,1.48708,-0.64508,1.62096,7.0
11417,2018-02-25,,,,2018,2,25,,1.51014,-0.15732,1.51831,7.0
11418,2018-02-26,,,,2018,2,26,,1.427,0.18319,1.43871,6.0
11419,2018-02-27,,,,2018,2,27,,1.32941,0.43032,1.39732,6.0
11420,2018-02-28,,,,2018,2,28,,1.20697,0.60671,1.35088,6.0
11421,2018-03-01,1.03,-0.778,-0.941,2018,3,1,,1.14821,0.78473,1.39075,6.0
11422,2018-03-02,,,,2018,3,2,,1.10143,0.93629,1.44562,6.0
11423,2018-03-03,,,,2018,3,3,,1.06094,1.03415,1.48158,6.0
11424,2018-03-04,,,,2018,3,4,,1.20252,0.99826,1.56287,6.0
11425,2018-03-05,,,,2018,3,5,,1.40293,0.95672,1.6981,6.0
11426,2018-03-06,,,,2018,3,6,,1.5561,0.87664,1.78604,6.0
11427,2018-03-07,,,,2018,3,7,,1.6242,0.81518,1.81729,6.0
11428,2018-03-08,,,,2018,3,8,,1.66252,0.81046,1.84954,6.0
11429,2018-03-09,,,,2018,3,9,,1.78005,0.8084,1.95501,6.0
11430,2018-03-10,,,,2018,3,10,,1.79576,0.74841,1.94547,6.0
11431,2018-03-11,,,,2018,3,11,,1.66685,0.68995,1.804,6.0
11432,2018-03-12,,,,2018,3,12,,1.39558,0.64646,1.53804,6.0
11433,2018-03-13,,,,2018,3,13,,1.02643,0.70915,1.24758,6.0
11434,2018-03-14,,,,2018,3,14,,0.62095,0.77658,0.99431,5.0
11435,2018-03-15,,,,2018,3,15,,0.2089,0.84978,0.87508,5.0
11436,2018-03-16,,,,2018,3,16,,-0.14633,0.88706,0.89905,4.0
11437,2018-03-17,,,,2018,3,17,,-0.41324,0.82305,0.92096,4.0
11438,2018-03-18,,,,2018,3,18,,-0.59711,0.74238,0.95271,4.0
11439,2018-03-19,,,,2018,3,19,,-0.67167,0.70606,0.9745,4.0
11440,2018-03-20,,,,2018,3,20,,-0.63653,0.71998,0.96101,4.0
11441,2018-03-21,,,,2018,3,21,,-0.60186,0.79012,0.99324,4.0
11442,2018-03-22,,,,2018,3,22,,-0.55047,0.82765,0.99399,4.0
11443,2018-03-23,,,,2018,3,23,,-0.52588,0.8057,0.96214,4.0
11444,2018-03-24,,,,2018,3,24,,-0.4982,0.72455,0.8793,4.0
11445,2018-03-25,,,,2018,3,25,,-0.57921,0.61547,0.84516,4.0
11446,2018-03-26,,,,2018,3,26,,-0.64819,0.42659,0.77597,3.0
11447,2018-03-27,,,,2018,3,27,,-0.74267,0.28375,0.79503,3.0
11448,2018-03-28,,,,2018,3,28,,-0.81904,0.11038,0.82645,3.0
11449,2018-03-29,,,,2018,3,29,,-0.90337,-0.01139,0.90344,2.0
11450,2018-03-30,,,,2018,3,30,,-0.95747,-0.17406,0.97316,2.0
11451,2018-03-31,,,,2018,3,31,,-1.05273,-0.34525,1.1079,2.0
11452,2018-04-01,0.58,-0.53,0.544,2018,4,1,,-1.08003,-0.49511,1.1881,2.0
11453,2018-04-02,,,,2018,4,2,,-1.00331,-0.62998,1.1847,2.0
11454,2018-04-03,,,,2018,4,3,,-0.79833,-0.80821,1.13601,1.0
11455,2018-04-04,,,,2018,4,4,,-0.57298,-0.95057,1.10991,1.0
11456,2018-04-05,,,,2018,4,5,,-0.33304,-1.13744,1.18519,1.0
11457,2018-04-06,,,,2018,4,6,,-0.11229,-1.27933,1.28425,1.0
11458,2018-04-07,,,,2018,4,7,,0.15045,-1.36641,1.37467,8.0
11459,2018-04-08,,,,2018,4,8,,0.4939,-1.35659,1.4437,8.0
11460,2018-04-09,,,,2018,4,9,,0.85129,-1.25876,1.5196,8.0
11461,2018-04-10,,,,2018,4,10,,1.17553,-1.25421,1.71899,8.0
11462,2018-04-11,,,,2018,4,11,,1.40695,-1.25225,1.88352,7.0
11463,2018-04-12,,,,2018,4,12,,1.62081,-1.17091,1.99951,7.0
11464,2018-04-13,,,,2018,4,13,,1.67468,-1.06299,1.98355,7.0
11465,2018-04-14,,,,2018,4,14,,1.59944,-0.91047,1.84042,7.0
11466,2018-04-15,,,,2018,4,15,,1.58644,-0.77544,1.76582,7.0
11467,2018-04-16,,,,2018,4,16,,1.56895,-0.64732,1.69724,7.0
11468,2018-04-17,,,,2018,4,17,,1.52751,-0.55028,1.6236,7.0
11469,2018-04-18,,,,2018,4,18,,1.40591,-0.3894,1.45884,7.0
11470,2018-04-19,,,,2018,4,19,,1.19878,-0.0919,1.20229,7.0
11471,2018-04-20,,,,2018,4,20,,0.95341,0.19763,0.97368,6.0
11472,2018-04-21,,,,2018,4,21,,0.65158,0.39979,0.76446,6.0
11473,2018-04-22,,,,2018,4,22,,0.47104,0.62046,0.779,5.0
11474,2018-04-23,,,,2018,4,23,,0.34044,0.74591,0.81993,5.0
11475,2018-04-24,,,,2018,4,24,,0.21748,0.84291,0.87051,5.0
11476,2018-04-25,,,,2018,4,25,,0.02,0.89439,0.89461,5.0
11477,2018-04-26,,,,2018,4,26,,-0.20112,0.92768,0.94923,4.0
11478,2018-04-27,,,,2018,4,27,,-0.38527,0.87455,0.95566,4.0
11479,2018-04-28,,,,2018,4,28,,-0.50169,0.76153,0.91193,4.0
11480,2018-04-29,,,,2018,4,29,,-0.62726,0.63172,0.89024,4.0
11481,2018-04-30,,,,2018,4,30,,-0.73091,0.50423,0.88796,3.0
11482,2018-05-01,0.56,-0.431,0.118,2018,5,1,,-0.7936,0.29152,0.84545,3.0
11483,2018-05-02,,,,2018,5,2,,-0.85908,0.07218,0.86211,3.0
11484,2018-05-03,,,,2018,5,3,,-0.94682,-0.10867,0.95303,2.0
11485,2018-05-04,,,,2018,5,4,,-0.96738,-0.31934,1.01873,2.0
11486,2018-05-05,,,,2018,5,5,,-0.954,-0.47756,1.06685,2.0
11487,2018-05-06,,,,2018,5,6,,-0.85334,-0.60518,1.04615,2.0
11488,2018-05-07,,,,2018,5,7,,-0.76159,-0.71476,1.04446,2.0
11489,2018-05-08,,,,2018,5,8,,-0.62071,-0.85005,1.05255,1.0
11490,2018-05-09,,,,2018,5,9,,-0.48266,-0.99169,1.10291,1.0
11491,2018-05-10,,,,2018,5,10,,-0.38495,-1.07384,1.14076,1.0
11492,2018-05-11,,,,2018,5,11,,-0.21544,-1.06482,1.0864,1.0
11493,2018-05-12,,,,2018,5,12,,-0.03945,-1.00989,1.01066,1.0
11494,2018-05-13,,,,2018,5,13,,0.19327,-0.90506,0.92547,8.0
11495,2018-05-14,,,,2018,5,14,,0.37968,-0.77615,0.86404,8.0
11496,2018-05-15,,,,2018,5,15,,0.54896,-0.68759,0.87985,8.0
11497,2018-05-16,,,,2018,5,16,,0.73747,-0.58798,0.94317,7.0
11498,2018-05-17,,,,2018,5,17,,0.83219,-0.41652,0.93061,7.0
11499,2018-05-18,,,,2018,5,18,,0.93611,-0.20875,0.95911,7.0
11500,2018-05-19,,,,2018,5,19,,1.10458,-0.00831,1.10461,7.0
11501,2018-05-20,,,,2018,5,20,,1.16947,0.19625,1.18582,6.0
11502,2018-05-21,,,,2018,5,21,,1.1912,0.37163,1.24783,6.0
11503,2018-05-22,,,,2018,5,22,,1.13847,0.54853,1.26372,6.0
11504,2018-05-23,,,,2018,5,23,,1.12019,0.76261,1.35513,6.0
11505,2018-05-24,,,,2018,5,24,,1.00662,1.03714,1.44531,5.0
11506,2018-05-25,,,,2018,5,25,,0.86549,1.30017,1.56189,5.0
11507,2018-05-26,,,,2018,5,26,,0.83523,1.40623,1.63557,5.0
11508,2018-05-27,,,,2018,5,27,,0.70721,1.50828,1.66585,5.0
11509,2018-05-28,,,,2018,5,28,,0.42921,1.62787,1.6835,5.0
11510,2018-05-29,,,,2018,5,29,,0.12224,1.66333,1.66781,5.0
11511,2018-05-30,,,,2018,5,30,,-0.19354,1.70798,1.71891,4.0
11512,2018-05-31,,,,2018,5,31,,-0.48475,1.7061,1.77363,4.0
11513,2018-06-01,-0.74,-0.769,0.38,2018,6,1,,-0.84158,1.50807,1.727,4.0
11514,2018-06-02,,,,2018,6,2,,-1.12938,1.2528,1.68672,4.0
11515,2018-06-03,,,,2018,6,3,,-1.38592,1.06539,1.74809,3.0
11516,2018-06-04,,,,2018,6,4,,-1.63258,0.92533,1.87658,3.0
11517,2018-06-05,,,,2018,6,5,,-1.77971,0.69511,1.91064,3.0
11518,2018-06-06,,,,2018,6,6,,-1.89032,0.43635,1.94002,3.0
11519,2018-06-07,,,,2018,6,7,,-1.94614,0.30822,1.97039,3.0
11520,2018-06-08,,,,2018,6,8,,-1.87778,0.22479,1.89118,3.0
11521,2018-06-09,,,,2018,6,9,,-1.77824,0.10892,1.78157,3.0
11522,2018-06-10,,,,2018,6,10,,-1.66555,0.04027,1.66604,3.0
11523,2018-06-11,,,,2018,6,11,,-1.47783,0.028,1.4781,3.0
11524,2018-06-12,,,,2018,6,12,,-1.24447,-0.06493,1.24617,2.0
11525,2018-06-13,,,,2018,6,13,,-0.98759,-0.15111,0.99908,2.0
11526,2018-06-14,,,,2018,6,14,,-0.75054,-0.1985,0.77635,2.0
11527,2018-06-15,,,,2018,6,15,,-0.5002,-0.22309,0.54769,2.0
11528,2018-06-16,,,,2018,6,16,,-0.24685,-0.2928,0.38298,1.0
11529,2018-06-17,,,,2018,6,17,,-0.1342,-0.4051,0.42675,1.0
11530,2018-06-18,,,,2018,6,18,,-0.04297,-0.47512,0.47706,1.0
11531,2018-06-19,,,,2018,6,19,,0.1106,-0.52378,0.53533,8.0
11532,2018-06-20,,,,2018,6,20,,0.20074,-0.60776,0.64005,8.0
11533,2018-06-21,,,,2018,6,21,,0.21179,-0.62169,0.65677,8.0
11534,2018-06-22,,,,2018,6,22,,0.18228,-0.57148,0.59984,8.0
11535,2018-06-23,,,,2018,6,23,,0.21201,-0.4962,0.53959,8.0
11536,2018-06-24,,,,2018,6,24,,0.28181,-0.47896,0.55572,8.0
11537,2018-06-25,,,,2018,6,25,,0.34972,-0.56519,0.66464,8.0
11538,2018-06-26,,,,2018,6,26,,0.39008,-0.57838,0.69763,8.0
11539,2018-06-27,,,,2018,6,27,,0.41132,-0.51407,0.65837,8.0
11540,2018-06-28,,,,2018,6,28,,0.43832,-0.43771,0.61944,7.0
11541,2018-06-29,,,,2018,6,29,,0.44539,-0.36203,0.57396,7.0
11542,2018-06-30,,,,2018,6,30,,0.49275,-0.29708,0.57538,7.0
11543,2018-07-01,0.18,-0.191,0.612,2018,7,1,,0.48829,-0.19033,0.52408,7.0
11544,2018-07-02,,,,2018,7,2,,0.43775,-0.07962,0.44493,7.0
11545,2018-07-03,,,,2018,7,3,,0.37806,0.03446,0.37963,6.0
11546,2018-07-04,,,,2018,7,4,,0.30529,0.2578,0.39958,6.0
11547,2018-07-05,,,,2018,7,5,,0.25061,0.48046,0.54189,5.0
11548,2018-07-06,,,,2018,7,6,,0.20881,0.65472,0.68721,5.0
11549,2018-07-07,,,,2018,7,7,,0.10633,0.77315,0.78043,5.0
11550,2018-07-08,,,,2018,7,8,,-0.01335,0.84336,0.84347,4.0
11551,2018-07-09,,,,2018,7,9,,-0.17113,0.88522,0.90161,4.0
11552,2018-07-10,,,,2018,7,10,,-0.28363,0.87666,0.9214,4.0
11553,2018-07-11,,,,2018,7,11,,-0.47377,0.90685,1.02315,4.0
11554,2018-07-12,,,,2018,7,12,,-0.7432,0.94102,1.19911,4.0
11555,2018-07-13,,,,2018,7,13,,-0.92039,0.88071,1.27388,3.0
11556,2018-07-14,,,,2018,7,14,,-1.02577,0.6896,1.23602,3.0
11557,2018-07-15,,,,2018,7,15,,-1.16268,0.42795,1.23893,3.0
11558,2018-07-16,,,,2018,7,16,,-1.30161,0.24749,1.32493,3.0
11559,2018-07-17,,,,2018,7,17,,-1.34132,0.13683,1.34828,3.0
11560,2018-07-18,,,,2018,7,18,,-1.30437,-0.02995,1.30472,2.0
11561,2018-07-19,,,,2018,7,19,,-1.28284,-0.26342,1.30961,2.0
11562,2018-07-20,,,,2018,7,20,,-1.16259,-0.55447,1.28804,2.0
11563,2018-07-21,,,,2018,7,21,,-0.98583,-0.75996,1.24474,2.0
11564,2018-07-22,,,,2018,7,22,,-0.79034,-0.86745,1.1735,1.0
11565,2018-07-23,,,,2018,7,23,,-0.61597,-0.93984,1.12371,1.0
11566,2018-07-24,,,,2018,7,24,,-0.42795,-0.9405,1.03329,1.0
11567,2018-07-25,,,,2018,7,25,,-0.19769,-0.93711,0.95773,1.0
11568,2018-07-26,,,,2018,7,26,,-0.02829,-0.92013,0.92056,1.0
11569,2018-07-27,,,,2018,7,27,,0.11258,-0.83927,0.84679,8.0
11570,2018-07-28,,,,2018,7,28,,0.26779,-0.70846,0.75738,8.0
11571,2018-07-29,,,,2018,7,29,,0.24099,-0.57235,0.62102,8.0
11572,2018-07-30,,,,2018,7,30,,0.19754,-0.46764,0.50765,8.0
11573,2018-07-31,,,,2018,7,31,,0.13802,-0.42224,0.44423,8.0
11574,2018-08-01,-0.87,-0.08,0.836,2018,8,1,,-0.021,-0.34104,0.34169,1.0
11575,2018-08-02,,,,2018,8,2,,-0.22341,-0.25399,0.33826,1.0
11576,2018-08-03,,,,2018,8,3,,-0.38044,-0.14672,0.40775,2.0
11577,2018-08-04,,,,2018,8,4,,-0.44238,-0.1001,0.45356,2.0
11578,2018-08-05,,,,2018,8,5,,-0.49939,-0.10868,0.51108,2.0
11579,2018-08-06,,,,2018,8,6,,-0.57635,-0.06648,0.58017,2.0
11580,2018-08-07,,,,2018,8,7,,-0.5355,-0.02575,0.53612,2.0
11581,2018-08-08,,,,2018,8,8,,-0.44322,-0.01589,0.4435,2.0
11582,2018-08-09,,,,2018,8,9,,-0.39178,0.00747,0.39185,3.0
11583,2018-08-10,,,,2018,8,10,,-0.29988,0.02928,0.3013,3.0
11584,2018-08-11,,,,2018,8,11,,-0.15658,0.00223,0.1566,3.0
11585,2018-08-12,,,,2018,8,12,,0.02691,-0.09738,0.10103,8.0
11586,2018-08-13,,,,2018,8,13,,0.15808,-0.15169,0.21909,7.0
11587,2018-08-14,,,,2018,8,14,,0.19996,-0.12817,0.23751,7.0
11588,2018-08-15,,,,2018,8,15,,0.21644,-0.12724,0.25107,7.0
11589,2018-08-16,,,,2018,8,16,,0.35798,-0.14854,0.38758,7.0
11590,2018-08-17,,,,2018,8,17,,0.53004,-0.16214,0.55428,7.0
11591,2018-08-18,,,,2018,8,18,,0.61203,-0.13786,0.62736,7.0
11592,2018-08-19,,,,2018,8,19,,0.67807,-0.10811,0.68663,7.0
11593,2018-08-20,,,,2018,8,20,,0.70304,0.01711,0.70324,6.0
11594,2018-08-21,,,,2018,8,21,,0.62164,0.17996,0.64716,6.0
11595,2018-08-22,,,,2018,8,22,,0.58948,0.26808,0.64758,6.0
11596,2018-08-23,,,,2018,8,23,,0.6125,0.33647,0.69883,6.0
11597,2018-08-24,,,,2018,8,24,,0.65826,0.3613,0.75089,6.0
11598,2018-08-25,,,,2018,8,25,,0.60483,0.38463,0.71677,6.0
11599,2018-08-26,,,,2018,8,26,,0.46941,0.38614,0.60782,6.0
11600,2018-08-27,,,,2018,8,27,,0.33241,0.38245,0.50672,5.0
11601,2018-08-28,,,,2018,8,28,,0.20953,0.36508,0.42093,5.0
11602,2018-08-29,,,,2018,8,29,,0.08368,0.29443,0.30609,5.0
11603,2018-08-30,,,,2018,8,30,,0.01944,0.28854,0.2892,5.0
11604,2018-08-31,,,,2018,8,31,,-0.00574,0.33711,0.33716,4.0
11605,2018-09-01,-0.99,-0.199,0.585,2018,9,1,,0.03535,0.28149,0.2837,5.0
11606,2018-09-02,,,,2018,9,2,,0.12328,0.2496,0.27839,5.0
11607,2018-09-03,,,,2018,9,3,,0.12026,0.22403,0.25427,5.0
11608,2018-09-04,,,,2018,9,4,,0.10878,0.2017,0.22916,5.0
11609,2018-09-05,,,,2018,9,5,,0.26464,0.12237,0.29156,6.0
11610,2018-09-06,,,,2018,9,6,,0.42247,0.03688,0.42408,6.0
11611,2018-09-07,,,,2018,9,7,,0.55504,-0.05726,0.55798,7.0
11612,2018-09-08,,,,2018,9,8,,0.57254,-0.19583,0.6051,7.0
11613,2018-09-09,,,,2018,9,9,,0.5201,-0.30892,0.60493,7.0
11614,2018-09-10,,,,2018,9,10,,0.41165,-0.3124,0.51677,7.0
11615,2018-09-11,,,,2018,9,11,,0.28182,-0.25253,0.37841,7.0
11616,2018-09-12,,,,2018,9,12,,0.22016,-0.14473,0.26347,7.0
11617,2018-09-13,,,,2018,9,13,,0.20663,0.01997,0.20759,6.0
11618,2018-09-14,,,,2018,9,14,,0.12218,0.19041,0.22624,5.0
11619,2018-09-15,,,,2018,9,15,,0.01846,0.35125,0.35173,5.0
11620,2018-09-16,,,,2018,9,16,,-0.02611,0.43228,0.43307,4.0
11621,2018-09-17,,,,2018,9,17,,0.01303,0.46526,0.46545,5.0
11622,2018-09-18,,,,2018,9,18,,0.04199,0.41399,0.41611,5.0
11623,2018-09-19,,,,2018,9,19,,0.10511,0.31448,0.33158,5.0
11624,2018-09-20,,,,2018,9,20,,0.17672,0.19815,0.26551,5.0
11625,2018-09-21,,,,2018,9,21,,0.31195,0.01741,0.31243,6.0
11626,2018-09-22,,,,2018,9,22,,0.45189,-0.25935,0.52102,7.0
11627,2018-09-23,,,,2018,9,23,,0.55924,-0.56454,0.79464,8.0
11628,2018-09-24,,,,2018,9,24,,0.69368,-0.828,1.08017,8.0
11629,2018-09-25,,,,2018,9,25,,0.84146,-1.00994,1.31455,8.0
11630,2018-09-26,,,,2018,9,26,,0.9988,-1.16434,1.53404,8.0
11631,2018-09-27,,,,2018,9,27,,1.13174,-1.20891,1.65599,8.0
11632,2018-09-28,,,,2018,9,28,,1.178,-1.22298,1.69805,8.0
11633,2018-09-29,,,,2018,9,29,,1.24168,-1.25618,1.76628,8.0
11634,2018-09-30,,,,2018,9,30,,1.30293,-1.17729,1.75603,7.0
11635,2018-10-01,0.27,-0.527,0.413,2018,10,1,,1.4125,-1.02405,1.74466,7.0
11636,2018-10-02,,,,2018,10,2,,1.57192,-0.80255,1.76495,7.0
11637,2018-10-03,,,,2018,10,3,,1.73681,-0.59042,1.83442,7.0
11638,2018-10-04,,,,2018,10,4,,1.84064,-0.3861,1.8807,7.0
11639,2018-10-05,,,,2018,10,5,,1.88247,-0.15962,1.88922,7.0
11640,2018-10-06,,,,2018,10,6,,1.88735,0.01186,1.88739,6.0
11641,2018-10-07,,,,2018,10,7,,1.92166,0.22357,1.93462,6.0
11642,2018-10-08,,,,2018,10,8,,1.81982,0.44954,1.87452,6.0
11643,2018-10-09,,,,2018,10,9,,1.54792,0.65236,1.67977,6.0
11644,2018-10-10,,,,2018,10,10,,1.16703,0.80975,1.42044,6.0
11645,2018-10-11,,,,2018,10,11,,0.73011,0.79822,1.08176,5.0
11646,2018-10-12,,,,2018,10,12,,0.37875,0.77057,0.85862,5.0
11647,2018-10-13,,,,2018,10,13,,0.08112,0.73856,0.743,5.0
11648,2018-10-14,,,,2018,10,14,,-0.2449,0.64448,0.68945,4.0
11649,2018-10-15,,,,2018,10,15,,-0.56095,0.51226,0.75966,3.0
11650,2018-10-16,,,,2018,10,16,,-0.83319,0.39346,0.92142,3.0
11651,2018-10-17,,,,2018,10,17,,-1.0068,0.28889,1.04742,3.0
11652,2018-10-18,,,,2018,10,18,,-1.07051,0.22337,1.09356,3.0
11653,2018-10-19,,,,2018,10,19,,-1.1045,0.13924,1.11324,3.0
11654,2018-10-20,,,,2018,10,20,,-1.07315,0.04599,1.07414,3.0
11655,2018-10-21,,,,2018,10,21,,-1.09744,-0.15256,1.108,2.0
11656,2018-10-22,,,,2018,10,22,,-1.12264,-0.34748,1.17519,2.0
11657,2018-10-23,,,,2018,10,23,,-1.02782,-0.48483,1.13643,2.0
11658,2018-10-24,,,,2018,10,24,,-0.81632,-0.52344,0.96973,2.0
11659,2018-10-25,,,,2018,10,25,,-0.58699,-0.60823,0.84528,1.0
11660,2018-10-26,,,,2018,10,26,,-0.39901,-0.64883,0.7617,1.0
11661,2018-10-27,,,,2018,10,27,,-0.22191,-0.68257,0.71774,1.0
11662,2018-10-28,,,,2018,10,28,,-0.03236,-0.65717,0.65797,1.0
11663,2018-10-29,,,,2018,10,29,,0.13416,-0.48513,0.50334,8.0
11664,2018-10-30,,,,2018,10,30,,0.22214,-0.28448,0.36094,8.0
11665,2018-10-31,,,,2018,10,31,,0.31171,-0.10478,0.32885,7.0
11666,2018-11-01,-0.08,-0.671,-0.112,2018,11,1,,0.35312,0.0729,0.36056,6.0
11667,2018-11-02,,,,2018,11,2,,0.32524,0.30134,0.44338,6.0
11668,2018-11-03,,,,2018,11,3,,0.29986,0.53011,0.60904,5.0
11669,2018-11-04,,,,2018,11,4,,0.29704,0.67967,0.74174,5.0
11670,2018-11-05,,,,2018,11,5,,0.2392,0.79678,0.83192,5.0
11671,2018-11-06,,,,2018,11,6,,0.15706,0.91637,0.92974,5.0
11672,2018-11-07,,,,2018,11,7,,0.04389,0.96442,0.96542,5.0
11673,2018-11-08,,,,2018,11,8,,-0.04636,0.98431,0.9854,4.0
11674,2018-11-09,,,,2018,11,9,,-0.16299,0.97297,0.98653,4.0
11675,2018-11-10,,,,2018,11,10,,-0.32133,0.91731,0.97196,4.0
11676,2018-11-11,,,,2018,11,11,,-0.47533,0.74598,0.88455,4.0
11677,2018-11-12,,,,2018,11,12,,-0.68807,0.58375,0.90233,3.0
11678,2018-11-13,,,,2018,11,13,,-0.87041,0.52031,1.01407,3.0
11679,2018-11-14,,,,2018,11,14,,-0.99071,0.47962,1.1007,3.0
11680,2018-11-15,,,,2018,11,15,,-1.1351,0.36025,1.19089,3.0
11681,2018-11-16,,,,2018,11,16,,-1.26409,0.17887,1.27668,3.0
11682,2018-11-17,,,,2018,11,17,,-1.3254,-0.03908,1.32597,2.0
11683,2018-11-18,,,,2018,11,18,,-1.34093,-0.29924,1.37392,2.0
11684,2018-11-19,,,,2018,11,19,,-1.28315,-0.54727,1.39498,2.0
11685,2018-11-20,,,,2018,11,20,,-1.05236,-0.77911,1.30938,2.0
11686,2018-11-21,,,,2018,11,21,,-0.76946,-0.95453,1.22605,1.0
11687,2018-11-22,,,,2018,11,22,,-0.48061,-1.07577,1.17825,1.0
11688,2018-11-23,,,,2018,11,23,,-0.2799,-1.15891,1.19223,1.0
11689,2018-11-24,,,,2018,11,24,,-0.12183,-1.15446,1.16087,1.0
11690,2018-11-25,,,,2018,11,25,,-0.00219,-1.01744,1.01745,1.0
11691,2018-11-26,,,,2018,11,26,,0.10833,-0.91569,0.92208,8.0
11692,2018-11-27,,,,2018,11,27,,0.2033,-0.82431,0.84901,8.0
11693,2018-11-28,,,,2018,11,28,,0.41895,-0.84653,0.94453,8.0
11694,2018-11-29,,,,2018,11,29,,0.66887,-0.88441,1.10886,8.0
11695,2018-11-30,,,,2018,11,30,,0.89463,-0.86059,1.24136,7.0
11696,2018-12-01,0.93,-0.328,0.11,2018,12,1,,1.03515,-0.72356,1.26296,7.0
11697,2018-12-02,,,,2018,12,2,,1.23762,-0.62944,1.38848,7.0
11698,2018-12-03,,,,2018,12,3,,1.49385,-0.60029,1.60995,7.0
11699,2018-12-04,,,,2018,12,4,,1.70944,-0.60668,1.8139,7.0
11700,2018-12-05,,,,2018,12,5,,1.90528,-0.60467,1.99893,7.0
11701,2018-12-06,,,,2018,12,6,,2.13115,-0.56252,2.20414,7.0
11702,2018-12-07,,,,2018,12,7,,2.29587,-0.36251,2.32431,7.0
11703,2018-12-08,,,,2018,12,8,,2.34057,-0.11007,2.34316,7.0
11704,2018-12-09,,,,2018,12,9,,2.31194,0.12597,2.31537,6.0
11705,2018-12-10,,,,2018,12,10,,2.25288,0.31137,2.2743,6.0
11706,2018-12-11,,,,2018,12,11,,2.07721,0.57771,2.15605,6.0
11707,2018-12-12,,,,2018,12,12,,1.77041,0.87641,1.97546,6.0
11708,2018-12-13,,,,2018,12,13,,1.42376,1.07193,1.78217,6.0
11709,2018-12-14,,,,2018,12,14,,0.9734,1.23787,1.57475,5.0
11710,2018-12-15,,,,2018,12,15,,0.42866,1.32663,1.39416,5.0
11711,2018-12-16,,,,2018,12,16,,-0.09318,1.26314,1.26657,4.0
11712,2018-12-17,,,,2018,12,17,,-0.59306,1.20816,1.34587,4.0
11713,2018-12-18,,,,2018,12,18,,-0.99463,1.13295,1.5076,4.0
11714,2018-12-19,,,,2018,12,19,,-1.34073,0.98494,1.66363,3.0
11715,2018-12-20,,,,2018,12,20,,-1.5822,0.79158,1.76917,3.0
11716,2018-12-21,,,,2018,12,21,,-1.75299,0.59764,1.85206,3.0
11717,2018-12-22,,,,2018,12,22,,-1.90336,0.50566,1.96938,3.0
11718,2018-12-23,,,,2018,12,23,,-1.98486,0.50671,2.04852,3.0
11719,2018-12-24,,,,2018,12,24,,-2.0835,0.50799,2.14453,3.0
11720,2018-12-25,,,,2018,12,25,,-2.20179,0.49935,2.2577,3.0
11721,2018-12-26,,,,2018,12,26,,-2.3041,0.43595,2.34498,3.0
11722,2018-12-27,,,,2018,12,27,,-2.40185,0.38319,2.43222,3.0
11723,2018-12-28,,,,2018,12,28,,-2.47039,0.35029,2.4951,3.0
11724,2018-12-29,,,,2018,12,29,,-2.50515,0.33554,2.52752,3.0
11725,2018-12-30,,,,2018,12,30,,-2.48059,0.24692,2.49285,3.0
11726,2018-12-31,,,,2018,12,31,,-2.48228,0.08623,2.48377,3.0
11727,2019-01-01,-0.16,-0.382,-0.713,2019,1,1,,-2.44016,-0.33535,2.46309,2.0
11728,2019-01-02,,,,2019,1,2,,-2.26592,-0.75928,2.38975,2.0
11729,2019-01-03,,,,2019,1,3,,-2.03433,-1.17718,2.35037,2.0
11730,2019-01-04,,,,2019,1,4,,-1.72828,-1.59523,2.35196,2.0
11731,2019-01-05,,,,2019,1,5,,-1.35459,-1.93116,2.35887,1.0
11732,2019-01-06,,,,2019,1,6,,-0.9474,-2.16744,2.36545,1.0
11733,2019-01-07,,,,2019,1,7,,-0.53179,-2.35646,2.41572,1.0
11734,2019-01-08,,,,2019,1,8,,-0.20989,-2.4565,2.46545,1.0
11735,2019-01-09,,,,2019,1,9,,0.05915,-2.43406,2.43478,8.0
11736,2019-01-10,,,,2019,1,10,,0.2968,-2.16879,2.18901,8.0
11737,2019-01-11,,,,2019,1,11,,0.49716,-1.77857,1.84675,8.0
11738,2019-01-12,,,,2019,1,12,,0.6697,-1.34477,1.5023,8.0
11739,2019-01-13,,,,2019,1,13,,0.73693,-0.90676,1.16846,8.0
11740,2019-01-14,,,,2019,1,14,,0.76048,-0.58095,0.95699,7.0
11741,2019-01-15,,,,2019,1,15,,0.69403,-0.27229,0.74553,7.0
11742,2019-01-16,,,,2019,1,16,,0.59763,0.08499,0.60365,6.0
11743,2019-01-17,,,,2019,1,17,,0.58796,0.46369,0.7488,6.0
11744,2019-01-18,,,,2019,1,18,,0.64447,0.79968,1.02705,5.0
11745,2019-01-19,,,,2019,1,19,,0.60843,1.07613,1.23622,5.0
11746,2019-01-20,,,,2019,1,20,,0.53546,1.25737,1.36664,5.0
11747,2019-01-21,,,,2019,1,21,,0.46537,1.37023,1.4471,5.0
11748,2019-01-22,,,,2019,1,22,,0.4786,1.44816,1.52519,5.0
11749,2019-01-23,,,,2019,1,23,,0.53626,1.50438,1.5971,5.0
11750,2019-01-24,,,,2019,1,24,,0.5537,1.49631,1.59547,5.0
11751,2019-01-25,,,,2019,1,25,,0.54268,1.40527,1.50641,5.0
11752,2019-01-26,,,,2019,1,26,,0.45513,1.28687,1.36498,5.0
11753,2019-01-27,,,,2019,1,27,,0.33417,1.07115,1.12206,5.0
11754,2019-01-28,,,,2019,1,28,,0.25493,0.73639,0.77927,5.0
11755,2019-01-29,,,,2019,1,29,,0.16229,0.40824,0.43932,5.0
11756,2019-01-30,,,,2019,1,30,,0.05693,0.14222,0.15319,5.0
11757,2019-01-31,,,,2019,1,31,,-0.10324,-0.10934,0.15038,1.0
11758,2019-02-01,-1.43,-0.497,1.149,2019,2,1,,-0.27094,-0.34502,0.43869,1.0
11759,2019-02-02,,,,2019,2,2,,-0.39098,-0.59089,0.70853,1.0
11760,2019-02-03,,,,2019,2,3,,-0.4904,-0.84317,0.97542,1.0
11761,2019-02-04,,,,2019,2,4,,-0.52176,-1.11002,1.22653,1.0
11762,2019-02-05,,,,2019,2,5,,-0.50073,-1.25236,1.34876,1.0
11763,2019-02-06,,,,2019,2,6,,-0.51073,-1.30211,1.39869,1.0
11764,2019-02-07,,,,2019,2,7,,-0.55443,-1.32195,1.43351,1.0
11765,2019-02-08,,,,2019,2,8,,-0.59936,-1.33595,1.46424,1.0
11766,2019-02-09,,,,2019,2,9,,-0.58744,-1.36999,1.49062,1.0
11767,2019-02-10,,,,2019,2,10,,-0.62249,-1.3712,1.50588,1.0
11768,2019-02-11,,,,2019,2,11,,-0.54299,-1.33844,1.44439,1.0
11769,2019-02-12,,,,2019,2,12,,-0.36424,-1.33053,1.37949,1.0
11770,2019-02-13,,,,2019,2,13,,-0.21446,-1.29567,1.3133,1.0
11771,2019-02-14,,,,2019,2,14,,-0.12268,-1.30783,1.31357,1.0
11772,2019-02-15,,,,2019,2,15,,-0.05664,-1.38712,1.38828,1.0
11773,2019-02-16,,,,2019,2,16,,0.04226,-1.5526,1.55318,8.0
11774,2019-02-17,,,,2019,2,17,,0.16536,-1.71194,1.7199,8.0
11775,2019-02-18,,,,2019,2,18,,0.29994,-1.83785,1.86216,8.0
11776,2019-02-19,,,,2019,2,19,,0.43684,-1.96239,2.01042,8.0
11777,2019-02-20,,,,2019,2,20,,0.54611,-2.09403,2.16407,8.0
11778,2019-02-21,,,,2019,2,21,,0.61205,-2.19156,2.27542,8.0
11779,2019-02-22,,,,2019,2,22,,0.82547,-2.29272,2.43679,8.0
11780,2019-02-23,,,,2019,2,23,,1.25083,-2.2394,2.56505,8.0
11781,2019-02-24,,,,2019,2,24,,1.8111,-1.93594,2.65103,8.0
11782,2019-02-25,,,,2019,2,25,,2.24129,-1.45044,2.66967,7.0
11783,2019-02-26,,,,2019,2,26,,2.54243,-0.99559,2.73041,7.0
11784,2019-02-27,,,,2019,2,27,,2.69583,-0.53702,2.74879,7.0
11785,2019-02-28,,,,2019,2,28,,2.71629,-0.12348,2.7191,7.0
11786,2019-03-01,-0.91,-0.314,2.116,2019,3,1,,2.60959,0.14226,2.61347,6.0
11787,2019-03-02,,,,2019,3,2,,2.4739,0.54955,2.5342,6.0
11788,2019-03-03,,,,2019,3,3,,2.3472,0.94417,2.52998,6.0
11789,2019-03-04,,,,2019,3,4,,2.20486,1.28297,2.55096,6.0
11790,2019-03-05,,,,2019,3,5,,2.02616,1.48826,2.51401,6.0
11791,2019-03-06,,,,2019,3,6,,1.84729,1.66978,2.49011,6.0
11792,2019-03-07,,,,2019,3,7,,1.62959,1.86093,2.47359,5.0
11793,2019-03-08,,,,2019,3,8,,1.39806,2.00285,2.44253,5.0
11794,2019-03-09,,,,2019,3,9,,1.23883,2.10207,2.43996,5.0
11795,2019-03-10,,,,2019,3,10,,1.15128,2.17285,2.45901,5.0
11796,2019-03-11,,,,2019,3,11,,1.01057,2.18703,2.40923,5.0
11797,2019-03-12,,,,2019,3,12,,0.74162,2.1491,2.27346,5.0
11798,2019-03-13,,,,2019,3,13,,0.39543,2.07473,2.11207,5.0
11799,2019-03-14,,,,2019,3,14,,0.02104,2.03209,2.0322,5.0
11800,2019-03-15,,,,2019,3,15,,-0.39955,1.8681,1.91035,4.0
11801,2019-03-16,,,,2019,3,16,,-0.7923,1.54425,1.73564,4.0
11802,2019-03-17,,,,2019,3,17,,-1.03125,1.20789,1.58823,4.0
11803,2019-03-18,,,,2019,3,18,,-1.16559,0.86985,1.45439,3.0
11804,2019-03-19,,,,2019,3,19,,-1.27386,0.61842,1.41604,3.0
11805,2019-03-20,,,,2019,3,20,,-1.30047,0.3957,1.35933,3.0
11806,2019-03-21,,,,2019,3,21,,-1.33786,0.26008,1.3629,3.0
11807,2019-03-22,,,,2019,3,22,,-1.34567,0.2336,1.3658,3.0
11808,2019-03-23,,,,2019,3,23,,-1.34106,0.2379,1.362,3.0
11809,2019-03-24,,,,2019,3,24,,-1.30017,0.29764,1.33381,3.0
11810,2019-03-25,,,,2019,3,25,,-1.29217,0.38842,1.34928,3.0
11811,2019-03-26,,,,2019,3,26,,-1.26865,0.42688,1.33854,3.0
11812,2019-03-27,,,,2019,3,27,,-1.19418,0.5195,1.30228,3.0
11813,2019-03-28,,,,2019,3,28,,-1.13747,0.6289,1.29975,3.0
11814,2019-03-29,,,,2019,3,29,,-1.08254,0.7597,1.32251,3.0
11815,2019-03-30,,,,2019,3,30,,-1.00669,0.84144,1.31204,3.0
11816,2019-03-31,,,,2019,3,31,,-1.00459,0.81981,1.29664,3.0
11817,2019-04-01,-0.03,0.196,-0.255,2019,4,1,,-1.08698,0.73968,1.31478,3.0
11818,2019-04-02,,,,2019,4,2,,-1.21067,0.62116,1.36072,3.0
11819,2019-04-03,,,,2019,4,3,,-1.18693,0.46989,1.27656,3.0
11820,2019-04-04,,,,2019,4,4,,-1.12078,0.33634,1.17016,3.0
11821,2019-04-05,,,,2019,4,5,,-1.04609,0.19051,1.0633,3.0
11822,2019-04-06,,,,2019,4,6,,-0.93356,0.02486,0.93389,3.0
11823,2019-04-07,,,,2019,4,7,,-0.79386,-0.10925,0.80134,2.0
11824,2019-04-08,,,,2019,4,8,,-0.62218,-0.2549,0.67237,2.0
11825,2019-04-09,,,,2019,4,9,,-0.42174,-0.37063,0.56146,2.0
11826,2019-04-10,,,,2019,4,10,,-0.19928,-0.41782,0.46291,1.0
11827,2019-04-11,,,,2019,4,11,,-0.01745,-0.42016,0.42053,1.0
11828,2019-04-12,,,,2019,4,12,,0.10851,-0.43475,0.44808,8.0
11829,2019-04-13,,,,2019,4,13,,0.21678,-0.47497,0.5221,8.0
11830,2019-04-14,,,,2019,4,14,,0.37284,-0.52571,0.6445,8.0
11831,2019-04-15,,,,2019,4,15,,0.51313,-0.67099,0.84471,8.0
11832,2019-04-16,,,,2019,4,16,,0.67681,-0.76632,1.02241,8.0
11833,2019-04-17,,,,2019,4,17,,0.84993,-0.80294,1.16923,7.0
11834,2019-04-18,,,,2019,4,18,,1.04063,-0.78411,1.30297,7.0
11835,2019-04-19,,,,2019,4,19,,1.23486,-0.74593,1.44267,7.0
11836,2019-04-20,,,,2019,4,20,,1.46074,-0.69108,1.61596,7.0
11837,2019-04-21,,,,2019,4,21,,1.64527,-0.50077,1.71979,7.0
11838,2019-04-22,,,,2019,4,22,,1.8023,-0.23857,1.81802,7.0
11839,2019-04-23,,,,2019,4,23,,1.8198,0.04416,1.82034,6.0
11840,2019-04-24,,,,2019,4,24,,1.84912,0.39007,1.88982,6.0
11841,2019-04-25,,,,2019,4,25,,1.82046,0.66787,1.93911,6.0
11842,2019-04-26,,,,2019,4,26,,1.74465,0.983,2.00252,6.0
11843,2019-04-27,,,,2019,4,27,,1.50542,1.20824,1.93032,6.0
11844,2019-04-28,,,,2019,4,28,,1.15987,1.33099,1.76545,5.0
11845,2019-04-29,,,,2019,4,29,,0.76377,1.36923,1.56785,5.0
11846,2019-04-30,,,,2019,4,30,,0.29605,1.36348,1.39525,5.0
11847,2019-05-01,-0.71,0.326,-1.231,2019,5,1,,-0.17464,1.25032,1.26246,4.0
11848,2019-05-02,,,,2019,5,2,,-0.63358,0.98094,1.16777,4.0
11849,2019-05-03,,,,2019,5,3,,-1.05562,0.68661,1.25927,3.0
11850,2019-05-04,,,,2019,5,4,,-1.42553,0.44253,1.49263,3.0
11851,2019-05-05,,,,2019,5,5,,-1.75004,0.16634,1.75793,3.0
11852,2019-05-06,,,,2019,5,6,,-1.90576,-0.10248,1.90852,2.0
11853,2019-05-07,,,,2019,5,7,,-1.96903,-0.31267,1.9937,2.0
11854,2019-05-08,,,,2019,5,8,,-2.00986,-0.46745,2.06351,2.0
11855,2019-05-09,,,,2019,5,9,,-1.98524,-0.73123,2.11563,2.0
11856,2019-05-10,,,,2019,5,10,,-1.89373,-0.97051,2.12793,2.0
11857,2019-05-11,,,,2019,5,11,,-1.69895,-1.07236,2.00908,2.0
11858,2019-05-12,,,,2019,5,12,,-1.49889,-1.17291,1.90326,2.0
11859,2019-05-13,,,,2019,5,13,,-1.30439,-1.307,1.84653,1.0
11860,2019-05-14,,,,2019,5,14,,-1.11098,-1.43339,1.81352,1.0
11861,2019-05-15,,,,2019,5,15,,-0.90959,-1.51934,1.77081,1.0
11862,2019-05-16,,,,2019,5,16,,-0.67546,-1.60552,1.74182,1.0
11863,2019-05-17,,,,2019,5,17,,-0.48281,-1.64477,1.71417,1.0
11864,2019-05-18,,,,2019,5,18,,-0.27431,-1.61051,1.6337,1.0
11865,2019-05-19,,,,2019,5,19,,-0.08685,-1.5754,1.5778,1.0
11866,2019-05-20,,,,2019,5,20,,0.0511,-1.58627,1.58709,8.0
11867,2019-05-21,,,,2019,5,21,,0.15069,-1.61438,1.6214,8.0
11868,2019-05-22,,,,2019,5,22,,0.19887,-1.6002,1.61251,8.0
11869,2019-05-23,,,,2019,5,23,,0.30739,-1.57022,1.60002,8.0
11870,2019-05-24,,,,2019,5,24,,0.4225,-1.48908,1.54786,8.0
11871,2019-05-25,,,,2019,5,25,,0.61768,-1.35114,1.48564,8.0
11872,2019-05-26,,,,2019,5,26,,0.92568,-1.23498,1.54339,8.0
11873,2019-05-27,,,,2019,5,27,,1.20896,-1.08304,1.62313,7.0
11874,2019-05-28,,,,2019,5,28,,1.44747,-0.83111,1.66911,7.0
11875,2019-05-29,,,,2019,5,29,,1.66853,-0.53832,1.75322,7.0
11876,2019-05-30,,,,2019,5,30,,1.90242,-0.18005,1.91092,7.0
11877,2019-05-31,,,,2019,5,31,,2.0627,0.11505,2.06591,6.0
11878,2019-06-01,-1.36,-0.003,-0.601,2019,6,1,,2.12533,0.44839,2.17212,6.0
11879,2019-06-02,,,,2019,6,2,,2.17205,0.7601,2.30121,6.0
11880,2019-06-03,,,,2019,6,3,,2.09531,1.00651,2.32452,6.0
11881,2019-06-04,,,,2019,6,4,,1.89576,1.21307,2.25065,6.0
11882,2019-06-05,,,,2019,6,5,,1.65814,1.34447,2.13472,6.0
11883,2019-06-06,,,,2019,6,6,,1.44245,1.42929,2.03065,6.0
11884,2019-06-07,,,,2019,6,7,,1.24504,1.43794,1.90205,5.0
11885,2019-06-08,,,,2019,6,8,,0.98818,1.42469,1.73386,5.0
11886,2019-06-09,,,,2019,6,9,,0.78914,1.44073,1.64269,5.0
11887,2019-06-10,,,,2019,6,10,,0.61801,1.44377,1.57048,5.0
11888,2019-06-11,,,,2019,6,11,,0.34684,1.43554,1.47685,5.0
11889,2019-06-12,,,,2019,6,12,,0.08429,1.50154,1.5039,5.0
11890,2019-06-13,,,,2019,6,13,,-0.01637,1.57912,1.5792,4.0
11891,2019-06-14,,,,2019,6,14,,-0.09607,1.55772,1.56068,4.0
11892,2019-06-15,,,,2019,6,15,,-0.20639,1.49257,1.50677,4.0
11893,2019-06-16,,,,2019,6,16,,-0.25552,1.52983,1.55102,4.0
11894,2019-06-17,,,,2019,6,17,,-0.21527,1.51696,1.53216,4.0
11895,2019-06-18,,,,2019,6,18,,-0.17324,1.43882,1.44921,4.0
11896,2019-06-19,,,,2019,6,19,,-0.242,1.27629,1.29903,4.0
11897,2019-06-20,,,,2019,6,20,,-0.31578,1.09411,1.13877,4.0
11898,2019-06-21,,,,2019,6,21,,-0.40271,0.91145,0.99646,4.0
11899,2019-06-22,,,,2019,6,22,,-0.59689,0.75888,0.9655,4.0
11900,2019-06-23,,,,2019,6,23,,-0.76718,0.663,1.01397,3.0
11901,2019-06-24,,,,2019,6,24,,-0.87868,0.59363,1.06042,3.0
11902,2019-06-25,,,,2019,6,25,,-0.97788,0.44771,1.0755,3.0
11903,2019-06-26,,,,2019,6,26,,-1.11261,0.29817,1.15187,3.0
11904,2019-06-27,,,,2019,6,27,,-1.26551,0.23486,1.28712,3.0
11905,2019-06-28,,,,2019,6,28,,-1.32724,0.261,1.35266,3.0
11906,2019-06-29,,,,2019,6,29,,-1.23926,0.1948,1.25448,3.0
11907,2019-06-30,,,,2019,6,30,,-1.14928,0.03051,1.14968,3.0
11908,2019-07-01,-0.51,0.341,-0.89,2019,7,1,,-1.04987,-0.16756,1.06316,2.0
11909,2019-07-02,,,,2019,7,2,,-0.91805,-0.39204,0.99826,2.0
11910,2019-07-03,,,,2019,7,3,,-0.78028,-0.66478,1.02507,2.0
11911,2019-07-04,,,,2019,7,4,,-0.72599,-0.84479,1.11388,1.0
11912,2019-07-05,,,,2019,7,5,,-0.62652,-0.95051,1.13842,1.0
11913,2019-07-06,,,,2019,7,6,,-0.46519,-0.98671,1.09086,1.0
11914,2019-07-07,,,,2019,7,7,,-0.25873,-1.07979,1.11035,1.0
11915,2019-07-08,,,,2019,7,8,,-0.22879,-1.1441,1.16675,1.0
11916,2019-07-09,,,,2019,7,9,,-0.26941,-1.12585,1.15764,1.0
11917,2019-07-10,,,,2019,7,10,,-0.23331,-1.05988,1.08525,1.0
11918,2019-07-11,,,,2019,7,11,,-0.25745,-0.92413,0.95932,1.0
11919,2019-07-12,,,,2019,7,12,,-0.25882,-0.75764,0.80063,1.0
11920,2019-07-13,,,,2019,7,13,,-0.18105,-0.65334,0.67796,1.0
11921,2019-07-14,,,,2019,7,14,,0.02539,-0.63168,0.63219,8.0
11922,2019-07-15,,,,2019,7,15,,0.23313,-0.72689,0.76336,8.0
11923,2019-07-16,,,,2019,7,16,,0.3542,-0.77408,0.85127,8.0
11924,2019-07-17,,,,2019,7,17,,0.57082,-0.70618,0.90804,8.0
11925,2019-07-18,,,,2019,7,18,,0.81948,-0.66017,1.05232,7.0
11926,2019-07-19,,,,2019,7,19,,0.89547,-0.6241,1.0915,7.0
11927,2019-07-20,,,,2019,7,20,,0.87676,-0.54962,1.03479,7.0
11928,2019-07-21,,,,2019,7,21,,0.80201,-0.36998,0.88323,7.0
11929,2019-07-22,,,,2019,7,22,,0.73855,-0.20273,0.76587,7.0
11930,2019-07-23,,,,2019,7,23,,0.46106,-0.0543,0.46425,7.0
11931,2019-07-24,,,,2019,7,24,,0.12726,0.16969,0.21211,5.0
11932,2019-07-25,,,,2019,7,25,,-0.20601,0.38623,0.43773,4.0
11933,2019-07-26,,,,2019,7,26,,-0.60408,0.46739,0.76378,3.0
11934,2019-07-27,,,,2019,7,27,,-0.96676,0.5078,1.09201,3.0
11935,2019-07-28,,,,2019,7,28,,-1.25806,0.52429,1.36293,3.0
11936,2019-07-29,,,,2019,7,29,,-1.38839,0.57961,1.50452,3.0
11937,2019-07-30,,,,2019,7,30,,-1.41147,0.49873,1.49699,3.0
11938,2019-07-31,,,,2019,7,31,,-1.43369,0.41482,1.4925,3.0
11939,2019-08-01,-0.7,0.048,-0.722,2019,8,1,,-1.45104,0.44803,1.51864,3.0
11940,2019-08-02,,,,2019,8,2,,-1.37974,0.44707,1.45037,3.0
11941,2019-08-03,,,,2019,8,3,,-1.17271,0.44005,1.25256,3.0
11942,2019-08-04,,,,2019,8,4,,-0.91124,0.48362,1.03162,3.0
11943,2019-08-05,,,,2019,8,5,,-0.68762,0.52049,0.8624,3.0
11944,2019-08-06,,,,2019,8,6,,-0.35323,0.53302,0.63944,4.0
11945,2019-08-07,,,,2019,8,7,,-0.03061,0.38826,0.38946,4.0
11946,2019-08-08,,,,2019,8,8,,0.16248,0.21824,0.27208,5.0
11947,2019-08-09,,,,2019,8,9,,0.28137,0.06788,0.28944,6.0
11948,2019-08-10,,,,2019,8,10,,0.46856,-0.07475,0.47449,7.0
11949,2019-08-11,,,,2019,8,11,,0.6392,-0.22227,0.67674,7.0
11950,2019-08-12,,,,2019,8,12,,0.75306,-0.30904,0.81401,7.0
11951,2019-08-13,,,,2019,8,13,,0.78433,-0.40566,0.88303,7.0
11952,2019-08-14,,,,2019,8,14,,0.80455,-0.57393,0.98828,7.0
11953,2019-08-15,,,,2019,8,15,,0.71899,-0.71113,1.01126,7.0
11954,2019-08-16,,,,2019,8,16,,0.6339,-0.68322,0.932,8.0
11955,2019-08-17,,,,2019,8,17,,0.57229,-0.57284,0.80973,8.0
11956,2019-08-18,,,,2019,8,18,,0.48011,-0.44577,0.65515,7.0
11957,2019-08-19,,,,2019,8,19,,0.34901,-0.33086,0.48091,7.0
11958,2019-08-20,,,,2019,8,20,,0.25262,-0.16621,0.30239,7.0
11959,2019-08-21,,,,2019,8,21,,0.15454,-0.02574,0.15667,7.0
11960,2019-08-22,,,,2019,8,22,,0.11411,0.08668,0.1433,6.0
11961,2019-08-23,,,,2019,8,23,,0.06059,0.25486,0.26197,5.0
11962,2019-08-24,,,,2019,8,24,,0.02424,0.45049,0.45114,5.0
11963,2019-08-25,,,,2019,8,25,,-0.02047,0.56079,0.56116,4.0
11964,2019-08-26,,,,2019,8,26,,-0.02039,0.61986,0.62019,4.0
11965,2019-08-27,,,,2019,8,27,,0.03318,0.64013,0.64099,5.0
11966,2019-08-28,,,,2019,8,28,,0.03208,0.61357,0.61441,5.0
11967,2019-08-29,,,,2019,8,29,,-0.0747,0.5515,0.55654,4.0
11968,2019-08-30,,,,2019,8,30,,-0.138,0.4727,0.49243,4.0
11969,2019-08-31,,,,2019,8,31,,-0.21321,0.42845,0.47857,4.0
11970,2019-09-01,-1.26,-0.074,0.306,2019,9,1,,-0.3096,0.31978,0.4451,4.0
11971,2019-09-02,,,,2019,9,2,,-0.49046,0.18425,0.52393,3.0
11972,2019-09-03,,,,2019,9,3,,-0.58089,0.09429,0.58849,3.0
11973,2019-09-04,,,,2019,9,4,,-0.61943,0.03646,0.6205,3.0
11974,2019-09-05,,,,2019,9,5,,-0.7169,-0.03436,0.71773,2.0
11975,2019-09-06,,,,2019,9,6,,-0.82887,-0.10637,0.83567,2.0
11976,2019-09-07,,,,2019,9,7,,-0.85003,-0.20717,0.87491,2.0
11977,2019-09-08,,,,2019,9,8,,-0.87061,-0.34174,0.93529,2.0
11978,2019-09-09,,,,2019,9,9,,-0.88131,-0.5087,1.01758,2.0
11979,2019-09-10,,,,2019,9,10,,-0.8377,-0.55083,1.00258,2.0
11980,2019-09-11,,,,2019,9,11,,-0.64123,-0.47646,0.79887,2.0
11981,2019-09-12,,,,2019,9,12,,-0.48708,-0.51794,0.711,1.0
11982,2019-09-13,,,,2019,9,13,,-0.41161,-0.62631,0.74946,1.0
11983,2019-09-14,,,,2019,9,14,,-0.31568,-0.69209,0.76069,1.0
11984,2019-09-15,,,,2019,9,15,,-0.06048,-0.72455,0.72707,1.0
11985,2019-09-16,,,,2019,9,16,,0.157,-0.78479,0.80034,8.0
11986,2019-09-17,,,,2019,9,17,,0.26817,-0.81112,0.8543,8.0
11987,2019-09-18,,,,2019,9,18,,0.46174,-0.75321,0.88347,8.0
11988,2019-09-19,,,,2019,9,19,,0.77484,-0.71742,1.05597,7.0
11989,2019-09-20,,,,2019,9,20,,1.05092,-0.73012,1.27965,7.0
11990,2019-09-21,,,,2019,9,21,,1.275,-0.68731,1.44845,7.0
11991,2019-09-22,,,,2019,9,22,,1.5139,-0.6045,1.63012,7.0
11992,2019-09-23,,,,2019,9,23,,1.73478,-0.54584,1.81863,7.0
11993,2019-09-24,,,,2019,9,24,,1.7974,-0.52376,1.87215,7.0
11994,2019-09-25,,,,2019,9,25,,1.80691,-0.47606,1.86857,7.0
11995,2019-09-26,,,,2019,9,26,,1.88567,-0.3909,1.92576,7.0
11996,2019-09-27,,,,2019,9,27,,1.8869,-0.37916,1.92462,7.0
11997,2019-09-28,,,,2019,9,28,,1.76982,-0.43569,1.82266,7.0
11998,2019-09-29,,,,2019,9,29,,1.57812,-0.52096,1.66189,7.0
11999,2019-09-30,,,,2019,9,30,,1.38625,-0.5469,1.49023,7.0
12000,2019-10-01,-0.66,-1.006,-0.082,2019,10,1,,1.18211,-0.5371,1.29841,7.0
12001,2019-10-02,,,,2019,10,2,,0.99918,-0.53074,1.13139,7.0
12002,2019-10-03,,,,2019,10,3,,0.88007,-0.51421,1.01928,7.0
12003,2019-10-04,,,,2019,10,4,,0.78983,-0.49988,0.93473,7.0
12004,2019-10-05,,,,2019,10,5,,0.70498,-0.48618,0.85637,7.0
12005,2019-10-06,,,,2019,10,6,,0.5943,-0.49166,0.77131,7.0
12006,2019-10-07,,,,2019,10,7,,0.50855,-0.42583,0.66329,7.0
12007,2019-10-08,,,,2019,10,8,,0.48925,-0.36063,0.6078,7.0
12008,2019-10-09,,,,2019,10,9,,0.47705,-0.26785,0.5471,7.0
12009,2019-10-10,,,,2019,10,10,,0.46454,-0.20222,0.50665,7.0
12010,2019-10-11,,,,2019,10,11,,0.46036,-0.09662,0.47039,7.0
12011,2019-10-12,,,,2019,10,12,,0.48146,-0.00516,0.48149,7.0
12012,2019-10-13,,,,2019,10,13,,0.50879,0.12597,0.52416,6.0
12013,2019-10-14,,,,2019,10,14,,0.53043,0.25582,0.5889,6.0
12014,2019-10-15,,,,2019,10,15,,0.60844,0.42435,0.74181,6.0
12015,2019-10-16,,,,2019,10,16,,0.72376,0.59551,0.93727,6.0
12016,2019-10-17,,,,2019,10,17,,0.83071,0.74912,1.1186,6.0
12017,2019-10-18,,,,2019,10,18,,0.95935,0.81754,1.26044,6.0
12018,2019-10-19,,,,2019,10,19,,1.09829,0.91795,1.43139,6.0
12019,2019-10-20,,,,2019,10,20,,1.14421,0.91258,1.46356,6.0
12020,2019-10-21,,,,2019,10,21,,1.02776,0.96317,1.40854,6.0
12021,2019-10-22,,,,2019,10,22,,0.8334,0.99278,1.29621,5.0
12022,2019-10-23,,,,2019,10,23,,0.61802,0.98897,1.1662,5.0
12023,2019-10-24,,,,2019,10,24,,0.3267,0.96012,1.01418,5.0
12024,2019-10-25,,,,2019,10,25,,-0.02745,0.88201,0.88243,4.0
12025,2019-10-26,,,,2019,10,26,,-0.36729,0.77214,0.85504,4.0
12026,2019-10-27,,,,2019,10,27,,-0.69999,0.70155,0.99104,4.0
12027,2019-10-28,,,,2019,10,28,,-1.06084,0.5946,1.21611,3.0
12028,2019-10-29,,,,2019,10,29,,-1.35358,0.56223,1.4657,3.0
12029,2019-10-30,,,,2019,10,30,,-1.58449,0.54378,1.6752,3.0
12030,2019-10-31,,,,2019,10,31,,-1.80082,0.49325,1.86715,3.0
12031,2019-11-01,-1.03,-0.505,-1.193,2019,11,1,,-2.00478,0.43924,2.05233,3.0
12032,2019-11-02,,,,2019,11,2,,-2.19045,0.38821,2.22458,3.0
12033,2019-11-03,,,,2019,11,3,,-2.35242,0.34526,2.37763,3.0
12034,2019-11-04,,,,2019,11,4,,-2.49188,0.32773,2.51334,3.0
12035,2019-11-05,,,,2019,11,5,,-2.5336,0.18714,2.54051,3.0
12036,2019-11-06,,,,2019,11,6,,-2.50396,-0.03429,2.5042,2.0
12037,2019-11-07,,,,2019,11,7,,-2.41535,-0.26313,2.42964,2.0
12038,2019-11-08,,,,2019,11,8,,-2.28658,-0.50227,2.3411,2.0
12039,2019-11-09,,,,2019,11,9,,-2.04393,-0.76352,2.18188,2.0
12040,2019-11-10,,,,2019,11,10,,-1.70341,-1.03358,1.99246,2.0
12041,2019-11-11,,,,2019,11,11,,-1.41457,-1.18601,1.84598,2.0
12042,2019-11-12,,,,2019,11,12,,-1.16212,-1.36306,1.79122,1.0
12043,2019-11-13,,,,2019,11,13,,-0.98442,-1.54908,1.83541,1.0
12044,2019-11-14,,,,2019,11,14,,-0.81001,-1.62659,1.81711,1.0
12045,2019-11-15,,,,2019,11,15,,-0.61866,-1.59785,1.71344,1.0
12046,2019-11-16,,,,2019,11,16,,-0.42044,-1.59045,1.64508,1.0
12047,2019-11-17,,,,2019,11,17,,-0.19189,-1.59178,1.6033,1.0
12048,2019-11-18,,,,2019,11,18,,-0.02026,-1.48299,1.48313,1.0
12049,2019-11-19,,,,2019,11,19,,0.08403,-1.33953,1.34216,8.0
12050,2019-11-20,,,,2019,11,20,,0.24253,-1.1407,1.16619,8.0
12051,2019-11-21,,,,2019,11,21,,0.40867,-0.94324,1.02797,8.0
12052,2019-11-22,,,,2019,11,22,,0.57646,-0.8317,1.01194,8.0
12053,2019-11-23,,,,2019,11,23,,0.71155,-0.74916,1.03322,8.0
12054,2019-11-24,,,,2019,11,24,,0.81154,-0.69666,1.06955,7.0
12055,2019-11-25,,,,2019,11,25,,0.92306,-0.58866,1.09479,7.0
12056,2019-11-26,,,,2019,11,26,,1.01008,-0.45164,1.10645,7.0
12057,2019-11-27,,,,2019,11,27,,1.09626,-0.28249,1.13207,7.0
12058,2019-11-28,,,,2019,11,28,,1.22961,-0.07448,1.23186,7.0
12059,2019-11-29,,,,2019,11,29,,1.33681,0.05578,1.33798,6.0
12060,2019-11-30,,,,2019,11,30,,1.40933,0.17488,1.42014,6.0
12061,2019-12-01,-0.73,-0.158,0.412,2019,12,1,,1.42228,0.27763,1.44912,6.0
12062,2019-12-02,,,,2019,12,2,,1.37987,0.32039,1.41658,6.0
12063,2019-12-03,,,,2019,12,3,,1.35633,0.36036,1.40339,6.0
12064,2019-12-04,,,,2019,12,4,,1.23245,0.32197,1.27381,6.0
12065,2019-12-05,,,,2019,12,5,,1.10128,0.27779,1.13577,6.0
12066,2019-12-06,,,,2019,12,6,,1.00418,0.16887,1.01828,6.0
12067,2019-12-07,,,,2019,12,7,,0.84343,0.05631,0.84531,6.0
12068,2019-12-08,,,,2019,12,8,,0.68195,0.00214,0.68196,6.0
12069,2019-12-09,,,,2019,12,9,,0.57227,-0.03178,0.57315,7.0
12070,2019-12-10,,,,2019,12,10,,0.52536,0.08621,0.53238,6.0
12071,2019-12-11,,,,2019,12,11,,0.48513,0.31018,0.57581,6.0
12072,2019-12-12,,,,2019,12,12,,0.40928,0.47817,0.62941,5.0
12073,2019-12-13,,,,2019,12,13,,0.40954,0.66938,0.78472,5.0
12074,2019-12-14,,,,2019,12,14,,0.3824,0.77509,0.86429,5.0
12075,2019-12-15,,,,2019,12,15,,0.35663,0.74349,0.8246,5.0
12076,2019-12-16,,,,2019,12,16,,0.33098,0.67261,0.74964,5.0
12077,2019-12-17,,,,2019,12,17,,0.35441,0.59808,0.6952,5.0
12078,2019-12-18,,,,2019,12,18,,0.35452,0.53273,0.63991,5.0
12079,2019-12-19,,,,2019,12,19,,0.30501,0.35294,0.46647,5.0
12080,2019-12-20,,,,2019,12,20,,0.25997,0.10781,0.28144,6.0
12081,2019-12-21,,,,2019,12,21,,0.24458,-0.06964,0.2543,7.0
12082,2019-12-22,,,,2019,12,22,,0.14132,-0.25455,0.29115,8.0
12083,2019-12-23,,,,2019,12,23,,0.04184,-0.37473,0.37706,8.0
12084,2019-12-24,,,,2019,12,24,,-0.04102,-0.38898,0.39114,1.0
12085,2019-12-25,,,,2019,12,25,,-0.03432,-0.36449,0.36611,1.0
12086,2019-12-26,,,,2019,12,26,,-0.08309,-0.35647,0.36603,1.0
12087,2019-12-27,,,,2019,12,27,,-0.17564,-0.28524,0.33498,1.0
12088,2019-12-28,,,,2019,12,28,,-0.22604,-0.12405,0.25784,2.0
12089,2019-12-29,,,,2019,12,29,,-0.25607,0.0718,0.26594,3.0
12090,2019-12-30,,,,2019,12,30,,-0.27627,0.229,0.35884,3.0
12091,2019-12-31,,,,2019,12,31,,-0.25336,0.37222,0.45026,4.0
12092,2020-01-01,0.01,-1.069,2.419,2020,1,1,,-0.25054,0.48458,0.54552,4.0
12093,2020-01-02,,,,2020,1,2,,-0.26876,0.62931,0.68429,4.0
12094,2020-01-03,,,,2020,1,3,,-0.40663,0.79343,0.89155,4.0
12095,2020-01-04,,,,2020,1,4,,-0.52165,0.94933,1.08321,4.0
12096,2020-01-05,,,,2020,1,5,,-0.56185,1.08779,1.22432,4.0
12097,2020-01-06,,,,2020,1,6,,-0.627,1.22344,1.37475,4.0
12098,2020-01-07,,,,2020,1,7,,-0.76552,1.34656,1.54895,4.0
12099,2020-01-08,,,,2020,1,8,,-0.9215,1.42872,1.70012,4.0
12100,2020-01-09,,,,2020,1,9,,-1.00309,1.48259,1.79004,4.0
12101,2020-01-10,,,,2020,1,10,,-1.09669,1.39863,1.77733,4.0
12102,2020-01-11,,,,2020,1,11,,-1.14917,1.14762,1.62408,3.0
12103,2020-01-12,,,,2020,1,12,,-1.09869,0.82806,1.37579,3.0
12104,2020-01-13,,,,2020,1,13,,-0.97713,0.45885,1.0795,3.0
12105,2020-01-14,,,,2020,1,14,,-0.82714,0.00715,0.82717,3.0
12106,2020-01-15,,,,2020,1,15,,-0.64204,-0.45243,0.78543,2.0
12107,2020-01-16,,,,2020,1,16,,-0.4118,-0.84752,0.94226,1.0
12108,2020-01-17,,,,2020,1,17,,-0.20885,-1.22886,1.24648,1.0
12109,2020-01-18,,,,2020,1,18,,-0.11146,-1.65494,1.65869,1.0
12110,2020-01-19,,,,2020,1,19,,0.04047,-1.95546,1.95588,8.0
12111,2020-01-20,,,,2020,1,20,,0.19337,-2.06474,2.07378,8.0
12112,2020-01-21,,,,2020,1,21,,0.39027,-2.11313,2.14887,8.0
12113,2020-01-22,,,,2020,1,22,,0.56571,-2.0579,2.13424,8.0
12114,2020-01-23,,,,2020,1,23,,0.71515,-1.90799,2.03761,8.0
12115,2020-01-24,,,,2020,1,24,,0.83447,-1.69061,1.88534,8.0
12116,2020-01-25,,,,2020,1,25,,0.92971,-1.44482,1.7181,8.0
12117,2020-01-26,,,,2020,1,26,,0.98488,-1.12732,1.49694,8.0
12118,2020-01-27,,,,2020,1,27,,1.09501,-0.76189,1.33399,7.0
12119,2020-01-28,,,,2020,1,28,,1.13438,-0.37199,1.19381,7.0
12120,2020-01-29,,,,2020,1,29,,1.16551,-0.01654,1.16563,7.0
12121,2020-01-30,,,,2020,1,30,,1.18873,0.31969,1.23097,6.0
12122,2020-01-31,,,,2020,1,31,,1.13559,0.57696,1.27375,6.0
12123,2020-02-01,-0.31,-1.178,3.417,2020,2,1,,1.0058,0.79101,1.27958,6.0
12124,2020-02-02,,,,2020,2,2,,0.82964,0.95661,1.26625,5.0
12125,2020-02-03,,,,2020,2,3,,0.68883,1.10676,1.30361,5.0
12126,2020-02-04,,,,2020,2,4,,0.54158,1.16187,1.2819,5.0
12127,2020-02-05,,,,2020,2,5,,0.33284,1.27083,1.31369,5.0
12128,2020-02-06,,,,2020,2,6,,0.11785,1.31224,1.31752,5.0
12129,2020-02-07,,,,2020,2,7,,-0.11697,1.2535,1.25895,4.0
12130,2020-02-08,,,,2020,2,8,,-0.32626,1.15878,1.20383,4.0
12131,2020-02-09,,,,2020,2,9,,-0.46804,1.07917,1.1763,4.0
12132,2020-02-10,,,,2020,2,10,,-0.59668,0.96553,1.13502,4.0
12133,2020-02-11,,,,2020,2,11,,-0.69956,0.76406,1.03594,4.0
12134,2020-02-12,,,,2020,2,12,,-0.83121,0.46962,0.9547,3.0
12135,2020-02-13,,,,2020,2,13,,-0.89724,0.30128,0.94647,3.0
12136,2020-02-14,,,,2020,2,14,,-0.87656,0.13565,0.887,3.0
12137,2020-02-15,,,,2020,2,15,,-0.81957,0.04369,0.82073,3.0
12138,2020-02-16,,,,2020,2,16,,-0.71705,-0.03275,0.7178,2.0
12139,2020-02-17,,,,2020,2,17,,-0.63254,-0.11781,0.64342,2.0
12140,2020-02-18,,,,2020,2,18,,-0.55995,-0.19802,0.59394,2.0
12141,2020-02-19,,,,2020,2,19,,-0.43641,-0.26478,0.51045,2.0
12142,2020-02-20,,,,2020,2,20,,-0.2438,-0.27424,0.36694,1.0
12143,2020-02-21,,,,2020,2,21,,-0.02147,-0.25463,0.25553,1.0
12144,2020-02-22,,,,2020,2,22,,0.17797,-0.26621,0.32022,8.0
12145,2020-02-23,,,,2020,2,23,,0.32377,-0.20552,0.3835,7.0
12146,2020-02-24,,,,2020,2,24,,0.55704,-0.17036,0.58251,7.0
12147,2020-02-25,,,,2020,2,25,,0.79878,-0.03636,0.79961,7.0
12148,2020-02-26,,,,2020,2,26,,1.01474,0.14028,1.02439,6.0
12149,2020-02-27,,,,2020,2,27,,1.13434,0.30273,1.17404,6.0
12150,2020-02-28,,,,2020,2,28,,1.22788,0.4792,1.31808,6.0
12151,2020-02-29,,,,2020,2,29,,1.30372,0.66677,1.46433,6.0
12152,2020-03-01,-0.75,-1.645,2.641,2020,3,1,,1.29408,0.81921,1.53158,6.0
12153,2020-03-02,,,,2020,3,2,,1.18444,0.94339,1.51422,6.0
12154,2020-03-03,,,,2020,3,3,,1.08138,1.07644,1.52581,6.0
12155,2020-03-04,,,,2020,3,4,,0.90903,1.20372,1.5084,5.0
12156,2020-03-05,,,,2020,3,5,,0.65672,1.15946,1.33253,5.0
12157,2020-03-06,,,,2020,3,6,,0.3265,1.05917,1.10835,5.0
12158,2020-03-07,,,,2020,3,7,,0.08735,1.01293,1.01669,5.0
12159,2020-03-08,,,,2020,3,8,,-0.14665,0.96924,0.98028,4.0
12160,2020-03-09,,,,2020,3,9,,-0.40615,0.88992,0.97822,4.0
12161,2020-03-10,,,,2020,3,10,,-0.52855,0.76054,0.92617,4.0
12162,2020-03-11,,,,2020,3,11,,-0.51563,0.51993,0.73226,4.0
12163,2020-03-12,,,,2020,3,12,,-0.50823,0.22453,0.55562,3.0
12164,2020-03-13,,,,2020,3,13,,-0.48531,-0.06684,0.48989,2.0
12165,2020-03-14,,,,2020,3,14,,-0.32841,-0.25574,0.41624,2.0
12166,2020-03-15,,,,2020,3,15,,-0.05271,-0.3196,0.32392,1.0
12167,2020-03-16,,,,2020,3,16,,0.18572,-0.31332,0.36423,8.0
12168,2020-03-17,,,,2020,3,17,,0.35269,-0.2691,0.44363,7.0
12169,2020-03-18,,,,2020,3,18,,0.46666,-0.17579,0.49867,7.0
12170,2020-03-19,,,,2020,3,19,,0.43218,-0.08799,0.44105,7.0
12171,2020-03-20,,,,2020,3,20,,0.33531,0.05376,0.33959,6.0
12172,2020-03-21,,,,2020,3,21,,0.27323,0.17474,0.32433,6.0
12173,2020-03-22,,,,2020,3,22,,0.2347,0.35226,0.42328,5.0
12174,2020-03-23,,,,2020,3,23,,0.18837,0.59565,0.62473,5.0
12175,2020-03-24,,,,2020,3,24,,0.11231,0.83162,0.83917,5.0
12176,2020-03-25,,,,2020,3,25,,0.07365,0.95012,0.95297,5.0
12177,2020-03-26,,,,2020,3,26,,0.06597,1.0345,1.0366,5.0
12178,2020-03-27,,,,2020,3,27,,0.04975,1.04861,1.04979,5.0
12179,2020-03-28,,,,2020,3,28,,0.06084,1.008,1.00983,5.0
12180,2020-03-29,,,,2020,3,29,,-0.05429,0.95447,0.95601,4.0
12181,2020-03-30,,,,2020,3,30,,-0.24603,0.83782,0.87319,4.0
12182,2020-03-31,,,,2020,3,31,,-0.40064,0.67784,0.78739,4.0
12183,2020-04-01,0.16,-1.375,0.928,2020,4,1,,-0.49214,0.50195,0.70296,4.0
12184,2020-04-02,,,,2020,4,2,,-0.52873,0.32625,0.62129,3.0
12185,2020-04-03,,,,2020,4,3,,-0.56615,0.28644,0.63449,3.0
12186,2020-04-04,,,,2020,4,4,,-0.56221,0.20483,0.59836,3.0
12187,2020-04-05,,,,2020,4,5,,-0.58094,0.05593,0.58362,3.0
12188,2020-04-06,,,,2020,4,6,,-0.62471,-0.08637,0.63066,2.0
12189,2020-04-07,,,,2020,4,7,,-0.54331,-0.27231,0.60773,2.0
12190,2020-04-08,,,,2020,4,8,,-0.36069,-0.34496,0.4991,2.0
12191,2020-04-09,,,,2020,4,9,,-0.25746,-0.40904,0.48332,1.0
12192,2020-04-10,,,,2020,4,10,,-0.225,-0.45618,0.50865,1.0
12193,2020-04-11,,,,2020,4,11,,-0.23637,-0.45588,0.51352,1.0
12194,2020-04-12,,,,2020,4,12,,-0.24383,-0.50631,0.56196,1.0
12195,2020-04-13,,,,2020,4,13,,-0.31881,-0.63679,0.71214,1.0
12196,2020-04-14,,,,2020,4,14,,-0.37067,-0.69851,0.79077,1.0
12197,2020-04-15,,,,2020,4,15,,-0.26852,-0.78018,0.82509,1.0
12198,2020-04-16,,,,2020,4,16,,-0.13487,-0.84264,0.85337,1.0
12199,2020-04-17,,,,2020,4,17,,0.00301,-0.87062,0.87062,8.0
12200,2020-04-18,,,,2020,4,18,,0.14391,-0.80224,0.81504,8.0
12201,2020-04-19,,,,2020,4,19,,0.31579,-0.7036,0.77121,8.0
12202,2020-04-20,,,,2020,4,20,,0.46406,-0.71832,0.85518,8.0
12203,2020-04-21,,,,2020,4,21,,0.63684,-0.65414,0.91294,8.0
12204,2020-04-22,,,,2020,4,22,,0.7915,-0.47333,0.92223,7.0
12205,2020-04-23,,,,2020,4,23,,0.96024,-0.2212,0.98539,7.0
12206,2020-04-24,,,,2020,4,24,,1.12069,0.08696,1.12406,6.0
12207,2020-04-25,,,,2020,4,25,,1.12915,0.43568,1.21029,6.0
12208,2020-04-26,,,,2020,4,26,,1.13899,0.68118,1.32714,6.0
12209,2020-04-27,,,,2020,4,27,,1.11108,0.84182,1.39397,6.0
12210,2020-04-28,,,,2020,4,28,,0.96844,0.94755,1.35489,6.0
12211,2020-04-29,,,,2020,4,29,,0.83691,1.10028,1.3824,5.0
12212,2020-04-30,,,,2020,4,30,,0.6898,1.14868,1.33988,5.0
12213,2020-05-01,0.71,-0.614,-0.027,2020,5,1,,0.62115,1.14049,1.29867,5.0
12214,2020-05-02,,,,2020,5,2,,0.55466,1.05497,1.1919,5.0
12215,2020-05-03,,,,2020,5,3,,0.45386,0.9718,1.07256,5.0
12216,2020-05-04,,,,2020,5,4,,0.42817,0.83494,0.93833,5.0
12217,2020-05-05,,,,2020,5,5,,0.3006,0.7069,0.76816,5.0
12218,2020-05-06,,,,2020,5,6,,0.24405,0.60579,0.6531,5.0
12219,2020-05-07,,,,2020,5,7,,0.26626,0.48241,0.55101,5.0
12220,2020-05-08,,,,2020,5,8,,0.32168,0.32766,0.45917,5.0
12221,2020-05-09,,,,2020,5,9,,0.37803,0.19213,0.42406,6.0
12222,2020-05-10,,,,2020,5,10,,0.45388,0.12441,0.47063,6.0
12223,2020-05-11,,,,2020,5,11,,0.58644,0.07457,0.59116,6.0
12224,2020-05-12,,,,2020,5,12,,0.73257,0.08292,0.73724,6.0
12225,2020-05-13,,,,2020,5,13,,0.9513,0.15662,0.96411,6.0
12226,2020-05-14,,,,2020,5,14,,1.17883,0.33341,1.22507,6.0
12227,2020-05-15,,,,2020,5,15,,1.23332,0.50029,1.33093,6.0
12228,2020-05-16,,,,2020,5,16,,1.21697,0.67747,1.39283,6.0
12229,2020-05-17,,,,2020,5,17,,1.15828,0.81703,1.41745,6.0
12230,2020-05-18,,,,2020,5,18,,1.00384,0.96095,1.38965,6.0
12231,2020-05-19,,,,2020,5,19,,0.77763,1.00497,1.27069,5.0
12232,2020-05-20,,,,2020,5,20,,0.57225,1.02412,1.17316,5.0
12233,2020-05-21,,,,2020,5,21,,0.36477,0.9299,0.99889,5.0
12234,2020-05-22,,,,2020,5,22,,0.06368,0.76161,0.76427,5.0
12235,2020-05-23,,,,2020,5,23,,-0.19278,0.52869,0.56274,4.0
12236,2020-05-24,,,,2020,5,24,,-0.31204,0.31804,0.44556,4.0
12237,2020-05-25,,,,2020,5,25,,-0.35877,0.12773,0.38083,3.0
12238,2020-05-26,,,,2020,5,26,,-0.491,-0.07766,0.49711,2.0
12239,2020-05-27,,,,2020,5,27,,-0.51042,-0.32743,0.60642,2.0
12240,2020-05-28,,,,2020,5,28,,-0.42137,-0.50066,0.65438,1.0
12241,2020-05-29,,,,2020,5,29,,-0.42526,-0.65438,0.78042,1.0
12242,2020-05-30,,,,2020,5,30,,-0.4376,-0.76519,0.88149,1.0
12243,2020-05-31,,,,2020,5,31,,-0.38514,-0.81951,0.9055,1.0
12244,2020-06-01,-1.36,-0.987,-0.122,2020,6,1,,-0.32523,-0.82327,0.88518,1.0
12245,2020-06-02,,,,2020,6,2,,-0.24206,-0.78872,0.82503,1.0
12246,2020-06-03,,,,2020,6,3,,-0.18539,-0.7184,0.74194,1.0
12247,2020-06-04,,,,2020,6,4,,-0.11025,-0.55263,0.56352,1.0
12248,2020-06-05,,,,2020,6,5,,-0.14993,-0.33524,0.36723,1.0
12249,2020-06-06,,,,2020,6,6,,-0.23169,-0.14972,0.27586,2.0
12250,2020-06-07,,,,2020,6,7,,-0.18581,-0.03766,0.18959,2.0
12251,2020-06-08,,,,2020,6,8,,-0.21492,0.07316,0.22703,3.0
12252,2020-06-09,,,,2020,6,9,,-0.27309,0.17864,0.32633,3.0
12253,2020-06-10,,,,2020,6,10,,-0.34093,0.27558,0.43838,3.0
12254,2020-06-11,,,,2020,6,11,,-0.34189,0.32098,0.46895,3.0
12255,2020-06-12,,,,2020,6,12,,-0.26302,0.30209,0.40054,4.0
12256,2020-06-13,,,,2020,6,13,,-0.15513,0.22635,0.27441,4.0
12257,2020-06-14,,,,2020,6,14,,0.01727,0.09812,0.09963,5.0
12258,2020-06-15,,,,2020,6,15,,0.19687,-0.05609,0.2047,7.0
12259,2020-06-16,,,,2020,6,16,,0.29402,-0.13636,0.3241,7.0
12260,2020-06-17,,,,2020,6,17,,0.44019,-0.19513,0.4815,7.0
12261,2020-06-18,,,,2020,6,18,,0.57281,-0.22908,0.61692,7.0
12262,2020-06-19,,,,2020,6,19,,0.67882,-0.33482,0.7569,7.0
12263,2020-06-20,,,,2020,6,20,,0.73026,-0.39179,0.82872,7.0
12264,2020-06-21,,,,2020,6,21,,0.67157,-0.36218,0.76301,7.0
12265,2020-06-22,,,,2020,6,22,,0.60215,-0.27033,0.66005,7.0
12266,2020-06-23,,,,2020,6,23,,0.48231,-0.20043,0.5223,7.0
12267,2020-06-24,,,,2020,6,24,,0.30047,-0.07758,0.31033,7.0
12268,2020-06-25,,,,2020,6,25,,0.15261,0.08751,0.17592,6.0
12269,2020-06-26,,,,2020,6,26,,0.01409,0.17407,0.17464,5.0
12270,2020-06-27,,,,2020,6,27,,-0.06391,0.16647,0.17832,4.0
12271,2020-06-28,,,,2020,6,28,,-0.15166,0.19578,0.24765,4.0
12272,2020-06-29,,,,2020,6,29,,-0.24379,0.18667,0.30705,3.0
12273,2020-06-30,,,,2020,6,30,,-0.23025,0.10084,0.25137,3.0
12274,2020-07-01,0.44,-0.994,-0.412,2020,7,1,,-0.12366,-0.0398,0.12991,2.0
12275,2020-07-02,,,,2020,7,2,,0.06062,-0.14974,0.16154,8.0
12276,2020-07-03,,,,2020,7,3,,0.25176,-0.20849,0.32688,7.0
12277,2020-07-04,,,,2020,7,4,,0.42346,-0.29002,0.51325,7.0
12278,2020-07-05,,,,2020,7,5,,0.56635,-0.34154,0.66137,7.0
12279,2020-07-06,,,,2020,7,6,,0.57541,-0.29426,0.64629,7.0
12280,2020-07-07,,,,2020,7,7,,0.5967,-0.18102,0.62356,7.0
12281,2020-07-08,,,,2020,7,8,,0.66551,-0.07878,0.67016,7.0
12282,2020-07-09,,,,2020,7,9,,0.6862,0.01311,0.68633,6.0
12283,2020-07-10,,,,2020,7,10,,0.69366,0.09132,0.69965,6.0
12284,2020-07-11,,,,2020,7,11,,0.6687,0.14577,0.68441,6.0
12285,2020-07-12,,,,2020,7,12,,0.68994,0.16765,0.71002,6.0
12286,2020-07-13,,,,2020,7,13,,0.67791,0.06613,0.68113,6.0
12287,2020-07-14,,,,2020,7,14,,0.67177,-0.03585,0.67273,7.0
12288,2020-07-15,,,,2020,7,15,,0.65638,-0.25332,0.70357,7.0
12289,2020-07-16,,,,2020,7,16,,0.63489,-0.4555,0.78139,7.0
12290,2020-07-17,,,,2020,7,17,,0.61871,-0.63152,0.88409,8.0
12291,2020-07-18,,,,2020,7,18,,0.64035,-0.73239,0.97286,8.0
12292,2020-07-19,,,,2020,7,19,,0.5991,-0.69387,0.91672,8.0
12293,2020-07-20,,,,2020,7,20,,0.53651,-0.62515,0.8238,8.0
12294,2020-07-21,,,,2020,7,21,,0.52867,-0.61192,0.80866,8.0
12295,2020-07-22,,,,2020,7,22,,0.56588,-0.50185,0.75636,7.0
12296,2020-07-23,,,,2020,7,23,,0.46895,-0.32178,0.56874,7.0
12297,2020-07-24,,,,2020,7,24,,0.41021,-0.01869,0.41064,7.0
12298,2020-07-25,,,,2020,7,25,,0.29911,0.20955,0.36521,6.0
12299,2020-07-26,,,,2020,7,26,,0.04915,0.43781,0.44056,5.0
12300,2020-07-27,,,,2020,7,27,,-0.29087,0.60069,0.66741,4.0
12301,2020-07-28,,,,2020,7,28,,-0.49958,0.72809,0.88301,4.0
12302,2020-07-29,,,,2020,7,29,,-0.67338,0.85463,1.08804,4.0
12303,2020-07-30,,,,2020,7,30,,-0.92801,0.95901,1.33451,4.0
12304,2020-07-31,,,,2020,7,31,,-1.16209,1.08457,1.58957,3.0
12305,2020-08-01,0.85,-1.322,-0.381,2020,8,1,,-1.23151,1.15891,1.69106,3.0
12306,2020-08-02,,,,2020,8,2,,-1.30073,1.1102,1.7101,3.0
12307,2020-08-03,,,,2020,8,3,,-1.3763,1.0216,1.71402,3.0
12308,2020-08-04,,,,2020,8,4,,-1.2693,0.96397,1.59385,3.0
12309,2020-08-05,,,,2020,8,5,,-1.1482,0.84728,1.42697,3.0
12310,2020-08-06,,,,2020,8,6,,-1.1672,0.59673,1.3109,3.0
12311,2020-08-07,,,,2020,8,7,,-1.15782,0.33527,1.20539,3.0
12312,2020-08-08,,,,2020,8,8,,-1.18572,0.21808,1.20561,3.0
12313,2020-08-09,,,,2020,8,9,,-1.20704,0.0665,1.20887,3.0
12314,2020-08-10,,,,2020,8,10,,-1.19282,-0.08219,1.19565,2.0
12315,2020-08-11,,,,2020,8,11,,-1.09802,-0.22868,1.12158,2.0
12316,2020-08-12,,,,2020,8,12,,-0.98238,-0.34391,1.04084,2.0
12317,2020-08-13,,,,2020,8,13,,-0.99098,-0.52385,1.12092,2.0
12318,2020-08-14,,,,2020,8,14,,-0.99107,-0.6193,1.16865,2.0
12319,2020-08-15,,,,2020,8,15,,-0.90466,-0.66341,1.12184,2.0
12320,2020-08-16,,,,2020,8,16,,-0.81939,-0.73907,1.10346,2.0
12321,2020-08-17,,,,2020,8,17,,-0.67618,-0.95597,1.17093,1.0
12322,2020-08-18,,,,2020,8,18,,-0.51104,-1.13893,1.24833,1.0
12323,2020-08-19,,,,2020,8,19,,-0.40103,-1.27281,1.33449,1.0
12324,2020-08-20,,,,2020,8,20,,-0.25558,-1.36123,1.38502,1.0
12325,2020-08-21,,,,2020,8,21,,-0.03203,-1.43666,1.43701,1.0
12326,2020-08-22,,,,2020,8,22,,0.23018,-1.48449,1.50223,8.0
12327,2020-08-23,,,,2020,8,23,,0.49192,-1.57645,1.65142,8.0
12328,2020-08-24,,,,2020,8,24,,0.72948,-1.55416,1.71685,8.0
12329,2020-08-25,,,,2020,8,25,,0.90316,-1.42965,1.69103,8.0
12330,2020-08-26,,,,2020,8,26,,0.98838,-1.27755,1.61524,8.0
12331,2020-08-27,,,,2020,8,27,,1.04979,-1.06249,1.49364,8.0
12332,2020-08-28,,,,2020,8,28,,1.15266,-0.82198,1.41572,7.0
12333,2020-08-29,,,,2020,8,29,,1.19043,-0.52117,1.29952,7.0
12334,2020-08-30,,,,2020,8,30,,1.22175,-0.32219,1.26352,7.0
12335,2020-08-31,,,,2020,8,31,,1.30225,-0.1894,1.31595,7.0
12336,2020-09-01,0.98,-1.139,0.631,2020,9,1,,1.43772,0.01041,1.43776,6.0
12337,2020-09-02,,,,2020,9,2,,1.51267,0.14762,1.51986,6.0
12338,2020-09-03,,,,2020,9,3,,1.48629,0.26493,1.50972,6.0
12339,2020-09-04,,,,2020,9,4,,1.46801,0.38317,1.51719,6.0
12340,2020-09-05,,,,2020,9,5,,1.42203,0.46745,1.49689,6.0
12341,2020-09-06,,,,2020,9,6,,1.33745,0.51342,1.43261,6.0
12342,2020-09-07,,,,2020,9,7,,1.234,0.55211,1.35188,6.0
12343,2020-09-08,,,,2020,9,8,,0.97825,0.63141,1.16433,6.0
12344,2020-09-09,,,,2020,9,9,,0.68554,0.82825,1.07516,5.0
12345,2020-09-10,,,,2020,9,10,,0.34022,0.94679,1.00606,5.0
12346,2020-09-11,,,,2020,9,11,,-0.0035,1.02549,1.02549,4.0
12347,2020-09-12,,,,2020,9,12,,-0.29104,1.09466,1.13269,4.0
12348,2020-09-13,,,,2020,9,13,,-0.49827,1.17387,1.27524,4.0
12349,2020-09-14,,,,2020,9,14,,-0.65877,1.20418,1.3726,4.0
12350,2020-09-15,,,,2020,9,15,,-0.80712,1.18665,1.43512,4.0
12351,2020-09-16,,,,2020,9,16,,-0.89779,1.08891,1.41129,4.0
12352,2020-09-17,,,,2020,9,17,,-0.88565,0.99574,1.33262,4.0
12353,2020-09-18,,,,2020,9,18,,-0.88396,0.83319,1.21474,3.0
12354,2020-09-19,,,,2020,9,19,,-0.87569,0.78177,1.17388,3.0
12355,2020-09-20,,,,2020,9,20,,-0.85936,0.75466,1.14369,3.0
12356,2020-09-21,,,,2020,9,21,,-0.77056,0.71074,1.04829,3.0
12357,2020-09-22,,,,2020,9,22,,-0.65037,0.67078,0.93431,4.0
12358,2020-09-23,,,,2020,9,23,,-0.56296,0.61179,0.83139,4.0
12359,2020-09-24,,,,2020,9,24,,-0.57898,0.57873,0.81863,3.0
12360,2020-09-25,,,,2020,9,25,,-0.64689,0.52924,0.8358,3.0
12361,2020-09-26,,,,2020,9,26,,-0.63945,0.45884,0.78704,3.0
12362,2020-09-27,,,,2020,9,27,,-0.63398,0.46661,0.78719,3.0
12363,2020-09-28,,,,2020,9,28,,-0.56129,0.47606,0.73599,3.0
12364,2020-09-29,,,,2020,9,29,,-0.43938,0.51907,0.68007,4.0
12365,2020-09-30,,,,2020,9,30,,-0.32848,0.50292,0.60069,4.0
12366,2020-10-01,0.27,-0.751,-0.071,2020,10,1,,-0.36898,0.38866,0.53591,4.0
12367,2020-10-02,,,,2020,10,2,,-0.464,0.28232,0.54314,3.0
12368,2020-10-03,,,,2020,10,3,,-0.53944,0.28799,0.6115,3.0
12369,2020-10-04,,,,2020,10,4,,-0.54195,0.42706,0.68999,3.0
12370,2020-10-05,,,,2020,10,5,,-0.55112,0.69142,0.88419,4.0
12371,2020-10-06,,,,2020,10,6,,-0.55007,0.90236,1.05681,4.0
12372,2020-10-07,,,,2020,10,7,,-0.59954,0.97004,1.14036,4.0
12373,2020-10-08,,,,2020,10,8,,-0.70498,0.97609,1.20406,4.0
12374,2020-10-09,,,,2020,10,9,,-0.86882,0.9709,1.30288,4.0
12375,2020-10-10,,,,2020,10,10,,-0.97497,1.02843,1.41712,4.0
12376,2020-10-11,,,,2020,10,11,,-1.0302,1.04151,1.46494,4.0
12377,2020-10-12,,,,2020,10,12,,-0.99469,0.95413,1.37832,3.0
12378,2020-10-13,,,,2020,10,13,,-0.97998,0.78836,1.25773,3.0
12379,2020-10-14,,,,2020,10,14,,-0.9769,0.55969,1.12588,3.0
12380,2020-10-15,,,,2020,10,15,,-0.98246,0.26916,1.01866,3.0
12381,2020-10-16,,,,2020,10,16,,-1.00875,0.04246,1.00964,3.0
12382,2020-10-17,,,,2020,10,17,,-1.05306,-0.06953,1.05536,2.0
12383,2020-10-18,,,,2020,10,18,,-0.97793,-0.13546,0.98727,2.0
12384,2020-10-19,,,,2020,10,19,,-0.92165,-0.23037,0.95001,2.0
12385,2020-10-20,,,,2020,10,20,,-0.86725,-0.26851,0.90787,2.0
12386,2020-10-21,,,,2020,10,21,,-0.81762,-0.35229,0.89028,2.0
12387,2020-10-22,,,,2020,10,22,,-0.81001,-0.40832,0.9071,2.0
12388,2020-10-23,,,,2020,10,23,,-0.76691,-0.50619,0.91891,2.0
12389,2020-10-24,,,,2020,10,24,,-0.66927,-0.50818,0.84034,2.0
12390,2020-10-25,,,,2020,10,25,,-0.59151,-0.47482,0.75852,2.0
12391,2020-10-26,,,,2020,10,26,,-0.47235,-0.60823,0.7701,1.0
12392,2020-10-27,,,,2020,10,27,,-0.48015,-0.74423,0.88567,1.0
12393,2020-10-28,,,,2020,10,28,,-0.4969,-0.80062,0.94228,1.0
12394,2020-10-29,,,,2020,10,29,,-0.53593,-0.86142,1.01453,1.0
12395,2020-10-30,,,,2020,10,30,,-0.55538,-0.86825,1.03068,1.0
12396,2020-10-31,,,,2020,10,31,,-0.50304,-0.93589,1.06251,1.0
12397,2020-11-01,0.85,-1.768,2.086,2020,11,1,,-0.41718,-0.90934,1.00047,1.0
12398,2020-11-02,,,,2020,11,2,,-0.33778,-0.96483,1.02225,1.0
12399,2020-11-03,,,,2020,11,3,,-0.25595,-0.98804,1.02065,1.0
12400,2020-11-04,,,,2020,11,4,,-0.18583,-0.8957,0.91477,1.0
12401,2020-11-05,,,,2020,11,5,,-0.04811,-0.83918,0.84055,1.0
12402,2020-11-06,,,,2020,11,6,,0.13336,-0.83457,0.84516,8.0
12403,2020-11-07,,,,2020,11,7,,0.37686,-0.8441,0.92441,8.0
12404,2020-11-08,,,,2020,11,8,,0.74304,-0.84336,1.124,8.0
12405,2020-11-09,,,,2020,11,9,,1.17779,-0.81672,1.43325,7.0
12406,2020-11-10,,,,2020,11,10,,1.51946,-0.80238,1.7183,7.0
12407,2020-11-11,,,,2020,11,11,,1.71582,-0.85977,1.91918,7.0
12408,2020-11-12,,,,2020,11,12,,1.85319,-1.00266,2.10705,7.0
12409,2020-11-13,,,,2020,11,13,,2.02029,-1.22068,2.36043,7.0
12410,2020-11-14,,,,2020,11,14,,2.07413,-1.37242,2.48708,7.0
12411,2020-11-15,,,,2020,11,15,,2.06642,-1.39275,2.49195,7.0
12412,2020-11-16,,,,2020,11,16,,2.00597,-1.32633,2.4048,7.0
12413,2020-11-17,,,,2020,11,17,,1.79934,-1.14706,2.13386,7.0
12414,2020-11-18,,,,2020,11,18,,1.52375,-0.84756,1.7436,7.0
12415,2020-11-19,,,,2020,11,19,,1.29446,-0.49489,1.38583,7.0
12416,2020-11-20,,,,2020,11,20,,1.02547,-0.08001,1.02859,7.0
12417,2020-11-21,,,,2020,11,21,,0.65392,0.2781,0.7106,6.0
12418,2020-11-22,,,,2020,11,22,,0.23145,0.47705,0.53023,5.0
12419,2020-11-23,,,,2020,11,23,,-0.09503,0.59396,0.60151,4.0
12420,2020-11-24,,,,2020,11,24,,-0.38567,0.62791,0.7369,4.0
12421,2020-11-25,,,,2020,11,25,,-0.67318,0.61209,0.90985,3.0
12422,2020-11-26,,,,2020,11,26,,-0.86155,0.56878,1.03236,3.0
12423,2020-11-27,,,,2020,11,27,,-0.99285,0.54982,1.13492,3.0
12424,2020-11-28,,,,2020,11,28,,-1.06678,0.52186,1.18758,3.0
12425,2020-11-29,,,,2020,11,29,,-1.07835,0.48893,1.18401,3.0
12426,2020-11-30,,,,2020,11,30,,-0.97723,0.46358,1.08161,3.0
12427,2020-12-01,1.76,-1.236,-1.736,2020,12,1,,-0.86503,0.5035,1.00089,3.0
12428,2020-12-02,,,,2020,12,2,,-0.75251,0.56479,0.94088,3.0
12429,2020-12-03,,,,2020,12,3,,-0.60569,0.56385,0.82752,3.0
12430,2020-12-04,,,,2020,12,4,,-0.43551,0.49587,0.65997,4.0
12431,2020-12-05,,,,2020,12,5,,-0.25667,0.40113,0.47622,4.0
12432,2020-12-06,,,,2020,12,6,,-0.13797,0.28202,0.31397,4.0
12433,2020-12-07,,,,2020,12,7,,-0.02737,0.20707,0.20887,4.0
12434,2020-12-08,,,,2020,12,8,,0.10113,0.17006,0.19785,5.0
12435,2020-12-09,,,,2020,12,9,,0.15042,0.18966,0.24206,5.0
12436,2020-12-10,,,,2020,12,10,,0.04575,0.26565,0.26956,5.0
12437,2020-12-11,,,,2020,12,11,,-0.08858,0.35356,0.36449,4.0
12438,2020-12-12,,,,2020,12,12,,-0.16298,0.49876,0.52472,4.0
12439,2020-12-13,,,,2020,12,13,,-0.229,0.67808,0.71571,4.0
12440,2020-12-14,,,,2020,12,14,,-0.32652,0.90154,0.95885,4.0
12441,2020-12-15,,,,2020,12,15,,-0.40592,1.1518,1.22123,4.0
12442,2020-12-16,,,,2020,12,16,,-0.46541,1.26568,1.34853,4.0
12443,2020-12-17,,,,2020,12,17,,-0.54615,1.2515,1.36548,4.0
12444,2020-12-18,,,,2020,12,18,,-0.57088,1.15281,1.28642,4.0
12445,2020-12-19,,,,2020,12,19,,-0.48937,0.90881,1.03219,4.0
12446,2020-12-20,,,,2020,12,20,,-0.40044,0.64984,0.76331,4.0
12447,2020-12-21,,,,2020,12,21,,-0.33887,0.3881,0.51523,4.0
12448,2020-12-22,,,,2020,12,22,,-0.28411,0.13603,0.315,3.0
12449,2020-12-23,,,,2020,12,23,,-0.25639,-0.11454,0.28081,2.0
12450,2020-12-24,,,,2020,12,24,,-0.2001,-0.28642,0.3494,1.0
12451,2020-12-25,,,,2020,12,25,,-0.16191,-0.31387,0.35317,1.0
12452,2020-12-26,,,,2020,12,26,,-0.12242,-0.29657,0.32084,1.0
12453,2020-12-27,,,,2020,12,27,,-0.0306,-0.29467,0.29626,1.0
12454,2020-12-28,,,,2020,12,28,,0.08169,-0.18561,0.20279,8.0
12455,2020-12-29,,,,2020,12,29,,0.22133,-0.03775,0.22453,7.0
12456,2020-12-30,,,,2020,12,30,,0.36848,0.08888,0.37905,6.0
12457,2020-12-31,,,,2020,12,31,,0.5445,0.19953,0.57991,6.0
12458,2021-01-01,1.64,-0.75,-2.484,2021,1,1,,0.7108,0.25784,0.75612,6.0
12459,2021-01-02,,,,2021,1,2,,0.84745,0.28591,0.89438,6.0
12460,2021-01-03,,,,2021,1,3,,0.9656,0.3155,1.01584,6.0
12461,2021-01-04,,,,2021,1,4,,1.07283,0.36396,1.13289,6.0
12462,2021-01-05,,,,2021,1,5,,1.15069,0.449,1.23519,6.0
12463,2021-01-06,,,,2021,1,6,,1.20465,0.51739,1.31105,6.0
12464,2021-01-07,,,,2021,1,7,,1.19617,0.54398,1.31406,6.0
12465,2021-01-08,,,,2021,1,8,,1.15265,0.53421,1.27042,6.0
12466,2021-01-09,,,,2021,1,9,,1.12831,0.54504,1.25305,6.0
12467,2021-01-10,,,,2021,1,10,,1.10881,0.64939,1.28498,6.0
12468,2021-01-11,,,,2021,1,11,,0.9822,0.74982,1.2357,6.0
12469,2021-01-12,,,,2021,1,12,,0.78055,0.80944,1.12448,5.0
12470,2021-01-13,,,,2021,1,13,,0.63041,0.87656,1.07971,5.0
12471,2021-01-14,,,,2021,1,14,,0.46679,0.92391,1.03513,5.0
12472,2021-01-15,,,,2021,1,15,,0.29834,0.93135,0.97797,5.0
12473,2021-01-16,,,,2021,1,16,,0.19423,0.90615,0.92673,5.0
12474,2021-01-17,,,,2021,1,17,,0.11026,0.84929,0.85642,5.0
12475,2021-01-18,,,,2021,1,18,,-0.02076,0.74799,0.74828,4.0
12476,2021-01-19,,,,2021,1,19,,-0.14547,0.62832,0.64494,4.0
12477,2021-01-20,,,,2021,1,20,,-0.13343,0.48745,0.50538,4.0
12478,2021-01-21,,,,2021,1,21,,-0.10554,0.33662,0.35278,4.0
12479,2021-01-22,,,,2021,1,22,,-0.1393,0.19464,0.23935,4.0
12480,2021-01-23,,,,2021,1,23,,-0.23698,0.10102,0.25761,3.0
12481,2021-01-24,,,,2021,1,24,,-0.34051,0.0666,0.34696,3.0
12482,2021-01-25,,,,2021,1,25,,-0.50775,0.14081,0.52691,3.0
12483,2021-01-26,,,,2021,1,26,,-0.62201,0.26776,0.67719,3.0
12484,2021-01-27,,,,2021,1,27,,-0.71886,0.37349,0.81009,3.0
12485,2021-01-28,,,,2021,1,28,,-0.7562,0.43465,0.87221,3.0
12486,2021-01-29,,,,2021,1,29,,-0.88721,0.43226,0.98692,3.0
12487,2021-01-30,,,,2021,1,30,,-1.02243,0.44996,1.11706,3.0
12488,2021-01-31,,,,2021,1,31,,-1.17409,0.40809,1.24299,3.0
12489,2021-02-01,1.02,-1.111,-1.191,2021,2,1,,-1.29753,0.28742,1.32898,3.0
12490,2021-02-02,,,,2021,2,2,,-1.36118,0.10443,1.36518,3.0
12491,2021-02-03,,,,2021,2,3,,-1.35461,-0.13786,1.36161,2.0
12492,2021-02-04,,,,2021,2,4,,-1.35787,-0.37226,1.40797,2.0
12493,2021-02-05,,,,2021,2,5,,-1.31251,-0.61736,1.45045,2.0
12494,2021-02-06,,,,2021,2,6,,-1.26294,-0.87885,1.53863,2.0
12495,2021-02-07,,,,2021,2,7,,-1.16321,-1.08729,1.59225,2.0
12496,2021-02-08,,,,2021,2,8,,-1.08412,-1.25802,1.6607,1.0
12497,2021-02-09,,,,2021,2,9,,-1.04772,-1.30359,1.67244,1.0
12498,2021-02-10,,,,2021,2,10,,-0.9828,-1.31002,1.6377,1.0
12499,2021-02-11,,,,2021,2,11,,-0.88424,-1.27878,1.55472,1.0
12500,2021-02-12,,,,2021,2,12,,-0.79548,-1.25928,1.48949,1.0
12501,2021-02-13,,,,2021,2,13,,-0.7689,-1.27639,1.4901,1.0
12502,2021-02-14,,,,2021,2,14,,-0.7488,-1.27106,1.47523,1.0
12503,2021-02-15,,,,2021,2,15,,-0.70538,-1.21393,1.40399,1.0
12504,2021-02-16,,,,2021,2,16,,-0.6691,-1.21335,1.38561,1.0
12505,2021-02-17,,,,2021,2,17,,-0.64792,-1.27603,1.4311,1.0
12506,2021-02-18,,,,2021,2,18,,-0.52799,-1.3167,1.41862,1.0
12507,2021-02-19,,,,2021,2,19,,-0.37956,-1.22431,1.28179,1.0
12508,2021-02-20,,,,2021,2,20,,-0.31046,-1.09731,1.14038,1.0
12509,2021-02-21,,,,2021,2,21,,-0.29232,-1.00121,1.04301,1.0
12510,2021-02-22,,,,2021,2,22,,-0.17317,-0.91623,0.93245,1.0
12511,2021-02-23,,,,2021,2,23,,-0.00109,-0.80073,0.80073,1.0
12512,2021-02-24,,,,2021,2,24,,0.04684,-0.69157,0.69316,8.0
12513,2021-02-25,,,,2021,2,25,,0.04039,-0.48672,0.48839,8.0
12514,2021-02-26,,,,2021,2,26,,-0.02183,-0.18166,0.18296,1.0
12515,2021-02-27,,,,2021,2,27,,-0.18477,0.06335,0.19533,3.0
12516,2021-02-28,,,,2021,2,28,,-0.31616,0.09169,0.32919,3.0
12517,2021-03-01,-0.2,-1.601,2.109,2021,3,1,,-0.31396,0.00359,0.31398,3.0
12518,2021-03-02,,,,2021,3,2,,-0.26579,-0.03695,0.26835,2.0
12519,2021-03-03,,,,2021,3,3,,-0.27355,0.02241,0.27446,3.0
12520,2021-03-04,,,,2021,3,4,,-0.31834,0.07918,0.32804,3.0
12521,2021-03-05,,,,2021,3,5,,-0.25588,0.1313,0.2876,3.0
12522,2021-03-06,,,,2021,3,6,,-0.155,0.16452,0.22603,4.0
12523,2021-03-07,,,,2021,3,7,,-0.06571,0.09534,0.11579,4.0
12524,2021-03-08,,,,2021,3,8,,0.0348,-0.09276,0.09907,8.0
12525,2021-03-09,,,,2021,3,9,,0.06036,-0.19844,0.20742,8.0
12526,2021-03-10,,,,2021,3,10,,0.0451,-0.17887,0.18446,8.0
12527,2021-03-11,,,,2021,3,11,,0.04223,-0.23126,0.23508,8.0
12528,2021-03-12,,,,2021,3,12,,0.06606,-0.41363,0.41887,8.0
12529,2021-03-13,,,,2021,3,13,,0.14989,-0.60234,0.62071,8.0
12530,2021-03-14,,,,2021,3,14,,0.25604,-0.72668,0.77047,8.0
12531,2021-03-15,,,,2021,3,15,,0.45211,-0.79407,0.91375,8.0
12532,2021-03-16,,,,2021,3,16,,0.65485,-0.76861,1.00975,8.0
12533,2021-03-17,,,,2021,3,17,,0.75731,-0.66981,1.01103,7.0
12534,2021-03-18,,,,2021,3,18,,0.88331,-0.54125,1.03595,7.0
12535,2021-03-19,,,,2021,3,19,,0.9925,-0.35705,1.05478,7.0
12536,2021-03-20,,,,2021,3,20,,1.09314,-0.20579,1.11235,7.0
12537,2021-03-21,,,,2021,3,21,,1.16063,-0.03793,1.16125,7.0
12538,2021-03-22,,,,2021,3,22,,1.22297,0.21316,1.24141,6.0
12539,2021-03-23,,,,2021,3,23,,1.26361,0.45892,1.34436,6.0
12540,2021-03-24,,,,2021,3,24,,1.28104,0.63281,1.42881,6.0
12541,2021-03-25,,,,2021,3,25,,1.34887,0.75468,1.54564,6.0
12542,2021-03-26,,,,2021,3,26,,1.39124,0.89182,1.65254,6.0
12543,2021-03-27,,,,2021,3,27,,1.38832,0.99409,1.70753,6.0
12544,2021-03-28,,,,2021,3,28,,1.33948,1.05705,1.70633,6.0
12545,2021-03-29,,,,2021,3,29,,1.21234,1.24394,1.737,5.0
12546,2021-03-30,,,,2021,3,30,,1.08015,1.42193,1.78567,5.0
12547,2021-03-31,,,,2021,3,31,,0.85785,1.46061,1.6939,5.0
12548,2021-04-01,0.3,-1.469,-0.204,2021,4,1,,0.61107,1.3884,1.51692,5.0
12549,2021-04-02,,,,2021,4,2,,0.33233,1.27149,1.31421,5.0
12550,2021-04-03,,,,2021,4,3,,-0.0476,1.2556,1.2565,4.0
12551,2021-04-04,,,,2021,4,4,,-0.38949,1.17226,1.23527,4.0
12552,2021-04-05,,,,2021,4,5,,-0.72676,1.01134,1.24539,4.0
12553,2021-04-06,,,,2021,4,6,,-1.03124,0.79123,1.29981,3.0
12554,2021-04-07,,,,2021,4,7,,-1.15755,0.51502,1.26695,3.0
12555,2021-04-08,,,,2021,4,8,,-1.22002,0.26485,1.24843,3.0
12556,2021-04-09,,,,2021,4,9,,-1.19059,0.0399,1.19125,3.0
12557,2021-04-10,,,,2021,4,10,,-1.14901,-0.14631,1.15829,2.0
12558,2021-04-11,,,,2021,4,11,,-1.10911,-0.19309,1.12579,2.0
12559,2021-04-12,,,,2021,4,12,,-0.98429,-0.27969,1.02325,2.0
12560,2021-04-13,,,,2021,4,13,,-0.86174,-0.40803,0.95346,2.0
12561,2021-04-14,,,,2021,4,14,,-0.70707,-0.47966,0.85442,2.0
12562,2021-04-15,,,,2021,4,15,,-0.63725,-0.59438,0.87142,2.0
12563,2021-04-16,,,,2021,4,16,,-0.66856,-0.75453,1.00812,1.0
12564,2021-04-17,,,,2021,4,17,,-0.7632,-0.9895,1.24964,1.0
12565,2021-04-18,,,,2021,4,18,,-0.88893,-1.1469,1.45106,1.0
12566,2021-04-19,,,,2021,4,19,,-0.99112,-1.24748,1.59328,1.0
12567,2021-04-20,,,,2021,4,20,,-1.11944,-1.37453,1.77271,1.0
12568,2021-04-21,,,,2021,4,21,,-1.25353,-1.49689,1.95244,1.0
12569,2021-04-22,,,,2021,4,22,,-1.36943,-1.58271,2.09292,1.0
12570,2021-04-23,,,,2021,4,23,,-1.46583,-1.66766,2.22031,1.0
12571,2021-04-24,,,,2021,4,24,,-1.45627,-1.69847,2.23731,1.0
12572,2021-04-25,,,,2021,4,25,,-1.41049,-1.68024,2.19378,1.0
12573,2021-04-26,,,,2021,4,26,,-1.26665,-1.68046,2.10436,1.0
12574,2021-04-27,,,,2021,4,27,,-1.07011,-1.78364,2.08003,1.0
12575,2021-04-28,,,,2021,4,28,,-0.81895,-1.87244,2.0437,1.0
12576,2021-04-29,,,,2021,4,29,,-0.40622,-1.99276,2.03375,1.0
12577,2021-04-30,,,,2021,4,30,,0.05425,-1.99791,1.99864,8.0
12578,2021-05-01,0.49,-1.725,-0.161,2021,5,1,,0.49629,-1.91481,1.97808,8.0
12579,2021-05-02,,,,2021,5,2,,0.84197,-1.75991,1.95095,8.0
12580,2021-05-03,,,,2021,5,3,,1.0851,-1.58454,1.92047,8.0
12581,2021-05-04,,,,2021,5,4,,1.27836,-1.46106,1.94137,8.0
12582,2021-05-05,,,,2021,5,5,,1.38911,-1.2556,1.87248,7.0
12583,2021-05-06,,,,2021,5,6,,1.45152,-1.03615,1.7834,7.0
12584,2021-05-07,,,,2021,5,7,,1.51661,-0.86729,1.74708,7.0
12585,2021-05-08,,,,2021,5,8,,1.52831,-0.75151,1.70309,7.0
12586,2021-05-09,,,,2021,5,9,,1.53818,-0.72376,1.69995,7.0
12587,2021-05-10,,,,2021,5,10,,1.51104,-0.65964,1.64874,7.0
12588,2021-05-11,,,,2021,5,11,,1.50828,-0.57451,1.61399,7.0
12589,2021-05-12,,,,2021,5,12,,1.49334,-0.4369,1.55594,7.0
12590,2021-05-13,,,,2021,5,13,,1.49942,-0.2185,1.51526,7.0
12591,2021-05-14,,,,2021,5,14,,1.47454,0.03704,1.475,6.0
12592,2021-05-15,,,,2021,5,15,,1.35042,0.37606,1.40181,6.0
12593,2021-05-16,,,,2021,5,16,,1.08132,0.79031,1.33935,6.0
12594,2021-05-17,,,,2021,5,17,,0.76098,1.24262,1.45712,5.0
12595,2021-05-18,,,,2021,5,18,,0.3987,1.6244,1.67261,5.0
12596,2021-05-19,,,,2021,5,19,,0.02927,1.89745,1.89768,5.0
12597,2021-05-20,,,,2021,5,20,,-0.26895,2.105,2.12211,4.0
12598,2021-05-21,,,,2021,5,21,,-0.49064,2.21988,2.27345,4.0
12599,2021-05-22,,,,2021,5,22,,-0.61455,2.18967,2.27427,4.0
12600,2021-05-23,,,,2021,5,23,,-0.65167,2.01431,2.1171,4.0
12601,2021-05-24,,,,2021,5,24,,-0.6492,1.81314,1.92586,4.0
12602,2021-05-25,,,,2021,5,25,,-0.62538,1.64475,1.75963,4.0
12603,2021-05-26,,,,2021,5,26,,-0.69888,1.46323,1.62157,4.0
12604,2021-05-27,,,,2021,5,27,,-0.76631,1.26958,1.48292,4.0
12605,2021-05-28,,,,2021,5,28,,-0.8195,1.01678,1.30592,4.0
12606,2021-05-29,,,,2021,5,29,,-0.92766,0.71422,1.17076,3.0
12607,2021-05-30,,,,2021,5,30,,-0.98754,0.43595,1.07948,3.0
12608,2021-05-31,,,,2021,5,31,,-0.98569,0.27105,1.02228,3.0
12609,2021-06-01,0.22,-1.754,0.845,2021,6,1,,-1.04554,0.21315,1.06704,3.0
12610,2021-06-02,,,,2021,6,2,,-1.18009,0.19439,1.19599,3.0
12611,2021-06-03,,,,2021,6,3,,-1.30921,0.04519,1.30999,3.0
12612,2021-06-04,,,,2021,6,4,,-1.35988,-0.09685,1.36332,2.0
12613,2021-06-05,,,,2021,6,5,,-1.38209,-0.16872,1.39235,2.0
12614,2021-06-06,,,,2021,6,6,,-1.34186,-0.19741,1.3563,2.0
12615,2021-06-07,,,,2021,6,7,,-1.25393,-0.14593,1.26239,2.0
12616,2021-06-08,,,,2021,6,8,,-1.13614,-0.10194,1.1407,2.0
12617,2021-06-09,,,,2021,6,9,,-1.10603,-0.10171,1.1107,2.0
12618,2021-06-10,,,,2021,6,10,,-1.02612,-0.10307,1.03128,2.0
12619,2021-06-11,,,,2021,6,11,,-0.82397,-0.14469,0.83658,2.0
12620,2021-06-12,,,,2021,6,12,,-0.59393,-0.20927,0.62972,2.0
12621,2021-06-13,,,,2021,6,13,,-0.46552,-0.26149,0.53393,2.0
12622,2021-06-14,,,,2021,6,14,,-0.33714,-0.31984,0.46472,2.0
12623,2021-06-15,,,,2021,6,15,,-0.2073,-0.42539,0.47321,1.0
12624,2021-06-16,,,,2021,6,16,,-0.04456,-0.60424,0.60588,1.0
12625,2021-06-17,,,,2021,6,17,,0.01921,-0.71757,0.71783,8.0
12626,2021-06-18,,,,2021,6,18,,0.08897,-0.78052,0.78558,8.0
12627,2021-06-19,,,,2021,6,19,,0.16909,-0.92485,0.94018,8.0
12628,2021-06-20,,,,2021,6,20,,0.22408,-1.0506,1.07423,8.0
12629,2021-06-21,,,,2021,6,21,,0.29182,-1.13335,1.17032,8.0
12630,2021-06-22,,,,2021,6,22,,0.44419,-1.18651,1.26693,8.0
12631,2021-06-23,,,,2021,6,23,,0.70764,-1.27082,1.45456,8.0
12632,2021-06-24,,,,2021,6,24,,0.88138,-1.37411,1.63249,8.0
12633,2021-06-25,,,,2021,6,25,,0.98496,-1.35916,1.67853,8.0
12634,2021-06-26,,,,2021,6,26,,1.04829,-1.34555,1.7057,8.0
12635,2021-06-27,,,,2021,6,27,,1.06791,-1.25504,1.64789,8.0
12636,2021-06-28,,,,2021,6,28,,1.12346,-1.05873,1.54372,7.0
12637,2021-06-29,,,,2021,6,29,,1.26192,-0.89014,1.54427,7.0
12638,2021-06-30,,,,2021,6,30,,1.3595,-0.63646,1.5011,7.0
12639,2021-07-01,1.61,-1.674,0.63,2021,7,1,,1.3661,-0.33476,1.40652,7.0
12640,2021-07-02,,,,2021,7,2,,1.2121,-0.0037,1.21211,7.0
12641,2021-07-03,,,,2021,7,3,,1.04865,0.39251,1.1197,6.0
12642,2021-07-04,,,,2021,7,4,,0.97681,0.71302,1.20936,6.0
12643,2021-07-05,,,,2021,7,5,,1.00016,1.00648,1.41892,5.0
12644,2021-07-06,,,,2021,7,6,,1.08178,1.1733,1.5959,5.0
12645,2021-07-07,,,,2021,7,7,,1.20549,1.26394,1.74664,5.0
12646,2021-07-08,,,,2021,7,8,,1.13466,1.33783,1.75421,5.0
12647,2021-07-09,,,,2021,7,9,,1.02158,1.35236,1.69484,5.0
12648,2021-07-10,,,,2021,7,10,,0.97849,1.33673,1.65659,5.0
12649,2021-07-11,,,,2021,7,11,,0.89081,1.27063,1.55178,5.0
12650,2021-07-12,,,,2021,7,12,,0.76947,1.15385,1.38689,5.0
12651,2021-07-13,,,,2021,7,13,,0.53622,1.06625,1.19349,5.0
12652,2021-07-14,,,,2021,7,14,,0.2188,1.00192,1.02553,5.0
12653,2021-07-15,,,,2021,7,15,,-0.13086,0.89844,0.90792,4.0
12654,2021-07-16,,,,2021,7,16,,-0.55992,0.83709,1.00709,4.0
12655,2021-07-17,,,,2021,7,17,,-0.84142,0.80739,1.16613,3.0
12656,2021-07-18,,,,2021,7,18,,-1.02564,0.69014,1.23622,3.0
12657,2021-07-19,,,,2021,7,19,,-1.189,0.48933,1.28575,3.0
12658,2021-07-20,,,,2021,7,20,,-1.2334,0.28772,1.26651,3.0
12659,2021-07-21,,,,2021,7,21,,-1.25013,0.13298,1.25718,3.0
12660,2021-07-22,,,,2021,7,22,,-1.27254,-0.09383,1.27599,2.0
12661,2021-07-23,,,,2021,7,23,,-1.23754,-0.37499,1.29311,2.0
12662,2021-07-24,,,,2021,7,24,,-1.14111,-0.59079,1.28498,2.0
12663,2021-07-25,,,,2021,7,25,,-0.98194,-0.75321,1.23755,2.0
12664,2021-07-26,,,,2021,7,26,,-0.80104,-0.93721,1.2329,1.0
12665,2021-07-27,,,,2021,7,27,,-0.65783,-1.10721,1.28789,1.0
12666,2021-07-28,,,,2021,7,28,,-0.53907,-1.24368,1.35549,1.0
12667,2021-07-29,,,,2021,7,29,,-0.51035,-1.3626,1.45504,1.0
12668,2021-07-30,,,,2021,7,30,,-0.45086,-1.4112,1.48148,1.0
12669,2021-07-31,,,,2021,7,31,,-0.26551,-1.35966,1.38534,1.0
12670,2021-08-01,0.27,-0.895,-0.209,2021,8,1,,-0.05659,-1.22334,1.22465,1.0
12671,2021-08-02,,,,2021,8,2,,0.15857,-1.10061,1.11198,8.0
12672,2021-08-03,,,,2021,8,3,,0.32872,-1.02415,1.07561,8.0
12673,2021-08-04,,,,2021,8,4,,0.50383,-0.94776,1.07336,8.0
12674,2021-08-05,,,,2021,8,5,,0.67032,-0.83564,1.07128,8.0
12675,2021-08-06,,,,2021,8,6,,0.78935,-0.66688,1.03334,7.0
12676,2021-08-07,,,,2021,8,7,,0.95608,-0.50871,1.08299,7.0
12677,2021-08-08,,,,2021,8,8,,1.20472,-0.37382,1.26139,7.0
12678,2021-08-09,,,,2021,8,9,,1.33608,-0.26888,1.36287,7.0
12679,2021-08-10,,,,2021,8,10,,1.40062,-0.20167,1.41506,7.0
12680,2021-08-11,,,,2021,8,11,,1.45954,-0.07538,1.46149,7.0
12681,2021-08-12,,,,2021,8,12,,1.55794,0.02044,1.55808,6.0
12682,2021-08-13,,,,2021,8,13,,1.58276,0.11256,1.58676,6.0
12683,2021-08-14,,,,2021,8,14,,1.5424,0.27633,1.56696,6.0
12684,2021-08-15,,,,2021,8,15,,1.50631,0.36783,1.55058,6.0
12685,2021-08-16,,,,2021,8,16,,1.4187,0.45638,1.4903,6.0
12686,2021-08-17,,,,2021,8,17,,1.24491,0.55915,1.36471,6.0
12687,2021-08-18,,,,2021,8,18,,1.14703,0.68881,1.33796,6.0
12688,2021-08-19,,,,2021,8,19,,1.03645,0.77156,1.29211,6.0
12689,2021-08-20,,,,2021,8,20,,0.87862,0.80489,1.19157,6.0
12690,2021-08-21,,,,2021,8,21,,0.60865,0.92289,1.10552,5.0
12691,2021-08-22,,,,2021,8,22,,0.33186,1.00831,1.06151,5.0
12692,2021-08-23,,,,2021,8,23,,0.17517,1.04964,1.06415,5.0
12693,2021-08-24,,,,2021,8,24,,0.07093,1.08996,1.09226,5.0
12694,2021-08-25,,,,2021,8,25,,-0.00926,1.15019,1.15023,4.0
12695,2021-08-26,,,,2021,8,26,,-0.03202,1.15671,1.15715,4.0
12696,2021-08-27,,,,2021,8,27,,-0.11773,1.08928,1.09563,4.0
12697,2021-08-28,,,,2021,8,28,,-0.18514,1.08441,1.1001,4.0
12698,2021-08-29,,,,2021,8,29,,-0.30241,1.08815,1.12939,4.0
12699,2021-08-30,,,,2021,8,30,,-0.35737,1.06415,1.12255,4.0
12700,2021-08-31,,,,2021,8,31,,-0.39985,1.03853,1.11285,4.0
12701,2021-09-01,0.86,-1.857,-0.252,2021,9,1,,-0.51385,1.00645,1.13004,4.0
12702,2021-09-02,,,,2021,9,2,,-0.66515,0.9862,1.18954,4.0
12703,2021-09-03,,,,2021,9,3,,-0.76764,0.94223,1.21535,4.0
12704,2021-09-04,,,,2021,9,4,,-0.91203,0.9356,1.30658,4.0
12705,2021-09-05,,,,2021,9,5,,-1.05549,0.95406,1.42277,3.0
12706,2021-09-06,,,,2021,9,6,,-1.11039,0.91991,1.44194,3.0
12707,2021-09-07,,,,2021,9,7,,-1.07833,0.85138,1.37392,3.0
12708,2021-09-08,,,,2021,9,8,,-1.0501,0.75837,1.29531,3.0
12709,2021-09-09,,,,2021,9,9,,-1.09279,0.76662,1.33488,3.0
12710,2021-09-10,,,,2021,9,10,,-1.11776,0.76014,1.35173,3.0
12711,2021-09-11,,,,2021,9,11,,-1.07477,0.72174,1.29462,3.0
12712,2021-09-12,,,,2021,9,12,,-1.01724,0.65385,1.20925,3.0
12713,2021-09-13,,,,2021,9,13,,-0.88416,0.50568,1.01855,3.0
12714,2021-09-14,,,,2021,9,14,,-0.67922,0.3917,0.78407,3.0
12715,2021-09-15,,,,2021,9,15,,-0.62752,0.29727,0.69437,3.0
12716,2021-09-16,,,,2021,9,16,,-0.68711,0.25377,0.73248,3.0
12717,2021-09-17,,,,2021,9,17,,-0.70974,0.1844,0.73331,3.0
12718,2021-09-18,,,,2021,9,18,,-0.61523,0.04681,0.61701,3.0
12719,2021-09-19,,,,2021,9,19,,-0.4878,-0.11248,0.5006,2.0
12720,2021-09-20,,,,2021,9,20,,-0.38625,-0.23611,0.4527,2.0
12721,2021-09-21,,,,2021,9,21,,-0.34212,-0.29342,0.45071,2.0
12722,2021-09-22,,,,2021,9,22,,-0.25812,-0.25108,0.36009,2.0
12723,2021-09-23,,,,2021,9,23,,-0.18775,-0.25557,0.31712,1.0
12724,2021-09-24,,,,2021,9,24,,-0.04259,-0.26838,0.27174,1.0
12725,2021-09-25,,,,2021,9,25,,0.1346,-0.30759,0.33575,8.0
12726,2021-09-26,,,,2021,9,26,,0.25642,-0.28438,0.38291,8.0
12727,2021-09-27,,,,2021,9,27,,0.31986,-0.16773,0.36117,7.0
12728,2021-09-28,,,,2021,9,28,,0.26115,-0.10265,0.2806,7.0
12729,2021-09-29,,,,2021,9,29,,0.12071,-0.10655,0.161,7.0
12730,2021-09-30,,,,2021,9,30,,-0.029,-0.08713,0.09183,1.0
12731,2021-10-01,0.51,-2.805,-0.146,2021,10,1,,-0.20584,-0.07067,0.21764,2.0
12732,2021-10-02,,,,2021,10,2,,-0.42226,-0.02578,0.42304,2.0
12733,2021-10-03,,,,2021,10,3,,-0.65662,-0.03951,0.65781,2.0
12734,2021-10-04,,,,2021,10,4,,-0.87924,-0.03469,0.87992,2.0
12735,2021-10-05,,,,2021,10,5,,-0.99006,-0.0872,0.99389,2.0
12736,2021-10-06,,,,2021,10,6,,-1.04809,-0.2364,1.07442,2.0
12737,2021-10-07,,,,2021,10,7,,-1.06128,-0.30471,1.10415,2.0
12738,2021-10-08,,,,2021,10,8,,-1.01825,-0.34969,1.07663,2.0
12739,2021-10-09,,,,2021,10,9,,-0.87243,-0.49373,1.00244,2.0
12740,2021-10-10,,,,2021,10,10,,-0.69676,-0.63145,0.94032,2.0
12741,2021-10-11,,,,2021,10,11,,-0.49689,-0.71885,0.87387,1.0
12742,2021-10-12,,,,2021,10,12,,-0.32255,-0.60476,0.6854,1.0
12743,2021-10-13,,,,2021,10,13,,-0.10413,-0.43316,0.4455,1.0
12744,2021-10-14,,,,2021,10,14,,0.12993,-0.35201,0.37522,8.0
12745,2021-10-15,,,,2021,10,15,,0.24429,-0.30945,0.39426,8.0
12746,2021-10-16,,,,2021,10,16,,0.3683,-0.25313,0.4469,7.0
12747,2021-10-17,,,,2021,10,17,,0.52378,-0.22828,0.57136,7.0
12748,2021-10-18,,,,2021,10,18,,0.59603,-0.18048,0.62276,7.0
12749,2021-10-19,,,,2021,10,19,,0.63435,-0.195,0.66364,7.0
12750,2021-10-20,,,,2021,10,20,,0.64415,-0.20703,0.6766,7.0
12751,2021-10-21,,,,2021,10,21,,0.75831,-0.29019,0.81194,7.0
12752,2021-10-22,,,,2021,10,22,,0.82996,-0.37481,0.91067,7.0
12753,2021-10-23,,,,2021,10,23,,0.76987,-0.35564,0.84805,7.0
12754,2021-10-24,,,,2021,10,24,,0.78664,-0.29433,0.8399,7.0
12755,2021-10-25,,,,2021,10,25,,0.84888,-0.21603,0.87593,7.0
12756,2021-10-26,,,,2021,10,26,,0.81198,-0.14535,0.82489,7.0
12757,2021-10-27,,,,2021,10,27,,0.81452,-0.11099,0.82205,7.0
12758,2021-10-28,,,,2021,10,28,,0.79523,-0.02151,0.79552,7.0
12759,2021-10-29,,,,2021,10,29,,0.76138,0.0768,0.76524,6.0
12760,2021-10-30,,,,2021,10,30,,0.66219,0.18311,0.68704,6.0
12761,2021-10-31,,,,2021,10,31,,0.56672,0.36015,0.67148,6.0
12762,2021-11-01,1.12,-2.521,0.093,2021,11,1,,0.5949,0.57576,0.82789,6.0
12763,2021-11-02,,,,2021,11,2,,0.63949,0.69923,0.94756,5.0
12764,2021-11-03,,,,2021,11,3,,0.65162,0.79611,1.02878,5.0
12765,2021-11-04,,,,2021,11,4,,0.68042,0.89715,1.12599,5.0
12766,2021-11-05,,,,2021,11,5,,0.60909,1.00355,1.17393,5.0
12767,2021-11-06,,,,2021,11,6,,0.49217,1.11248,1.21649,5.0
12768,2021-11-07,,,,2021,11,7,,0.38673,1.16439,1.22693,5.0
12769,2021-11-08,,,,2021,11,8,,0.16682,1.16782,1.17968,5.0
12770,2021-11-09,,,,2021,11,9,,-0.01342,1.06405,1.06413,4.0
12771,2021-11-10,,,,2021,11,10,,-0.27173,0.88476,0.92555,4.0
12772,2021-11-11,,,,2021,11,11,,-0.47012,0.83246,0.95604,4.0
12773,2021-11-12,,,,2021,11,12,,-0.62112,0.79957,1.01247,4.0
12774,2021-11-13,,,,2021,11,13,,-0.73345,0.77157,1.06455,4.0
12775,2021-11-14,,,,2021,11,14,,-0.73984,0.6924,1.0133,3.0
12776,2021-11-15,,,,2021,11,15,,-0.70015,0.57868,0.90834,3.0
12777,2021-11-16,,,,2021,11,16,,-0.57929,0.48861,0.75784,3.0
12778,2021-11-17,,,,2021,11,17,,-0.35354,0.35961,0.50429,4.0
12779,2021-11-18,,,,2021,11,18,,-0.24162,0.23414,0.33646,3.0
12780,2021-11-19,,,,2021,11,19,,-0.18441,0.17755,0.25599,3.0
12781,2021-11-20,,,,2021,11,20,,-0.16431,0.15755,0.22764,3.0
12782,2021-11-21,,,,2021,11,21,,-0.2377,0.06952,0.24765,3.0
12783,2021-11-22,,,,2021,11,22,,-0.28499,0.016,0.28543,3.0
12784,2021-11-23,,,,2021,11,23,,-0.35513,-0.00285,0.35514,2.0
12785,2021-11-24,,,,2021,11,24,,-0.45283,-0.03825,0.45444,2.0
12786,2021-11-25,,,,2021,11,25,,-0.63372,-0.13222,0.64737,2.0
12787,2021-11-26,,,,2021,11,26,,-0.89096,-0.19647,0.91236,2.0
12788,2021-11-27,,,,2021,11,27,,-1.09576,-0.23239,1.12014,2.0
12789,2021-11-28,,,,2021,11,28,,-1.28041,-0.24856,1.30431,2.0
12790,2021-11-29,,,,2021,11,29,,-1.41999,-0.29791,1.4509,2.0
12791,2021-11-30,,,,2021,11,30,,-1.52803,-0.21618,1.54325,2.0
12792,2021-12-01,1.43,-2.537,0.198,2021,12,1,,-1.5862,-0.12063,1.59078,2.0
12793,2021-12-02,,,,2021,12,2,,-1.65033,-0.10993,1.65399,2.0
12794,2021-12-03,,,,2021,12,3,,-1.69589,-0.16978,1.70437,2.0
12795,2021-12-04,,,,2021,12,4,,-1.68874,-0.25585,1.70801,2.0
12796,2021-12-05,,,,2021,12,5,,-1.68288,-0.30765,1.71077,2.0
12797,2021-12-06,,,,2021,12,6,,-1.65696,-0.34444,1.69239,2.0
12798,2021-12-07,,,,2021,12,7,,-1.61966,-0.4569,1.68288,2.0
12799,2021-12-08,,,,2021,12,8,,-1.59238,-0.56355,1.68916,2.0
12800,2021-12-09,,,,2021,12,9,,-1.50451,-0.76725,1.68885,2.0
12801,2021-12-10,,,,2021,12,10,,-1.4384,-1.05943,1.78645,2.0
12802,2021-12-11,,,,2021,12,11,,-1.32628,-1.27414,1.83914,2.0
12803,2021-12-12,,,,2021,12,12,,-1.17985,-1.36082,1.80108,1.0
12804,2021-12-13,,,,2021,12,13,,-1.03694,-1.32321,1.68111,1.0
12805,2021-12-14,,,,2021,12,14,,-0.86966,-1.25073,1.52337,1.0
12806,2021-12-15,,,,2021,12,15,,-0.66569,-1.22638,1.3954,1.0
12807,2021-12-16,,,,2021,12,16,,-0.47421,-1.14181,1.23637,1.0
12808,2021-12-17,,,,2021,12,17,,-0.32358,-1.08235,1.12969,1.0
12809,2021-12-18,,,,2021,12,18,,-0.25822,-0.96974,1.00353,1.0
12810,2021-12-19,,,,2021,12,19,,-0.26418,-0.83439,0.87521,1.0
12811,2021-12-20,,,,2021,12,20,,-0.35938,-0.69092,0.77879,1.0
12812,2021-12-21,,,,2021,12,21,,-0.46363,-0.57135,0.7358,1.0
12813,2021-12-22,,,,2021,12,22,,-0.5358,-0.4768,0.71723,2.0
12814,2021-12-23,,,,2021,12,23,,-0.57829,-0.43974,0.72649,2.0
12815,2021-12-24,,,,2021,12,24,,-0.62784,-0.34699,0.71734,2.0
12816,2021-12-25,,,,2021,12,25,,-0.63145,-0.30524,0.70136,2.0
12817,2021-12-26,,,,2021,12,26,,-0.5893,-0.16429,0.61177,2.0
12818,2021-12-27,,,,2021,12,27,,-0.56483,0.00029,0.56483,3.0
12819,2021-12-28,,,,2021,12,28,,-0.5148,0.17135,0.54257,3.0
12820,2021-12-29,,,,2021,12,29,,-0.39435,0.2511,0.46751,3.0
12821,2021-12-30,,,,2021,12,30,,-0.27841,0.24542,0.37113,3.0
12822,2021-12-31,,,,2021,12,31,,-0.16739,0.19955,0.26046,4.0
12823,2022-01-01,0.34,-2.203,0.848,2022,1,1,,-0.07022,0.08622,0.11119,4.0
12824,2022-01-02,,,,2022,1,2,,0.01021,-0.03925,0.04055,8.0
12825,2022-01-03,,,,2022,1,3,,0.07003,-0.16779,0.18182,8.0
12826,2022-01-04,,,,2022,1,4,,0.15151,-0.40302,0.43056,8.0
12827,2022-01-05,,,,2022,1,5,,0.28018,-0.65876,0.71587,8.0
12828,2022-01-06,,,,2022,1,6,,0.41948,-0.89788,0.99103,8.0
12829,2022-01-07,,,,2022,1,7,,0.53328,-1.08059,1.20502,8.0
12830,2022-01-08,,,,2022,1,8,,0.64579,-1.16118,1.32867,8.0
12831,2022-01-09,,,,2022,1,9,,0.74291,-1.17873,1.39332,8.0
12832,2022-01-10,,,,2022,1,10,,0.79559,-1.15198,1.40001,8.0
12833,2022-01-11,,,,2022,1,11,,0.87147,-1.15012,1.443,8.0
12834,2022-01-12,,,,2022,1,12,,0.94799,-1.08646,1.4419,8.0
12835,2022-01-13,,,,2022,1,13,,1.01214,-0.90909,1.36046,7.0
12836,2022-01-14,,,,2022,1,14,,1.04208,-0.72773,1.27103,7.0
12837,2022-01-15,,,,2022,1,15,,1.06321,-0.50981,1.17912,7.0
12838,2022-01-16,,,,2022,1,16,,1.02551,-0.28148,1.06344,7.0
12839,2022-01-17,,,,2022,1,17,,0.96469,-0.13311,0.97383,7.0
12840,2022-01-18,,,,2022,1,18,,0.94032,-0.04544,0.94142,7.0
12841,2022-01-19,,,,2022,1,19,,0.96608,0.05468,0.96762,6.0
12842,2022-01-20,,,,2022,1,20,,0.99935,0.16022,1.01211,6.0
12843,2022-01-21,,,,2022,1,21,,1.00965,0.17671,1.025,6.0
12844,2022-01-22,,,,2022,1,22,,0.94463,0.14274,0.95535,6.0
12845,2022-01-23,,,,2022,1,23,,0.86699,0.12254,0.8756,6.0
12846,2022-01-24,,,,2022,1,24,,0.7586,0.09073,0.76401,6.0
12847,2022-01-25,,,,2022,1,25,,0.69377,0.08907,0.69946,6.0
12848,2022-01-26,,,,2022,1,26,,0.66606,0.18486,0.69124,6.0
12849,2022-01-27,,,,2022,1,27,,0.60919,0.29491,0.67682,6.0
12850,2022-01-28,,,,2022,1,28,,0.53436,0.37698,0.65395,6.0
12851,2022-01-29,,,,2022,1,29,,0.45624,0.47527,0.65881,5.0
12852,2022-01-30,,,,2022,1,30,,0.39331,0.65002,0.75975,5.0
12853,2022-01-31,,,,2022,1,31,,0.39913,0.81738,0.90963,5.0
12854,2022-02-01,0.76,-1.815,1.544,2022,2,1,,0.37915,0.94056,1.01411,5.0
12855,2022-02-02,,,,2022,2,2,,0.42621,1.0639,1.1461,5.0
12856,2022-02-03,,,,2022,2,3,,0.48954,1.1426,1.24306,5.0
12857,2022-02-04,,,,2022,2,4,,0.55647,1.17614,1.30114,5.0
12858,2022-02-05,,,,2022,2,5,,0.65423,1.25415,1.41454,5.0
12859,2022-02-06,,,,2022,2,6,,0.80869,1.3774,1.59725,5.0
12860,2022-02-07,,,,2022,2,7,,0.92751,1.48156,1.74794,5.0
12861,2022-02-08,,,,2022,2,8,,1.03971,1.48658,1.81408,5.0
12862,2022-02-09,,,,2022,2,9,,1.15765,1.37493,1.79738,5.0
12863,2022-02-10,,,,2022,2,10,,1.3109,1.24213,1.80591,6.0
12864,2022-02-11,,,,2022,2,11,,1.4205,1.05165,1.76742,6.0
12865,2022-02-12,,,,2022,2,12,,1.51495,0.89228,1.75819,6.0
12866,2022-02-13,,,,2022,2,13,,1.53623,0.70441,1.69003,6.0
12867,2022-02-14,,,,2022,2,14,,1.50983,0.45136,1.57586,6.0
12868,2022-02-15,,,,2022,2,15,,1.35216,0.20791,1.36805,6.0
12869,2022-02-16,,,,2022,2,16,,1.1535,0.05461,1.15479,6.0
12870,2022-02-17,,,,2022,2,17,,0.90219,0.08034,0.90576,6.0
12871,2022-02-18,,,,2022,2,18,,0.64563,0.23031,0.68548,6.0
12872,2022-02-19,,,,2022,2,19,,0.4199,0.42737,0.59913,5.0
12873,2022-02-20,,,,2022,2,20,,0.23873,0.65465,0.69682,5.0
12874,2022-02-21,,,,2022,2,21,,0.02511,0.84031,0.84068,5.0
12875,2022-02-22,,,,2022,2,22,,-0.24997,0.96697,0.99875,4.0
12876,2022-02-23,,,,2022,2,23,,-0.5626,1.04557,1.18732,4.0
12877,2022-02-24,,,,2022,2,24,,-0.77142,1.01841,1.27759,4.0
12878,2022-02-25,,,,2022,2,25,,-0.8846,0.89132,1.25577,4.0
12879,2022-02-26,,,,2022,2,26,,-0.81139,0.69205,1.06643,3.0
12880,2022-02-27,,,,2022,2,27,,-0.6716,0.52056,0.84972,3.0
12881,2022-02-28,,,,2022,2,28,,-0.47956,0.35056,0.59403,3.0
12882,2022-03-01,1.35,-1.573,0.305,2022,3,1,,-0.33217,0.2389,0.40916,3.0
12883,2022-03-02,,,,2022,3,2,,-0.22976,0.11933,0.2589,3.0
12884,2022-03-03,,,,2022,3,3,,-0.11739,0.05336,0.12895,3.0
12885,2022-03-04,,,,2022,3,4,,-0.03381,-0.02937,0.04479,2.0
12886,2022-03-05,,,,2022,3,5,,-0.07463,-0.15091,0.16836,1.0
12887,2022-03-06,,,,2022,3,6,,-0.16393,-0.27316,0.31858,1.0
12888,2022-03-07,,,,2022,3,7,,-0.24894,-0.3571,0.4353,1.0
12889,2022-03-08,,,,2022,3,8,,-0.32052,-0.45927,0.56006,1.0
12890,2022-03-09,,,,2022,3,9,,-0.41267,-0.58149,0.71304,1.0
12891,2022-03-10,,,,2022,3,10,,-0.48736,-0.70294,0.85536,1.0
12892,2022-03-11,,,,2022,3,11,,-0.49254,-0.82657,0.96219,1.0
12893,2022-03-12,,,,2022,3,12,,-0.42394,-0.97546,1.0636,1.0
12894,2022-03-13,,,,2022,3,13,,-0.32193,-1.02148,1.07101,1.0
12895,2022-03-14,,,,2022,3,14,,-0.13069,-0.93609,0.94517,1.0
12896,2022-03-15,,,,2022,3,15,,0.09382,-0.7034,0.70963,8.0
12897,2022-03-16,,,,2022,3,16,,0.24794,-0.43298,0.49894,8.0
12898,2022-03-17,,,,2022,3,17,,0.23146,-0.1487,0.27511,7.0
12899,2022-03-18,,,,2022,3,18,,0.11382,0.14029,0.18066,5.0
12900,2022-03-19,,,,2022,3,19,,-0.00134,0.36071,0.36071,4.0
12901,2022-03-20,,,,2022,3,20,,-0.10586,0.51419,0.52498,4.0
12902,2022-03-21,,,,2022,3,21,,-0.26936,0.59521,0.65332,4.0
12903,2022-03-22,,,,2022,3,22,,-0.47441,0.54355,0.72146,4.0
12904,2022-03-23,,,,2022,3,23,,-0.71977,0.44134,0.8443,3.0
12905,2022-03-24,,,,2022,3,24,,-0.89299,0.29677,0.94101,3.0
12906,2022-03-25,,,,2022,3,25,,-1.05266,0.22296,1.07602,3.0
12907,2022-03-26,,,,2022,3,26,,-1.2239,0.16106,1.23445,3.0
12908,2022-03-27,,,,2022,3,27,,-1.39711,0.11631,1.40194,3.0
12909,2022-03-28,,,,2022,3,28,,-1.55763,0.04576,1.5583,3.0
12910,2022-03-29,,,,2022,3,29,,-1.64319,0.04122,1.64371,3.0
12911,2022-03-30,,,,2022,3,30,,-1.68894,0.04963,1.68967,3.0
12912,2022-03-31,,,,2022,3,31,,-1.62665,0.06073,1.62778,3.0
12913,2022-04-01,2.69,-1.91,-0.603,2022,4,1,,-1.4477,0.12575,1.45315,3.0
12914,2022-04-02,,,,2022,4,2,,-1.30513,0.23722,1.32651,3.0
12915,2022-04-03,,,,2022,4,3,,-1.2142,0.3089,1.25288,3.0
12916,2022-04-04,,,,2022,4,4,,-1.04125,0.30575,1.08521,3.0
12917,2022-04-05,,,,2022,4,5,,-0.79576,0.26315,0.83814,3.0
12918,2022-04-06,,,,2022,4,6,,-0.59436,0.1973,0.62625,3.0
12919,2022-04-07,,,,2022,4,7,,-0.47878,0.10854,0.49093,3.0
12920,2022-04-08,,,,2022,4,8,,-0.34259,0.00119,0.3426,3.0
12921,2022-04-09,,,,2022,4,9,,-0.16559,-0.08051,0.18412,2.0
12922,2022-04-10,,,,2022,4,10,,-0.04391,-0.3041,0.30726,1.0
12923,2022-04-11,,,,2022,4,11,,0.02955,-0.54299,0.54379,8.0
12924,2022-04-12,,,,2022,4,12,,0.08745,-0.79637,0.80116,8.0
12925,2022-04-13,,,,2022,4,13,,0.10393,-0.98039,0.98589,8.0
12926,2022-04-14,,,,2022,4,14,,0.13658,-1.06123,1.06998,8.0
12927,2022-04-15,,,,2022,4,15,,0.23296,-1.02641,1.05251,8.0
12928,2022-04-16,,,,2022,4,16,,0.28546,-0.98983,1.03016,8.0
12929,2022-04-17,,,,2022,4,17,,0.28374,-0.90792,0.95122,8.0
12930,2022-04-18,,,,2022,4,18,,0.25146,-0.78387,0.82321,8.0
12931,2022-04-19,,,,2022,4,19,,0.28537,-0.60456,0.66853,8.0
12932,2022-04-20,,,,2022,4,20,,0.35596,-0.54019,0.64692,8.0
12933,2022-04-21,,,,2022,4,21,,0.47282,-0.45773,0.65808,7.0
12934,2022-04-22,,,,2022,4,22,,0.61491,-0.35239,0.70873,7.0
12935,2022-04-23,,,,2022,4,23,,0.69062,-0.31184,0.75776,7.0
12936,2022-04-24,,,,2022,4,24,,0.69107,-0.23677,0.73051,7.0
12937,2022-04-25,,,,2022,4,25,,0.73931,-0.16865,0.75831,7.0
12938,2022-04-26,,,,2022,4,26,,0.88763,-0.08942,0.89212,7.0
12939,2022-04-27,,,,2022,4,27,,1.05169,-0.09996,1.05643,7.0
12940,2022-04-28,,,,2022,4,28,,1.17404,-0.1204,1.1802,7.0
12941,2022-04-29,,,,2022,4,29,,1.32547,-0.06858,1.32724,7.0
12942,2022-04-30,,,,2022,4,30,,1.47186,-0.0046,1.47187,7.0
12943,2022-05-01,1.9,-2.261,1.224,2022,5,1,,1.60296,0.02615,1.60317,6.0
12944,2022-05-02,,,,2022,5,2,,1.72345,0.07879,1.72525,6.0
12945,2022-05-03,,,,2022,5,3,,1.86282,0.10223,1.86562,6.0
12946,2022-05-04,,,,2022,5,4,,1.97115,0.1731,1.97873,6.0
12947,2022-05-05,,,,2022,5,5,,2.01844,0.24703,2.0335,6.0
12948,2022-05-06,,,,2022,5,6,,1.96569,0.35124,1.99683,6.0
12949,2022-05-07,,,,2022,5,7,,1.83111,0.36851,1.86783,6.0
12950,2022-05-08,,,,2022,5,8,,1.59344,0.31176,1.62365,6.0
12951,2022-05-09,,,,2022,5,9,,1.33284,0.24109,1.35447,6.0
12952,2022-05-10,,,,2022,5,10,,1.05449,0.18932,1.07135,6.0
12953,2022-05-11,,,,2022,5,11,,0.72768,0.12276,0.73796,6.0
12954,2022-05-12,,,,2022,5,12,,0.45331,-0.00935,0.45341,7.0
12955,2022-05-13,,,,2022,5,13,,0.20675,-0.19086,0.28138,7.0
12956,2022-05-14,,,,2022,5,14,,-0.06536,-0.31503,0.32174,1.0
12957,2022-05-15,,,,2022,5,15,,-0.31776,-0.40886,0.51781,1.0
12958,2022-05-16,,,,2022,5,16,,-0.50918,-0.48021,0.6999,2.0
12959,2022-05-17,,,,2022,5,17,,-0.60138,-0.4768,0.76746,2.0
12960,2022-05-18,,,,2022,5,18,,-0.68879,-0.41228,0.80275,2.0
12961,2022-05-19,,,,2022,5,19,,-0.73657,-0.36606,0.82252,2.0
12962,2022-05-20,,,,2022,5,20,,-0.72004,-0.30642,0.78253,2.0
12963,2022-05-21,,,,2022,5,21,,-0.78174,-0.13126,0.79268,2.0
12964,2022-05-22,,,,2022,5,22,,-0.84939,0.01001,0.84945,3.0
12965,2022-05-23,,,,2022,5,23,,-0.87423,0.07055,0.87707,3.0
12966,2022-05-24,,,,2022,5,24,,-0.84042,0.11406,0.84813,3.0
12967,2022-05-25,,,,2022,5,25,,-0.80815,0.18791,0.82971,3.0
12968,2022-05-26,,,,2022,5,26,,-0.76616,0.24038,0.80299,3.0
12969,2022-05-27,,,,2022,5,27,,-0.71417,0.15615,0.73104,3.0
12970,2022-05-28,,,,2022,5,28,,-0.70692,0.04203,0.70817,3.0
12971,2022-05-29,,,,2022,5,29,,-0.74523,-0.02284,0.74558,2.0
12972,2022-05-30,,,,2022,5,30,,-0.70156,-0.20908,0.73205,2.0
12973,2022-05-31,,,,2022,5,31,,-0.61088,-0.38651,0.72289,2.0
12974,2022-06-01,2.45,-1.475,-0.074,2022,6,1,,-0.54356,-0.50766,0.74375,2.0
12975,2022-06-02,,,,2022,6,2,,-0.4587,-0.61301,0.76562,1.0
12976,2022-06-03,,,,2022,6,3,,-0.31271,-0.67012,0.73949,1.0
12977,2022-06-04,,,,2022,6,4,,-0.1695,-0.75661,0.77536,1.0
12978,2022-06-05,,,,2022,6,5,,-0.04442,-0.76412,0.76541,1.0
12979,2022-06-06,,,,2022,6,6,,0.0516,-0.66142,0.66343,8.0
12980,2022-06-07,,,,2022,6,7,,0.32014,-0.59923,0.67939,8.0
12981,2022-06-08,,,,2022,6,8,,0.5665,-0.5982,0.82387,8.0
12982,2022-06-09,,,,2022,6,9,,0.69611,-0.6227,0.93398,7.0
12983,2022-06-10,,,,2022,6,10,,0.80485,-0.63542,1.02544,7.0
12984,2022-06-11,,,,2022,6,11,,0.9278,-0.6135,1.1123,7.0
12985,2022-06-12,,,,2022,6,12,,1.06793,-0.68394,1.26816,7.0
12986,2022-06-13,,,,2022,6,13,,1.1357,-0.75955,1.36628,7.0
12987,2022-06-14,,,,2022,6,14,,1.12777,-0.80059,1.38304,7.0
12988,2022-06-15,,,,2022,6,15,,1.16862,-0.90853,1.48024,7.0
12989,2022-06-16,,,,2022,6,16,,1.0354,-0.93185,1.39298,7.0
12990,2022-06-17,,,,2022,6,17,,0.85031,-0.80141,1.16846,7.0
12991,2022-06-18,,,,2022,6,18,,0.81367,-0.61543,1.0202,7.0
12992,2022-06-19,,,,2022,6,19,,0.87119,-0.49353,1.00127,7.0
12993,2022-06-20,,,,2022,6,20,,0.8907,-0.441,0.9939,7.0
12994,2022-06-21,,,,2022,6,21,,0.81551,-0.22862,0.84695,7.0
12995,2022-06-22,,,,2022,6,22,,0.76871,0.00621,0.76873,6.0
12996,2022-06-23,,,,2022,6,23,,0.74028,0.12584,0.7509,6.0
12997,2022-06-24,,,,2022,6,24,,0.68315,0.23609,0.72279,6.0
12998,2022-06-25,,,,2022,6,25,,0.64852,0.32319,0.72459,6.0
12999,2022-06-26,,,,2022,6,26,,0.60494,0.38443,0.71676,6.0
13000,2022-06-27,,,,2022,6,27,,0.42607,0.38686,0.5755,6.0
13001,2022-06-28,,,,2022,6,28,,0.1629,0.44762,0.47634,5.0
13002,2022-06-29,,,,2022,6,29,,0.00714,0.58829,0.58834,5.0
13003,2022-06-30,,,,2022,6,30,,-0.07712,0.66814,0.67258,4.0
13004,2022-07-01,0.91,-2.268,0.025,2022,7,1,,-0.18825,0.74872,0.77203,4.0
13005,2022-07-02,,,,2022,7,2,,-0.38846,0.8572,0.94111,4.0
13006,2022-07-03,,,,2022,7,3,,-0.63559,0.99542,1.18104,4.0
13007,2022-07-04,,,,2022,7,4,,-0.81456,1.12139,1.38601,4.0
13008,2022-07-05,,,,2022,7,5,,-0.89104,1.17312,1.47314,4.0
13009,2022-07-06,,,,2022,7,6,,-0.85358,1.27442,1.53386,4.0
13010,2022-07-07,,,,2022,7,7,,-0.79407,1.38031,1.59242,4.0
13011,2022-07-08,,,,2022,7,8,,-0.86125,1.41813,1.65917,4.0
13012,2022-07-09,,,,2022,7,9,,-0.93166,1.35702,1.64605,4.0
13013,2022-07-10,,,,2022,7,10,,-0.9339,1.3399,1.63325,4.0
13014,2022-07-11,,,,2022,7,11,,-0.87588,1.28052,1.55142,4.0
13015,2022-07-12,,,,2022,7,12,,-0.79143,1.18261,1.423,4.0
13016,2022-07-13,,,,2022,7,13,,-0.69693,1.05333,1.26302,4.0
13017,2022-07-14,,,,2022,7,14,,-0.63131,0.89694,1.09684,4.0
13018,2022-07-15,,,,2022,7,15,,-0.56613,0.72094,0.91666,4.0
13019,2022-07-16,,,,2022,7,16,,-0.48042,0.49126,0.68712,4.0
13020,2022-07-17,,,,2022,7,17,,-0.41541,0.24997,0.48482,3.0
13021,2022-07-18,,,,2022,7,18,,-0.27857,0.02773,0.27995,3.0
13022,2022-07-19,,,,2022,7,19,,-0.16598,-0.20659,0.265,1.0
13023,2022-07-20,,,,2022,7,20,,0.03768,-0.40551,0.40726,8.0
13024,2022-07-21,,,,2022,7,21,,0.30247,-0.62122,0.69094,8.0
13025,2022-07-22,,,,2022,7,22,,0.53937,-0.77081,0.94078,8.0
13026,2022-07-23,,,,2022,7,23,,0.72889,-0.86583,1.13179,8.0
13027,2022-07-24,,,,2022,7,24,,0.76393,-0.87815,1.16393,8.0
13028,2022-07-25,,,,2022,7,25,,0.79769,-0.90963,1.20985,8.0
13029,2022-07-26,,,,2022,7,26,,0.90884,-0.866,1.25537,7.0
13030,2022-07-27,,,,2022,7,27,,0.91428,-0.72284,1.16551,7.0
13031,2022-07-28,,,,2022,7,28,,0.90641,-0.54338,1.05681,7.0
13032,2022-07-29,,,,2022,7,29,,0.86495,-0.32137,0.92272,7.0
13033,2022-07-30,,,,2022,7,30,,0.75785,-0.07684,0.76174,7.0
13034,2022-07-31,,,,2022,7,31,,0.57528,0.13837,0.59169,6.0
13035,2022-08-01,0.81,-1.834,-0.17,2022,8,1,,0.38375,0.37884,0.53924,6.0
13036,2022-08-02,,,,2022,8,2,,0.21792,0.55926,0.60022,5.0
13037,2022-08-03,,,,2022,8,3,,-0.08173,0.65889,0.66394,4.0
13038,2022-08-04,,,,2022,8,4,,-0.31969,0.67516,0.74702,4.0
13039,2022-08-05,,,,2022,8,5,,-0.41766,0.57384,0.70974,4.0
13040,2022-08-06,,,,2022,8,6,,-0.53272,0.37401,0.6509,3.0
13041,2022-08-07,,,,2022,8,7,,-0.62548,0.15339,0.64401,3.0
13042,2022-08-08,,,,2022,8,8,,-0.68163,-0.05872,0.68415,2.0
13043,2022-08-09,,,,2022,8,9,,-0.69686,-0.27194,0.74804,2.0
13044,2022-08-10,,,,2022,8,10,,-0.72597,-0.44396,0.85096,2.0
13045,2022-08-11,,,,2022,8,11,,-0.62364,-0.54103,0.82561,2.0
13046,2022-08-12,,,,2022,8,12,,-0.40983,-0.57829,0.70879,1.0
13047,2022-08-13,,,,2022,8,13,,-0.3054,-0.68051,0.7459,1.0
13048,2022-08-14,,,,2022,8,14,,-0.32214,-0.72278,0.79132,1.0
13049,2022-08-15,,,,2022,8,15,,-0.29198,-0.68748,0.74691,1.0
13050,2022-08-16,,,,2022,8,16,,-0.20386,-0.61821,0.65095,1.0
13051,2022-08-17,,,,2022,8,17,,-0.1127,-0.55723,0.56851,1.0
13052,2022-08-18,,,,2022,8,18,,-0.03001,-0.47621,0.47716,1.0
13053,2022-08-19,,,,2022,8,19,,0.13402,-0.40557,0.42714,8.0
13054,2022-08-20,,,,2022,8,20,,0.23868,-0.34382,0.41855,8.0
13055,2022-08-21,,,,2022,8,21,,0.37754,-0.24966,0.45263,7.0
13056,2022-08-22,,,,2022,8,22,,0.58381,-0.08279,0.58965,7.0
13057,2022-08-23,,,,2022,8,23,,0.88991,0.1176,0.89765,6.0
13058,2022-08-24,,,,2022,8,24,,1.16485,0.21883,1.18523,6.0
13059,2022-08-25,,,,2022,8,25,,1.27671,0.25854,1.30263,6.0
13060,2022-08-26,,,,2022,8,26,,1.41583,0.30226,1.44773,6.0
13061,2022-08-27,,,,2022,8,27,,1.4748,0.29504,1.50402,6.0
13062,2022-08-28,,,,2022,8,28,,1.46811,0.23704,1.48712,6.0
13063,2022-08-29,,,,2022,8,29,,1.3864,0.16341,1.39599,6.0
13064,2022-08-30,,,,2022,8,30,,1.27485,0.12215,1.28069,6.0
13065,2022-08-31,,,,2022,8,31,,1.15916,0.15759,1.16982,6.0
13066,2022-09-01,1.73,-1.678,-0.655,2022,9,1,,0.94914,0.17922,0.96591,6.0
13067,2022-09-02,,,,2022,9,2,,0.67385,0.34271,0.756,6.0
13068,2022-09-03,,,,2022,9,3,,0.44681,0.4814,0.6568,5.0
13069,2022-09-04,,,,2022,9,4,,0.19912,0.57767,0.61103,5.0
13070,2022-09-05,,,,2022,9,5,,0.0765,0.61458,0.61933,5.0
13071,2022-09-06,,,,2022,9,6,,-0.05285,0.66292,0.66502,4.0
13072,2022-09-07,,,,2022,9,7,,-0.08513,0.68925,0.69449,4.0
13073,2022-09-08,,,,2022,9,8,,-0.13427,0.54762,0.56384,4.0
13074,2022-09-09,,,,2022,9,9,,-0.20708,0.31664,0.37834,4.0
13075,2022-09-10,,,,2022,9,10,,-0.4173,0.04267,0.41948,3.0
13076,2022-09-11,,,,2022,9,11,,-0.56836,-0.21828,0.60884,2.0
13077,2022-09-12,,,,2022,9,12,,-0.55533,-0.41961,0.69604,2.0
13078,2022-09-13,,,,2022,9,13,,-0.55373,-0.57425,0.79773,1.0
13079,2022-09-14,,,,2022,9,14,,-0.57758,-0.63025,0.85487,1.0
13080,2022-09-15,,,,2022,9,15,,-0.60146,-0.67919,0.90722,1.0
13081,2022-09-16,,,,2022,9,16,,-0.64748,-0.69967,0.9533,1.0
13082,2022-09-17,,,,2022,9,17,,-0.72614,-0.62283,0.95666,2.0
13083,2022-09-18,,,,2022,9,18,,-0.88766,-0.52222,1.02988,2.0
13084,2022-09-19,,,,2022,9,19,,-0.90047,-0.35506,0.96794,2.0
13085,2022-09-20,,,,2022,9,20,,-0.8121,-0.25378,0.85083,2.0
13086,2022-09-21,,,,2022,9,21,,-0.84009,-0.20912,0.86573,2.0
13087,2022-09-22,,,,2022,9,22,,-0.88841,-0.10167,0.89421,2.0
13088,2022-09-23,,,,2022,9,23,,-0.90132,-0.01611,0.90146,2.0
13089,2022-09-24,,,,2022,9,24,,-0.88588,0.08972,0.89041,3.0
13090,2022-09-25,,,,2022,9,25,,-0.86302,0.21963,0.89053,3.0
13091,2022-09-26,,,,2022,9,26,,-0.78935,0.34383,0.86098,3.0
13092,2022-09-27,,,,2022,9,27,,-0.64464,0.43834,0.77955,3.0
13093,2022-09-28,,,,2022,9,28,,-0.43204,0.51895,0.67525,4.0
13094,2022-09-29,,,,2022,9,29,,-0.32873,0.61907,0.70094,4.0
13095,2022-09-30,,,,2022,9,30,,-0.23651,0.76841,0.80399,4.0
13096,2022-10-01,1.73,-1.493,1.346,2022,10,1,,-0.08241,0.8386,0.84264,4.0
13097,2022-10-02,,,,2022,10,2,,-0.028,0.87769,0.87814,4.0
13098,2022-10-03,,,,2022,10,3,,0.05469,0.86426,0.86599,5.0
13099,2022-10-04,,,,2022,10,4,,0.09015,0.75272,0.7581,5.0
13100,2022-10-05,,,,2022,10,5,,0.04761,0.65577,0.6575,5.0
13101,2022-10-06,,,,2022,10,6,,0.02022,0.60435,0.60468,5.0
13102,2022-10-07,,,,2022,10,7,,-0.07387,0.53189,0.53699,4.0
13103,2022-10-08,,,,2022,10,8,,-0.1963,0.45361,0.49427,4.0
13104,2022-10-09,,,,2022,10,9,,-0.3026,0.33977,0.45498,4.0
13105,2022-10-10,,,,2022,10,10,,-0.45123,0.16179,0.47936,3.0
13106,2022-10-11,,,,2022,10,11,,-0.45936,-0.02134,0.45985,2.0
13107,2022-10-12,,,,2022,10,12,,-0.53571,-0.13307,0.55199,2.0
13108,2022-10-13,,,,2022,10,13,,-0.55646,-0.14678,0.57549,2.0
13109,2022-10-14,,,,2022,10,14,,-0.51001,-0.10005,0.51973,2.0
13110,2022-10-15,,,,2022,10,15,,-0.45325,-0.06262,0.45755,2.0
13111,2022-10-16,,,,2022,10,16,,-0.43842,-0.03222,0.4396,2.0
13112,2022-10-17,,,,2022,10,17,,-0.36402,0.02337,0.36477,3.0
13113,2022-10-18,,,,2022,10,18,,-0.28992,0.06,0.29606,3.0
13114,2022-10-19,,,,2022,10,19,,-0.20732,0.11484,0.23701,3.0
13115,2022-10-20,,,,2022,10,20,,-0.1413,0.15563,0.21021,4.0
13116,2022-10-21,,,,2022,10,21,,-0.05693,0.09754,0.11294,4.0
13117,2022-10-22,,,,2022,10,22,,-0.06429,0.0534,0.08358,3.0
13118,2022-10-23,,,,2022,10,23,,-0.20951,-0.01524,0.21007,2.0
13119,2022-10-24,,,,2022,10,24,,-0.3355,-0.08186,0.34535,2.0
13120,2022-10-25,,,,2022,10,25,,-0.32923,-0.15576,0.36422,2.0
13121,2022-10-26,,,,2022,10,26,,-0.2946,-0.17615,0.34325,2.0
13122,2022-10-27,,,,2022,10,27,,-0.23126,-0.19017,0.29941,2.0
13123,2022-10-28,,,,2022,10,28,,-0.09646,-0.24844,0.26651,1.0
13124,2022-10-29,,,,2022,10,29,,0.03141,-0.28572,0.28744,8.0
13125,2022-10-30,,,,2022,10,30,,0.08786,-0.29587,0.30864,8.0
13126,2022-10-31,,,,2022,10,31,,0.20754,-0.27161,0.34182,8.0
13127,2022-11-01,0.31,-2.214,0.339,2022,11,1,,0.44236,-0.23286,0.4999,7.0
13128,2022-11-02,,,,2022,11,2,,0.60871,-0.16889,0.63171,7.0
13129,2022-11-03,,,,2022,11,3,,0.65037,-0.08447,0.65583,7.0
13130,2022-11-04,,,,2022,11,4,,0.67543,-0.04795,0.67713,7.0
13131,2022-11-05,,,,2022,11,5,,0.65517,0.02398,0.65561,6.0
13132,2022-11-06,,,,2022,11,6,,0.55729,0.16208,0.58038,6.0
13133,2022-11-07,,,,2022,11,7,,0.48792,0.28438,0.56474,6.0
13134,2022-11-08,,,,2022,11,8,,0.55091,0.45266,0.71302,6.0
13135,2022-11-09,,,,2022,11,9,,0.65914,0.59262,0.88638,6.0
13136,2022-11-10,,,,2022,11,10,,0.705,0.7435,1.0246,5.0
13137,2022-11-11,,,,2022,11,11,,0.74541,0.73761,1.04867,6.0
13138,2022-11-12,,,,2022,11,12,,0.77437,0.7473,1.07615,6.0
13139,2022-11-13,,,,2022,11,13,,0.67863,0.76481,1.02248,5.0
13140,2022-11-14,,,,2022,11,14,,0.57062,0.81649,0.99613,5.0
13141,2022-11-15,,,,2022,11,15,,0.50065,0.83324,0.97208,5.0
13142,2022-11-16,,,,2022,11,16,,0.32917,0.81807,0.88182,5.0
13143,2022-11-17,,,,2022,11,17,,0.10482,0.74611,0.75343,5.0
13144,2022-11-18,,,,2022,11,18,,-0.21719,0.62962,0.66603,4.0
13145,2022-11-19,,,,2022,11,19,,-0.48989,0.42878,0.65103,3.0
13146,2022-11-20,,,,2022,11,20,,-0.64642,0.13535,0.66044,3.0
13147,2022-11-21,,,,2022,11,21,,-0.71257,-0.18803,0.73696,2.0
13148,2022-11-22,,,,2022,11,22,,-0.58879,-0.52695,0.79016,2.0
13149,2022-11-23,,,,2022,11,23,,-0.40708,-0.87673,0.96663,1.0
13150,2022-11-24,,,,2022,11,24,,-0.25974,-1.2243,1.25155,1.0
13151,2022-11-25,,,,2022,11,25,,-0.14677,-1.37815,1.38595,1.0
13152,2022-11-26,,,,2022,11,26,,-0.10147,-1.41409,1.41773,1.0
13153,2022-11-27,,,,2022,11,27,,-0.10881,-1.35276,1.35713,1.0
13154,2022-11-28,,,,2022,11,28,,-0.09936,-1.31037,1.31414,1.0
13155,2022-11-29,,,,2022,11,29,,-0.08898,-1.2074,1.21067,1.0
13156,2022-11-30,,,,2022,11,30,,-0.0181,-1.104,1.10415,1.0
13157,2022-12-01,2.11,-1.99,-2.719,2022,12,1,,0.06037,-0.94626,0.94819,8.0
13158,2022-12-02,,,,2022,12,2,,0.20426,-0.76125,0.78818,8.0
13159,2022-12-03,,,,2022,12,3,,0.36924,-0.55406,0.66582,8.0
13160,2022-12-04,,,,2022,12,4,,0.51507,-0.44367,0.67981,7.0
13161,2022-12-05,,,,2022,12,5,,0.60344,-0.40891,0.72894,7.0
13162,2022-12-06,,,,2022,12,6,,0.69832,-0.38403,0.79695,7.0
13163,2022-12-07,,,,2022,12,7,,0.80901,-0.35183,0.8822,7.0
13164,2022-12-08,,,,2022,12,8,,0.93171,-0.31562,0.98372,7.0
13165,2022-12-09,,,,2022,12,9,,0.96837,-0.27265,1.00602,7.0
13166,2022-12-10,,,,2022,12,10,,0.97293,-0.23059,0.99988,7.0
13167,2022-12-11,,,,2022,12,11,,0.90258,-0.18899,0.92216,7.0
13168,2022-12-12,,,,2022,12,12,,0.82292,-0.1503,0.83653,7.0
13169,2022-12-13,,,,2022,12,13,,0.74709,-0.12207,0.75699,7.0
13170,2022-12-14,,,,2022,12,14,,0.68907,-0.05618,0.69135,7.0
13171,2022-12-15,,,,2022,12,15,,0.5946,-0.09318,0.60186,7.0
13172,2022-12-16,,,,2022,12,16,,0.43429,-0.06173,0.43866,7.0
13173,2022-12-17,,,,2022,12,17,,0.23778,-0.03243,0.23998,7.0
13174,2022-12-18,,,,2022,12,18,,0.08999,-0.01011,0.09055,7.0
13175,2022-12-19,,,,2022,12,19,,0.0085,0.05786,0.05848,5.0
13176,2022-12-20,,,,2022,12,20,,-0.06531,0.17378,0.18565,4.0
13177,2022-12-21,,,,2022,12,21,,-0.19191,0.35938,0.40741,4.0
13178,2022-12-22,,,,2022,12,22,,-0.40179,0.55829,0.68784,4.0
13179,2022-12-23,,,,2022,12,23,,-0.58755,0.76158,0.96189,4.0
13180,2022-12-24,,,,2022,12,24,,-0.76437,0.95263,1.22138,4.0
13181,2022-12-25,,,,2022,12,25,,-0.92945,1.04221,1.39645,4.0
13182,2022-12-26,,,,2022,12,26,,-1.05585,1.10105,1.52549,4.0
13183,2022-12-27,,,,2022,12,27,,-1.16205,1.16362,1.6445,4.0
13184,2022-12-28,,,,2022,12,28,,-1.29481,1.18451,1.75488,3.0
13185,2022-12-29,,,,2022,12,29,,-1.45293,1.16741,1.86382,3.0
13186,2022-12-30,,,,2022,12,30,,-1.56748,1.0791,1.90301,3.0
13187,2022-12-31,,,,2022,12,31,,-1.58733,0.98055,1.86577,3.0
13188,2023-01-01,1.14,-1.104,-0.674,2023,1,1,,-1.62658,0.75008,1.7912,3.0
13189,2023-01-02,,,,2023,1,2,,-1.65027,0.55434,1.74088,3.0
13190,2023-01-03,,,,2023,1,3,,-1.5962,0.38384,1.6417,3.0
13191,2023-01-04,,,,2023,1,4,,-1.54422,0.17923,1.55459,3.0
13192,2023-01-05,,,,2023,1,5,,-1.49416,-0.0607,1.49539,2.0
13193,2023-01-06,,,,2023,1,6,,-1.45491,-0.33245,1.49241,2.0
13194,2023-01-07,,,,2023,1,7,,-1.27365,-0.55769,1.39039,2.0
13195,2023-01-08,,,,2023,1,8,,-1.0787,-0.75111,1.31444,2.0
13196,2023-01-09,,,,2023,1,9,,-0.84016,-0.93384,1.25615,1.0
13197,2023-01-10,,,,2023,1,10,,-0.57943,-1.09771,1.24125,1.0
13198,2023-01-11,,,,2023,1,11,,-0.27366,-1.24303,1.2728,1.0
13199,2023-01-12,,,,2023,1,12,,-0.11173,-1.34234,1.34698,1.0
13200,2023-01-13,,,,2023,1,13,,-0.01693,-1.37568,1.37578,1.0
13201,2023-01-14,,,,2023,1,14,,0.03792,-1.25894,1.25951,8.0
13202,2023-01-15,,,,2023,1,15,,0.10761,-1.05486,1.06033,8.0
13203,2023-01-16,,,,2023,1,16,,0.11427,-0.84991,0.85755,8.0
13204,2023-01-17,,,,2023,1,17,,0.17468,-0.6778,0.69994,8.0
13205,2023-01-18,,,,2023,1,18,,0.18885,-0.49232,0.5273,8.0
13206,2023-01-19,,,,2023,1,19,,0.22431,-0.28314,0.36122,8.0
13207,2023-01-20,,,,2023,1,20,,0.26431,-0.02574,0.26556,7.0
13208,2023-01-21,,,,2023,1,21,,0.4098,0.21014,0.46054,6.0
13209,2023-01-22,,,,2023,1,22,,0.62461,0.40331,0.7435,6.0
13210,2023-01-23,,,,2023,1,23,,0.85841,0.46417,0.97587,6.0
13211,2023-01-24,,,,2023,1,24,,1.09245,0.5329,1.21549,6.0
13212,2023-01-25,,,,2023,1,25,,1.26732,0.57909,1.39336,6.0
13213,2023-01-26,,,,2023,1,26,,1.34795,0.60008,1.47549,6.0
13214,2023-01-27,,,,2023,1,27,,1.43521,0.58381,1.54941,6.0
13215,2023-01-28,,,,2023,1,28,,1.4588,0.57495,1.56801,6.0
13216,2023-01-29,,,,2023,1,29,,1.4379,0.57781,1.54965,6.0
13217,2023-01-30,,,,2023,1,30,,1.34219,0.5899,1.4661,6.0
13218,2023-01-31,,,,2023,1,31,,1.18666,0.59834,1.32897,6.0
13219,2023-02-01,0.93,-1.479,1.6,2023,2,1,,0.99081,0.64002,1.17954,6.0
13220,2023-02-02,,,,2023,2,2,,0.77799,0.6453,1.01078,6.0
13221,2023-02-03,,,,2023,2,3,,0.55162,0.70092,0.89194,5.0
13222,2023-02-04,,,,2023,2,4,,0.34761,0.82284,0.89325,5.0
13223,2023-02-05,,,,2023,2,5,,0.14268,0.96601,0.97649,5.0
13224,2023-02-06,,,,2023,2,6,,-0.0554,1.10382,1.10521,4.0
13225,2023-02-07,,,,2023,2,7,,-0.32062,1.16954,1.21269,4.0
13226,2023-02-08,,,,2023,2,8,,-0.55822,1.18397,1.30897,4.0
13227,2023-02-09,,,,2023,2,9,,-0.76664,1.22991,1.44928,4.0
13228,2023-02-10,,,,2023,2,10,,-0.90862,1.23132,1.53027,4.0
13229,2023-02-11,,,,2023,2,11,,-0.98546,1.17363,1.53249,4.0
13230,2023-02-12,,,,2023,2,12,,-1.06744,1.03343,1.48574,3.0
13231,2023-02-13,,,,2023,2,13,,-1.14943,0.84433,1.42622,3.0
13232,2023-02-14,,,,2023,2,14,,-1.19971,0.5598,1.32389,3.0
13233,2023-02-15,,,,2023,2,15,,-1.1998,0.27003,1.22981,3.0
13234,2023-02-16,,,,2023,2,16,,-1.13611,-0.01932,1.13627,2.0
13235,2023-02-17,,,,2023,2,17,,-1.05798,-0.24385,1.08572,2.0
13236,2023-02-18,,,,2023,2,18,,-0.97427,-0.46442,1.0793,2.0
13237,2023-02-19,,,,2023,2,19,,-0.95707,-0.61794,1.13922,2.0
13238,2023-02-20,,,,2023,2,20,,-0.99108,-0.67877,1.20123,2.0
13239,2023-02-21,,,,2023,2,21,,-0.92094,-0.73599,1.1789,2.0
13240,2023-02-22,,,,2023,2,22,,-0.76306,-0.7534,1.07233,2.0
13241,2023-02-23,,,,2023,2,23,,-0.67608,-0.65704,0.94275,2.0
13242,2023-02-24,,,,2023,2,24,,-0.7168,-0.5586,0.90875,2.0
13243,2023-02-25,,,,2023,2,25,,-0.81006,-0.41702,0.9111,2.0
13244,2023-02-26,,,,2023,2,26,,-0.93826,-0.3192,0.99107,2.0
13245,2023-02-27,,,,2023,2,27,,-1.06004,-0.21693,1.08201,2.0
13246,2023-02-28,,,,2023,2,28,,-1.15458,-0.19393,1.17075,2.0
13247,2023-03-01,-0.38,-2.004,0.28,2023,3,1,,-1.24931,-0.22543,1.26949,2.0
13248,2023-03-02,,,,2023,3,2,,-1.40432,-0.37421,1.45332,2.0
13249,2023-03-03,,,,2023,3,3,,-1.57884,-0.63209,1.70067,2.0
13250,2023-03-04,,,,2023,3,4,,-1.69163,-1.00719,1.96877,2.0
13251,2023-03-05,,,,2023,3,5,,-1.68771,-1.43335,2.21424,2.0
13252,2023-03-06,,,,2023,3,6,,-1.67113,-1.90272,2.53239,1.0
13253,2023-03-07,,,,2023,3,7,,-1.64173,-2.3521,2.86839,1.0
13254,2023-03-08,,,,2023,3,8,,-1.61842,-2.73857,3.18105,1.0
13255,2023-03-09,,,,2023,3,9,,-1.51461,-3.01514,3.37418,1.0
13256,2023-03-10,,,,2023,3,10,,-1.26936,-3.21908,3.46031,1.0
13257,2023-03-11,,,,2023,3,11,,-0.96973,-3.31975,3.45848,1.0
13258,2023-03-12,,,,2023,3,12,,-0.61184,-3.32132,3.37721,1.0
13259,2023-03-13,,,,2023,3,13,,-0.08668,-3.23208,3.23324,1.0
13260,2023-03-14,,,,2023,3,14,,0.51776,-3.07568,3.11895,8.0
13261,2023-03-15,,,,2023,3,15,,1.17174,-2.78844,3.02463,8.0
13262,2023-03-16,,,,2023,3,16,,1.78955,-2.32038,2.9303,8.0
13263,2023-03-17,,,,2023,3,17,,2.23603,-1.86809,2.91369,7.0
13264,2023-03-18,,,,2023,3,18,,2.50809,-1.51459,2.92994,7.0
13265,2023-03-19,,,,2023,3,19,,2.63498,-1.30835,2.94192,7.0
13266,2023-03-20,,,,2023,3,20,,2.72235,-1.1316,2.94817,7.0
13267,2023-03-21,,,,2023,3,21,,2.78433,-0.97567,2.95032,7.0
13268,2023-03-22,,,,2023,3,22,,2.74461,-0.86072,2.87641,7.0
13269,2023-03-23,,,,2023,3,23,,2.59165,-0.67647,2.67848,7.0
13270,2023-03-24,,,,2023,3,24,,2.41833,-0.42168,2.45481,7.0
13271,2023-03-25,,,,2023,3,25,,2.11617,-0.2381,2.12952,7.0
13272,2023-03-26,,,,2023,3,26,,1.81865,-0.04842,1.81929,7.0
13273,2023-03-27,,,,2023,3,27,,1.51505,0.13766,1.52129,6.0
13274,2023-03-28,,,,2023,3,28,,1.21949,0.39312,1.28129,6.0
13275,2023-03-29,,,,2023,3,29,,0.99564,0.61796,1.17183,6.0
13276,2023-03-30,,,,2023,3,30,,0.80288,0.80325,1.13571,5.0
13277,2023-03-31,,,,2023,3,31,,0.59492,0.99165,1.15642,5.0
13278,2023-04-01,-0.03,-2.553,-0.973,2023,4,1,,0.41479,1.1113,1.18618,5.0
13279,2023-04-02,,,,2023,4,2,,0.18802,1.12583,1.14142,5.0
13280,2023-04-03,,,,2023,4,3,,-0.0145,1.17918,1.17927,4.0
13281,2023-04-04,,,,2023,4,4,,-0.26914,1.19806,1.22792,4.0
13282,2023-04-05,,,,2023,4,5,,-0.53095,1.16667,1.28181,4.0
13283,2023-04-06,,,,2023,4,6,,-0.78855,0.9852,1.26192,4.0
13284,2023-04-07,,,,2023,4,7,,-1.01614,0.73183,1.25225,3.0
13285,2023-04-08,,,,2023,4,8,,-1.20638,0.54492,1.32375,3.0
13286,2023-04-09,,,,2023,4,9,,-1.27803,0.37235,1.33117,3.0
13287,2023-04-10,,,,2023,4,10,,-1.28307,0.21619,1.30116,3.0
13288,2023-04-11,,,,2023,4,11,,-1.33843,0.12325,1.34409,3.0
13289,2023-04-12,,,,2023,4,12,,-1.38767,0.00849,1.3877,3.0
13290,2023-04-13,,,,2023,4,13,,-1.43414,-0.14573,1.44153,2.0
13291,2023-04-14,,,,2023,4,14,,-1.41732,-0.30919,1.45065,2.0
13292,2023-04-15,,,,2023,4,15,,-1.33393,-0.4238,1.39963,2.0
13293,2023-04-16,,,,2023,4,16,,-1.23975,-0.54462,1.3541,2.0
13294,2023-04-17,,,,2023,4,17,,-1.21194,-0.71867,1.409,2.0
13295,2023-04-18,,,,2023,4,18,,-1.13054,-0.84944,1.4141,2.0
13296,2023-04-19,,,,2023,4,19,,-1.07506,-0.94627,1.4322,2.0
13297,2023-04-20,,,,2023,4,20,,-0.8434,-1.03227,1.333,1.0
13298,2023-04-21,,,,2023,4,21,,-0.49328,-1.12261,1.22621,1.0
13299,2023-04-22,,,,2023,4,22,,-0.1405,-1.14498,1.15357,1.0
13300,2023-04-23,,,,2023,4,23,,0.23755,-1.03896,1.06577,8.0
13301,2023-04-24,,,,2023,4,24,,0.51742,-0.88173,1.02234,8.0
13302,2023-04-25,,,,2023,4,25,,0.71068,-0.64491,0.95967,7.0
13303,2023-04-26,,,,2023,4,26,,0.9117,-0.41565,1.00198,7.0
13304,2023-04-27,,,,2023,4,27,,1.07066,-0.19906,1.089,7.0
13305,2023-04-28,,,,2023,4,28,,1.24958,0.01006,1.24962,6.0
13306,2023-04-29,,,,2023,4,29,,1.31796,0.1811,1.33034,6.0
13307,2023-04-30,,,,2023,4,30,,1.36217,0.34065,1.40412,6.0
13308,2023-05-01,-1.6,-1.919,1.134,2023,5,1,,1.37605,0.52275,1.472,6.0
13309,2023-05-02,,,,2023,5,2,,1.36657,0.62311,1.50193,6.0
13310,2023-05-03,,,,2023,5,3,,1.34801,0.74851,1.54188,6.0
13311,2023-05-04,,,,2023,5,4,,1.28829,0.88982,1.56572,6.0
13312,2023-05-05,,,,2023,5,5,,1.25936,1.01444,1.61712,6.0
13313,2023-05-06,,,,2023,5,6,,1.12608,1.1208,1.58879,6.0
13314,2023-05-07,,,,2023,5,7,,0.95388,1.18124,1.51829,5.0
13315,2023-05-08,,,,2023,5,8,,0.81243,1.18954,1.4405,5.0
13316,2023-05-09,,,,2023,5,9,,0.58573,1.13848,1.28032,5.0
13317,2023-05-10,,,,2023,5,10,,0.36265,0.96681,1.03258,5.0
13318,2023-05-11,,,,2023,5,11,,0.08704,0.74384,0.74891,5.0
13319,2023-05-12,,,,2023,5,12,,-0.20755,0.56484,0.60176,4.0
13320,2023-05-13,,,,2023,5,13,,-0.44846,0.38273,0.58957,3.0
13321,2023-05-14,,,,2023,5,14,,-0.71645,0.27156,0.76619,3.0
13322,2023-05-15,,,,2023,5,15,,-0.93646,0.13496,0.94614,3.0
13323,2023-05-16,,,,2023,5,16,,-1.13916,-0.01985,1.13934,2.0
13324,2023-05-17,,,,2023,5,17,,-1.37524,-0.11977,1.38044,2.0
13325,2023-05-18,,,,2023,5,18,,-1.64004,-0.1457,1.6465,2.0
13326,2023-05-19,,,,2023,5,19,,-1.91557,-0.08861,1.91762,2.0
13327,2023-05-20,,,,2023,5,20,,-2.1922,0.00604,2.19221,3.0
13328,2023-05-21,,,,2023,5,21,,-2.32686,0.04956,2.32739,3.0
13329,2023-05-22,,,,2023,5,22,,-2.35873,0.02719,2.35888,3.0
13330,2023-05-23,,,,2023,5,23,,-2.29966,-0.10772,2.30218,2.0
13331,2023-05-24,,,,2023,5,24,,-2.29917,-0.21758,2.30944,2.0
13332,2023-05-25,,,,2023,5,25,,-2.32689,-0.31412,2.348,2.0
13333,2023-05-26,,,,2023,5,26,,-2.31729,-0.41259,2.35374,2.0
13334,2023-05-27,,,,2023,5,27,,-2.13897,-0.53699,2.20535,2.0
13335,2023-05-28,,,,2023,5,28,,-1.84922,-0.57697,1.93714,2.0
13336,2023-05-29,,,,2023,5,29,,-1.53401,-0.59059,1.64377,2.0
13337,2023-05-30,,,,2023,5,30,,-1.19122,-0.57378,1.32221,2.0
13338,2023-05-31,,,,2023,5,31,,-0.88984,-0.5326,1.03705,2.0
13339,2023-06-01,-0.12,-2.268,-0.286,2023,6,1,,-0.63543,-0.44259,0.77438,2.0
13340,2023-06-02,,,,2023,6,2,,-0.33189,-0.3531,0.48459,1.0
13341,2023-06-03,,,,2023,6,3,,-0.02618,-0.22183,0.22337,1.0
13342,2023-06-04,,,,2023,6,4,,0.23809,-0.07379,0.24926,7.0
13343,2023-06-05,,,,2023,6,5,,0.37606,0.08856,0.38634,6.0
13344,2023-06-06,,,,2023,6,6,,0.3923,0.13133,0.4137,6.0
13345,2023-06-07,,,,2023,6,7,,0.38253,0.15445,0.41253,6.0
13346,2023-06-08,,,,2023,6,8,,0.30372,0.14675,0.33731,6.0
13347,2023-06-09,,,,2023,6,9,,0.25667,0.16571,0.30551,6.0
13348,2023-06-10,,,,2023,6,10,,0.29644,0.24956,0.3875,6.0
13349,2023-06-11,,,,2023,6,11,,0.30498,0.31077,0.43542,5.0
13350,2023-06-12,,,,2023,6,12,,0.25926,0.35701,0.44122,5.0
13351,2023-06-13,,,,2023,6,13,,0.2412,0.45073,0.51121,5.0
13352,2023-06-14,,,,2023,6,14,,0.2579,0.51521,0.57615,5.0
13353,2023-06-15,,,,2023,6,15,,0.3296,0.49742,0.5967,5.0
13354,2023-06-16,,,,2023,6,16,,0.35822,0.45896,0.58221,5.0
13355,2023-06-17,,,,2023,6,17,,0.39797,0.42758,0.58412,5.0
13356,2023-06-18,,,,2023,6,18,,0.42243,0.36438,0.55787,6.0
13357,2023-06-19,,,,2023,6,19,,0.39199,0.23269,0.45585,6.0
13358,2023-06-20,,,,2023,6,20,,0.35512,0.17912,0.39773,6.0
13359,2023-06-21,,,,2023,6,21,,0.38306,0.14995,0.41137,6.0
13360,2023-06-22,,,,2023,6,22,,0.40252,0.03644,0.40417,6.0
13361,2023-06-23,,,,2023,6,23,,0.40878,-0.07853,0.41626,7.0
13362,2023-06-24,,,,2023,6,24,,0.33341,-0.10586,0.34981,7.0
13363,2023-06-25,,,,2023,6,25,,0.34333,-0.05685,0.348,7.0
13364,2023-06-26,,,,2023,6,26,,0.41155,-0.0617,0.41615,7.0
13365,2023-06-27,,,,2023,6,27,,0.51347,-0.00497,0.51349,7.0
13366,2023-06-28,,,,2023,6,28,,0.58979,0.07954,0.59513,6.0
13367,2023-06-29,,,,2023,6,29,,0.67328,0.19929,0.70216,6.0
13368,2023-06-30,,,,2023,6,30,,0.79722,0.29561,0.85026,6.0
13369,2023-07-01,-0.38,-2.196,-0.154,2023,7,1,,0.92379,0.40804,1.00989,6.0
13370,2023-07-02,,,,2023,7,2,,0.92394,0.52677,1.06356,6.0
13371,2023-07-03,,,,2023,7,3,,0.98901,0.61235,1.16323,6.0
13372,2023-07-04,,,,2023,7,4,,0.99515,0.62588,1.1756,6.0
13373,2023-07-05,,,,2023,7,5,,0.87464,0.67991,1.10782,6.0
13374,2023-07-06,,,,2023,7,6,,0.80203,0.68923,1.05749,6.0
13375,2023-07-07,,,,2023,7,7,,0.7363,0.67531,0.99909,6.0
13376,2023-07-08,,,,2023,7,8,,0.65465,0.57622,0.87212,6.0
13377,2023-07-09,,,,2023,7,9,,0.45033,0.4653,0.64754,5.0
13378,2023-07-10,,,,2023,7,10,,0.19587,0.37476,0.42286,5.0
13379,2023-07-11,,,,2023,7,11,,0.0018,0.32809,0.32809,5.0
13380,2023-07-12,,,,2023,7,12,,-0.24371,0.37192,0.44465,4.0
13381,2023-07-13,,,,2023,7,13,,-0.39316,0.38981,0.55365,3.0
13382,2023-07-14,,,,2023,7,14,,-0.39112,0.39108,0.5531,3.0
13383,2023-07-15,,,,2023,7,15,,-0.47618,0.37446,0.60578,3.0
13384,2023-07-16,,,,2023,7,16,,-0.58826,0.37156,0.69578,3.0
13385,2023-07-17,,,,2023,7,17,,-0.69054,0.40249,0.79928,3.0
13386,2023-07-18,,,,2023,7,18,,-0.76431,0.44879,0.88633,3.0
13387,2023-07-19,,,,2023,7,19,,-0.82068,0.51587,0.96935,3.0
13388,2023-07-20,,,,2023,7,20,,-0.863,0.52924,1.01235,3.0
13389,2023-07-21,,,,2023,7,21,,-0.86292,0.47812,0.98653,3.0
13390,2023-07-22,,,,2023,7,22,,-0.90385,0.42195,0.99749,3.0
13391,2023-07-23,,,,2023,7,23,,-1.04955,0.2584,1.0809,3.0
13392,2023-07-24,,,,2023,7,24,,-1.14876,0.06757,1.15075,3.0
13393,2023-07-25,,,,2023,7,25,,-1.16581,-0.11305,1.17128,2.0
13394,2023-07-26,,,,2023,7,26,,-1.12185,-0.26317,1.15231,2.0
13395,2023-07-27,,,,2023,7,27,,-1.04605,-0.45149,1.13933,2.0
13396,2023-07-28,,,,2023,7,28,,-0.91893,-0.68616,1.14684,2.0
13397,2023-07-29,,,,2023,7,29,,-0.71262,-0.89259,1.14216,1.0
13398,2023-07-30,,,,2023,7,30,,-0.46723,-1.07995,1.17669,1.0
13399,2023-07-31,,,,2023,7,31,,-0.23571,-1.23034,1.25272,1.0
13400,2023-08-01,-1.6,-1.976,-0.602,2023,8,1,,0.04597,-1.30008,1.30089,8.0
13401,2023-08-02,,,,2023,8,2,,0.2621,-1.34688,1.37215,8.0
13402,2023-08-03,,,,2023,8,3,,0.3767,-1.35082,1.40236,8.0
13403,2023-08-04,,,,2023,8,4,,0.47878,-1.32928,1.41287,8.0
13404,2023-08-05,,,,2023,8,5,,0.61181,-1.28942,1.42721,8.0
13405,2023-08-06,,,,2023,8,6,,0.71982,-1.2364,1.43067,8.0
13406,2023-08-07,,,,2023,8,7,,0.77222,-1.21392,1.43873,8.0
13407,2023-08-08,,,,2023,8,8,,0.71638,-1.13275,1.34027,8.0
13408,2023-08-09,,,,2023,8,9,,0.6495,-0.99656,1.18953,8.0
13409,2023-08-10,,,,2023,8,10,,0.54907,-0.83725,1.00123,8.0
13410,2023-08-11,,,,2023,8,11,,0.47077,-0.683,0.82953,8.0
13411,2023-08-12,,,,2023,8,12,,0.44171,-0.53948,0.69724,8.0
13412,2023-08-13,,,,2023,8,13,,0.42812,-0.45205,0.62261,8.0
13413,2023-08-14,,,,2023,8,14,,0.39641,-0.32942,0.51542,7.0
13414,2023-08-15,,,,2023,8,15,,0.3592,-0.24182,0.43302,7.0
13415,2023-08-16,,,,2023,8,16,,0.32517,-0.16028,0.36252,7.0
13416,2023-08-17,,,,2023,8,17,,0.34296,-0.09737,0.35651,7.0
13417,2023-08-18,,,,2023,8,18,,0.37487,-0.10458,0.38918,7.0
13418,2023-08-19,,,,2023,8,19,,0.3796,-0.15117,0.40859,7.0
13419,2023-08-20,,,,2023,8,20,,0.34386,-0.20769,0.40171,7.0
13420,2023-08-21,,,,2023,8,21,,0.31902,-0.27934,0.42404,7.0
13421,2023-08-22,,,,2023,8,22,,0.21601,-0.39592,0.45101,8.0
13422,2023-08-23,,,,2023,8,23,,0.07961,-0.49073,0.49714,8.0
13423,2023-08-24,,,,2023,8,24,,-0.0653,-0.48266,0.48706,1.0
13424,2023-08-25,,,,2023,8,25,,-0.19026,-0.39033,0.43423,1.0
13425,2023-08-26,,,,2023,8,26,,-0.18817,-0.35028,0.39763,1.0
13426,2023-08-27,,,,2023,8,27,,-0.16515,-0.29378,0.33701,1.0
13427,2023-08-28,,,,2023,8,28,,-0.16234,-0.21796,0.27178,1.0
13428,2023-08-29,,,,2023,8,29,,-0.15447,-0.05137,0.16279,2.0
13429,2023-08-30,,,,2023,8,30,,-0.12459,0.14514,0.19128,4.0
13430,2023-08-31,,,,2023,8,31,,0.0144,0.392,0.39227,5.0
13431,2023-09-01,-1.36,-2.464,0.318,2023,9,1,,0.13802,0.52069,0.53868,5.0
13432,2023-09-02,,,,2023,9,2,,0.26629,0.59463,0.65153,5.0
13433,2023-09-03,,,,2023,9,3,,0.35066,0.60257,0.69718,5.0
13434,2023-09-04,,,,2023,9,4,,0.28119,0.6807,0.73649,5.0
13435,2023-09-05,,,,2023,9,5,,0.19187,0.82323,0.8453,5.0
13436,2023-09-06,,,,2023,9,6,,0.0781,0.99387,0.99693,5.0
13437,2023-09-07,,,,2023,9,7,,0.02959,1.06963,1.07004,5.0
13438,2023-09-08,,,,2023,9,8,,-0.08838,1.05492,1.05861,4.0
13439,2023-09-09,,,,2023,9,9,,-0.23985,0.9694,0.99863,4.0
13440,2023-09-10,,,,2023,9,10,,-0.36217,1.0016,1.06507,4.0
13441,2023-09-11,,,,2023,9,11,,-0.49047,1.02173,1.13335,4.0
13442,2023-09-12,,,,2023,9,12,,-0.58554,1.01419,1.17109,4.0
13443,2023-09-13,,,,2023,9,13,,-0.63294,0.95574,1.14632,4.0
13444,2023-09-14,,,,2023,9,14,,-0.67325,0.85364,1.08719,4.0
13445,2023-09-15,,,,2023,9,15,,-0.57921,0.7111,0.91714,4.0
13446,2023-09-16,,,,2023,9,16,,-0.52188,0.5777,0.77853,4.0
13447,2023-09-17,,,,2023,9,17,,-0.46428,0.47948,0.66742,4.0
13448,2023-09-18,,,,2023,9,18,,-0.41146,0.46182,0.61853,4.0
13449,2023-09-19,,,,2023,9,19,,-0.40242,0.40676,0.57219,4.0
13450,2023-09-20,,,,2023,9,20,,-0.37379,0.39811,0.54609,4.0
13451,2023-09-21,,,,2023,9,21,,-0.3691,0.38042,0.53005,4.0
13452,2023-09-22,,,,2023,9,22,,-0.39358,0.40219,0.56273,4.0
13453,2023-09-23,,,,2023,9,23,,-0.43354,0.42686,0.60841,3.0
13454,2023-09-24,,,,2023,9,24,,-0.5519,0.44296,0.70768,3.0
13455,2023-09-25,,,,2023,9,25,,-0.67413,0.44579,0.80819,3.0
13456,2023-09-26,,,,2023,9,26,,-0.72312,0.39793,0.82538,3.0
13457,2023-09-27,,,,2023,9,27,,-0.78385,0.29856,0.83879,3.0
13458,2023-09-28,,,,2023,9,28,,-0.74948,0.21183,0.77884,3.0
13459,2023-09-29,,,,2023,9,29,,-0.68182,0.07105,0.68551,3.0
13460,2023-09-30,,,,2023,9,30,,-0.61435,-0.10802,0.62377,2.0
13461,2023-10-01,-0.6,-1.971,-0.414,2023,10,1,,-0.54677,-0.35248,0.65054,2.0
13462,2023-10-02,,,,2023,10,2,,-0.53275,-0.58533,0.79148,1.0
13463,2023-10-03,,,,2023,10,3,,-0.52486,-0.77965,0.93986,1.0
13464,2023-10-04,,,,2023,10,4,,-0.51323,-0.99114,1.11614,1.0
13465,2023-10-05,,,,2023,10,5,,-0.50775,-1.17541,1.28038,1.0
13466,2023-10-06,,,,2023,10,6,,-0.43163,-1.29928,1.3691,1.0
13467,2023-10-07,,,,2023,10,7,,-0.28637,-1.39851,1.42753,1.0
13468,2023-10-08,,,,2023,10,8,,-0.13739,-1.44478,1.4513,1.0
13469,2023-10-09,,,,2023,10,9,,0.04941,-1.36353,1.36442,8.0
13470,2023-10-10,,,,2023,10,10,,0.2263,-1.18004,1.20154,8.0
13471,2023-10-11,,,,2023,10,11,,0.36191,-0.96668,1.0322,8.0
13472,2023-10-12,,,,2023,10,12,,0.49466,-0.76282,0.90917,8.0
13473,2023-10-13,,,,2023,10,13,,0.6273,-0.55395,0.83688,7.0
13474,2023-10-14,,,,2023,10,14,,0.76245,-0.38068,0.8522,7.0
13475,2023-10-15,,,,2023,10,15,,0.86803,-0.27647,0.91099,7.0
13476,2023-10-16,,,,2023,10,16,,0.87206,-0.25348,0.90815,7.0
13477,2023-10-17,,,,2023,10,17,,0.77688,-0.24069,0.81331,7.0
13478,2023-10-18,,,,2023,10,18,,0.69566,-0.23714,0.73497,7.0
13479,2023-10-19,,,,2023,10,19,,0.61429,-0.29441,0.68119,7.0
13480,2023-10-20,,,,2023,10,20,,0.54552,-0.36055,0.6539,7.0
13481,2023-10-21,,,,2023,10,21,,0.47689,-0.43948,0.64851,7.0
13482,2023-10-22,,,,2023,10,22,,0.43844,-0.47495,0.64638,8.0
13483,2023-10-23,,,,2023,10,23,,0.40298,-0.47476,0.62273,8.0
13484,2023-10-24,,,,2023,10,24,,0.39738,-0.45311,0.60268,8.0
13485,2023-10-25,,,,2023,10,25,,0.46632,-0.43625,0.63856,7.0
13486,2023-10-26,,,,2023,10,26,,0.56856,-0.47758,0.74252,7.0
13487,2023-10-27,,,,2023,10,27,,0.6426,-0.4982,0.81311,7.0
13488,2023-10-28,,,,2023,10,28,,0.70296,-0.46511,0.8429,7.0
13489,2023-10-29,,,,2023,10,29,,0.80656,-0.4618,0.92941,7.0
13490,2023-10-30,,,,2023,10,30,,0.89546,-0.39985,0.98068,7.0
13491,2023-10-31,,,,2023,10,31,,0.93087,-0.33109,0.988,7.0
13492,2023-11-01,-0.9,-1.731,-0.036,2023,11,1,,0.94221,-0.27181,0.98063,7.0
13493,2023-11-02,,,,2023,11,2,,0.85927,-0.23263,0.8902,7.0
13494,2023-11-03,,,,2023,11,3,,0.7157,-0.18203,0.73848,7.0
13495,2023-11-04,,,,2023,11,4,,0.56063,-0.07639,0.56581,7.0
13496,2023-11-05,,,,2023,11,5,,0.39117,-0.01129,0.39133,7.0
13497,2023-11-06,,,,2023,11,6,,0.22144,0.0003,0.22144,6.0
13498,2023-11-07,,,,2023,11,7,,0.04566,0.07954,0.09171,5.0
13499,2023-11-08,,,,2023,11,8,,-0.11476,0.1672,0.20279,4.0
13500,2023-11-09,,,,2023,11,9,,-0.26594,0.26534,0.37568,3.0
13501,2023-11-10,,,,2023,11,10,,-0.4044,0.36134,0.54231,3.0
13502,2023-11-11,,,,2023,11,11,,-0.48163,0.49521,0.6908,4.0
13503,2023-11-12,,,,2023,11,12,,-0.45245,0.60798,0.75786,4.0
13504,2023-11-13,,,,2023,11,13,,-0.30189,0.62359,0.69282,4.0
13505,2023-11-14,,,,2023,11,14,,-0.11911,0.6202,0.63153,4.0
13506,2023-11-15,,,,2023,11,15,,0.10202,0.56329,0.57245,5.0
13507,2023-11-16,,,,2023,11,16,,0.21968,0.37974,0.4387,5.0
13508,2023-11-17,,,,2023,11,17,,0.35055,0.25662,0.43444,6.0
13509,2023-11-18,,,,2023,11,18,,0.49105,0.19051,0.52671,6.0
13510,2023-11-19,,,,2023,11,19,,0.6154,0.24309,0.66167,6.0
13511,2023-11-20,,,,2023,11,20,,0.74755,0.34184,0.822,6.0
13512,2023-11-21,,,,2023,11,21,,0.74802,0.51097,0.90588,6.0
13513,2023-11-22,,,,2023,11,22,,0.68616,0.6754,0.96279,6.0
13514,2023-11-23,,,,2023,11,23,,0.64755,0.74263,0.9853,5.0
13515,2023-11-24,,,,2023,11,24,,0.63772,0.83158,1.04796,5.0
13516,2023-11-25,,,,2023,11,25,,0.63072,0.98521,1.16981,5.0
13517,2023-11-26,,,,2023,11,26,,0.5814,1.08807,1.23367,5.0
13518,2023-11-27,,,,2023,11,27,,0.52513,1.08401,1.20451,5.0
13519,2023-11-28,,,,2023,11,28,,0.44363,1.01613,1.10875,5.0
13520,2023-11-29,,,,2023,11,29,,0.36481,0.96402,1.03074,5.0
13521,2023-11-30,,,,2023,11,30,,0.31583,0.88356,0.93831,5.0
13522,2023-12-01,-0.39,-1.705,-0.221,2023,12,1,,0.21452,0.79095,0.81953,5.0
13523,2023-12-02,,,,2023,12,2,,0.11698,0.78433,0.79301,5.0
13524,2023-12-03,,,,2023,12,3,,0.01672,0.8282,0.82837,5.0
13525,2023-12-04,,,,2023,12,4,,-0.04706,0.8247,0.82604,4.0
13526,2023-12-05,,,,2023,12,5,,-0.09093,0.71477,0.72053,4.0
13527,2023-12-06,,,,2023,12,6,,-0.07438,0.62825,0.63264,4.0
13528,2023-12-07,,,,2023,12,7,,0.00089,0.49704,0.49704,5.0
13529,2023-12-08,,,,2023,12,8,,0.03486,0.37747,0.37908,5.0
13530,2023-12-09,,,,2023,12,9,,-0.02683,0.22788,0.22945,4.0
13531,2023-12-10,,,,2023,12,10,,-0.04944,0.11374,0.12402,4.0
13532,2023-12-11,,,,2023,12,11,,-0.06056,-0.04332,0.07446,2.0
13533,2023-12-12,,,,2023,12,12,,-0.05239,-0.18709,0.19429,1.0
13534,2023-12-13,,,,2023,12,13,,-0.01311,-0.28816,0.28846,1.0
13535,2023-12-14,,,,2023,12,14,,0.04544,-0.39477,0.39737,8.0
13536,2023-12-15,,,,2023,12,15,,0.05484,-0.49427,0.4973,8.0
13537,2023-12-16,,,,2023,12,16,,0.05383,-0.5463,0.54895,8.0
13538,2023-12-17,,,,2023,12,17,,0.11551,-0.61397,0.62474,8.0
13539,2023-12-18,,,,2023,12,18,,0.29566,-0.64593,0.71038,8.0
13540,2023-12-19,,,,2023,12,19,,0.47827,-0.64688,0.80449,8.0
13541,2023-12-20,,,,2023,12,20,,0.57481,-0.57924,0.81605,8.0
13542,2023-12-21,,,,2023,12,21,,0.65721,-0.56263,0.86514,7.0
13543,2023-12-22,,,,2023,12,22,,0.70749,-0.59627,0.92525,7.0
13544,2023-12-23,,,,2023,12,23,,0.78094,-0.58275,0.9744,7.0
13545,2023-12-24,,,,2023,12,24,,0.88037,-0.57522,1.05163,7.0
13546,2023-12-25,,,,2023,12,25,,0.9754,-0.53882,1.11433,7.0
13547,2023-12-26,,,,2023,12,26,,1.08284,-0.52338,1.20269,7.0
13548,2023-12-27,,,,2023,12,27,,1.16835,-0.45627,1.25428,7.0
13549,2023-12-28,,,,2023,12,28,,1.21025,-0.42484,1.28265,7.0
13550,2023-12-29,,,,2023,12,29,,1.32128,-0.39052,1.37778,7.0
13551,2023-12-30,,,,2023,12,30,,1.39545,-0.26573,1.42053,7.0
13552,2023-12-31,,,,2023,12,31,,1.45481,-0.12206,1.45992,7.0
13553,2024-01-01,0.31,-1.357,-0.21,2024,1,1,,1.52484,0.00746,1.52486,6.0
13554,2024-01-02,,,,2024,1,2,,1.56886,0.25247,1.58905,6.0
13555,2024-01-03,,,,2024,1,3,,1.55954,0.50457,1.63913,6.0
13556,2024-01-04,,,,2024,1,4,,1.4514,0.79884,1.65671,6.0
13557,2024-01-05,,,,2024,1,5,,1.29643,1.06751,1.67937,6.0
13558,2024-01-06,,,,2024,1,6,,1.12644,1.24953,1.68232,5.0
13559,2024-01-07,,,,2024,1,7,,0.92548,1.41313,1.68921,5.0
13560,2024-01-08,,,,2024,1,8,,0.70306,1.52727,1.68132,5.0
13561,2024-01-09,,,,2024,1,9,,0.4302,1.6669,1.72152,5.0
13562,2024-01-10,,,,2024,1,10,,0.10232,1.85298,1.8558,5.0
13563,2024-01-11,,,,2024,1,11,,-0.2313,1.97336,1.98687,4.0
13564,2024-01-12,,,,2024,1,12,,-0.52736,2.08576,2.15139,4.0
13565,2024-01-13,,,,2024,1,13,,-0.75864,2.19427,2.32172,4.0
13566,2024-01-14,,,,2024,1,14,,-1.0048,2.25876,2.47217,4.0
13567,2024-01-15,,,,2024,1,15,,-1.17085,2.35983,2.63433,4.0
13568,2024-01-16,,,,2024,1,16,,-1.33971,2.3946,2.74389,4.0
13569,2024-01-17,,,,2024,1,17,,-1.45215,2.34939,2.76195,4.0
13570,2024-01-18,,,,2024,1,18,,-1.48149,2.26225,2.70418,4.0
13571,2024-01-19,,,,2024,1,19,,-1.4581,2.18304,2.6252,4.0
13572,2024-01-20,,,,2024,1,20,,-1.4242,2.07793,2.51916,4.0
13573,2024-01-21,,,,2024,1,21,,-1.45415,1.86857,2.36771,4.0
13574,2024-01-22,,,,2024,1,22,,-1.5353,1.571,2.19663,4.0
13575,2024-01-23,,,,2024,1,23,,-1.53823,1.24405,1.97834,3.0
13576,2024-01-24,,,,2024,1,24,,-1.51296,0.9273,1.77452,3.0
13577,2024-01-25,,,,2024,1,25,,-1.4921,0.60305,1.60935,3.0
13578,2024-01-26,,,,2024,1,26,,-1.47315,0.31385,1.50622,3.0
13579,2024-01-27,,,,2024,1,27,,-1.43624,0.05558,1.43731,3.0
13580,2024-01-28,,,,2024,1,28,,-1.33201,-0.06536,1.33361,2.0
13581,2024-01-29,,,,2024,1,29,,-1.31731,-0.40442,1.37799,2.0
13582,2024-01-30,,,,2024,1,30,,-1.22492,-0.67822,1.40015,2.0
13583,2024-01-31,,,,2024,1,31,,-1.10338,-0.93051,1.44336,2.0
13584,2024-02-01,-1.47,-1.182,0.635,2024,2,1,,-1.00198,-1.0902,1.48071,1.0
13585,2024-02-02,,,,2024,2,2,,-0.99269,-1.10705,1.48694,1.0
13586,2024-02-03,,,,2024,2,3,,-0.9764,-1.06785,1.44695,1.0
13587,2024-02-04,,,,2024,2,4,,-0.95383,-1.07553,1.43755,1.0
13588,2024-02-05,,,,2024,2,5,,-0.85687,-1.15417,1.43747,1.0
13589,2024-02-06,,,,2024,2,6,,-0.84364,-1.3894,1.62547,1.0
13590,2024-02-07,,,,2024,2,7,,-0.78262,-1.39815,1.60228,1.0
13591,2024-02-08,,,,2024,2,8,,-0.71149,-1.40282,1.57293,1.0
13592,2024-02-09,,,,2024,2,9,,-0.6566,-1.37555,1.52422,1.0
13593,2024-02-10,,,,2024,2,10,,-0.58371,-1.37589,1.49459,1.0
13594,2024-02-11,,,,2024,2,11,,-0.46028,-1.49304,1.56237,1.0
13595,2024-02-12,,,,2024,2,12,,-0.22841,-1.65876,1.67442,1.0
13596,2024-02-13,,,,2024,2,13,,0.00776,-1.81581,1.81582,8.0
13597,2024-02-14,,,,2024,2,14,,0.12807,-1.89302,1.89735,8.0
13598,2024-02-15,,,,2024,2,15,,0.1807,-1.91793,1.92643,8.0
13599,2024-02-16,,,,2024,2,16,,0.20793,-1.90388,1.9152,8.0
13600,2024-02-17,,,,2024,2,17,,0.23753,-1.83617,1.85147,8.0
13601,2024-02-18,,,,2024,2,18,,0.28228,-1.77357,1.79589,8.0
13602,2024-02-19,,,,2024,2,19,,0.28655,-1.70043,1.72441,8.0
13603,2024-02-20,,,,2024,2,20,,0.35139,-1.53989,1.57947,8.0
13604,2024-02-21,,,,2024,2,21,,0.43437,-1.28746,1.35876,8.0
13605,2024-02-22,,,,2024,2,22,,0.57543,-1.01725,1.16872,8.0
13606,2024-02-23,,,,2024,2,23,,0.76731,-0.75709,1.07793,7.0
13607,2024-02-24,,,,2024,2,24,,1.0109,-0.42764,1.09763,7.0
13608,2024-02-25,,,,2024,2,25,,1.21174,-0.10242,1.21606,7.0
13609,2024-02-26,,,,2024,2,26,,1.31078,0.22669,1.33023,6.0
13610,2024-02-27,,,,2024,2,27,,1.34684,0.56473,1.46045,6.0
13611,2024-02-28,,,,2024,2,28,,1.41497,0.8338,1.64237,6.0
13612,2024-02-29,,,,2024,2,29,,1.44688,1.05506,1.7907,6.0
13613,2024-03-01,-0.2,-1.179,-0.61,2024,3,1,,1.46901,1.22819,1.91479,6.0
13614,2024-03-02,,,,2024,3,2,,1.4972,1.41241,2.05828,6.0
13615,2024-03-03,,,,2024,3,3,,1.48062,1.65376,2.21972,5.0
13616,2024-03-04,,,,2024,3,4,,1.44065,1.89564,2.38095,5.0
13617,2024-03-05,,,,2024,3,5,,1.37136,2.15104,2.551,5.0
13618,2024-03-06,,,,2024,3,6,,1.26321,2.3351,2.65488,5.0
13619,2024-03-07,,,,2024,3,7,,1.14325,2.46981,2.72158,5.0
13620,2024-03-08,,,,2024,3,8,,0.99649,2.6318,2.81414,5.0
13621,2024-03-09,,,,2024,3,9,,0.85465,2.71108,2.8426,5.0
13622,2024-03-10,,,,2024,3,10,,0.69788,2.72733,2.8152,5.0
13623,2024-03-11,,,,2024,3,11,,0.43749,2.72669,2.76156,5.0
13624,2024-03-12,,,,2024,3,12,,0.05895,2.62617,2.62683,5.0
13625,2024-03-13,,,,2024,3,13,,-0.40139,2.44437,2.47711,4.0
13626,2024-03-14,,,,2024,3,14,,-0.86336,2.09751,2.26825,4.0
13627,2024-03-15,,,,2024,3,15,,-1.26513,1.55951,2.00814,4.0
13628,2024-03-16,,,,2024,3,16,,-1.47986,0.99259,1.78192,3.0
13629,2024-03-17,,,,2024,3,17,,-1.46895,0.48246,1.54615,3.0
13630,2024-03-18,,,,2024,3,18,,-1.28025,0.0295,1.28059,3.0
13631,2024-03-19,,,,2024,3,19,,-1.08646,-0.42229,1.16564,2.0
13632,2024-03-20,,,,2024,3,20,,-0.89358,-0.77824,1.18497,2.0
13633,2024-03-21,,,,2024,3,21,,-0.69738,-1.05743,1.26669,1.0
13634,2024-03-22,,,,2024,3,22,,-0.4893,-1.29045,1.3801,1.0
13635,2024-03-23,,,,2024,3,23,,-0.39207,-1.36244,1.41773,1.0
13636,2024-03-24,,,,2024,3,24,,-0.33641,-1.37851,1.41897,1.0
13637,2024-03-25,,,,2024,3,25,,-0.3206,-1.45039,1.4854,1.0
13638,2024-03-26,,,,2024,3,26,,-0.31731,-1.42877,1.46358,1.0
13639,2024-03-27,,,,2024,3,27,,-0.34205,-1.29574,1.34013,1.0
13640,2024-03-28,,,,2024,3,28,,-0.35111,-1.05876,1.11546,1.0
13641,2024-03-29,,,,2024,3,29,,-0.34723,-0.87737,0.94359,1.0
13642,2024-03-30,,,,2024,3,30,,-0.33316,-0.70967,0.78399,1.0
13643,2024-03-31,,,,2024,3,31,,-0.295,-0.54446,0.61924,1.0
13644,2024-04-01,-0.69,-1.655,0.465,2024,4,1,,-0.23475,-0.55808,0.60544,1.0
13645,2024-04-02,,,,2024,4,2,,-0.13072,-0.57698,0.5916,1.0
13646,2024-04-03,,,,2024,4,3,,-0.03127,-0.48134,0.48235,1.0
13647,2024-04-04,,,,2024,4,4,,0.02424,-0.40187,0.4026,8.0
13648,2024-04-05,,,,2024,4,5,,0.0619,-0.30792,0.31408,8.0
13649,2024-04-06,,,,2024,4,6,,0.09776,-0.28262,0.29905,8.0
13650,2024-04-07,,,,2024,4,7,,0.1554,-0.3052,0.34248,8.0
13651,2024-04-08,,,,2024,4,8,,0.25084,-0.31358,0.40157,8.0
13652,2024-04-09,,,,2024,4,9,,0.30501,-0.37474,0.48318,8.0
13653,2024-04-10,,,,2024,4,10,,0.24383,-0.40016,0.4686,8.0
13654,2024-04-11,,,,2024,4,11,,0.19534,-0.40496,0.44962,8.0
13655,2024-04-12,,,,2024,4,12,,0.26894,-0.41449,0.49409,8.0
13656,2024-04-13,,,,2024,4,13,,0.37766,-0.40508,0.55382,8.0
13657,2024-04-14,,,,2024,4,14,,0.50979,-0.46878,0.69256,7.0
13658,2024-04-15,,,,2024,4,15,,0.61235,-0.50603,0.79438,7.0
13659,2024-04-16,,,,2024,4,16,,0.68887,-0.4701,0.83399,7.0
13660,2024-04-17,,,,2024,4,17,,0.7358,-0.48618,0.88192,7.0
13661,2024-04-18,,,,2024,4,18,,0.81936,-0.44045,0.93025,7.0
13662,2024-04-19,,,,2024,4,19,,1.07317,-0.36664,1.13407,7.0
13663,2024-04-20,,,,2024,4,20,,1.22398,-0.33631,1.26934,7.0
13664,2024-04-21,,,,2024,4,21,,1.24339,-0.35714,1.29367,7.0
13665,2024-04-22,,,,2024,4,22,,1.18982,-0.37894,1.24871,7.0
13666,2024-04-23,,,,2024,4,23,,1.19726,-0.31758,1.23866,7.0
13667,2024-04-24,,,,2024,4,24,,1.24368,-0.2685,1.27234,7.0
13668,2024-04-25,,,,2024,4,25,,1.26198,-0.19859,1.27751,7.0
13669,2024-04-26,,,,2024,4,26,,1.29661,-0.06522,1.29825,7.0
13670,2024-04-27,,,,2024,4,27,,1.22567,0.06499,1.2274,6.0
13671,2024-04-28,,,,2024,4,28,,1.03758,0.21324,1.05926,6.0
13672,2024-04-29,,,,2024,4,29,,0.88645,0.3693,0.9603,6.0
13673,2024-04-30,,,,2024,4,30,,0.73603,0.5135,0.89746,6.0
13674,2024-05-01,0.57,-2.636,-0.048,2024,5,1,,0.60047,0.64105,0.87836,5.0
13675,2024-05-02,,,,2024,5,2,,0.338,0.74939,0.82209,5.0
13676,2024-05-03,,,,2024,5,3,,0.05988,0.84501,0.84713,5.0
13677,2024-05-04,,,,2024,5,4,,-0.17136,0.87282,0.88948,4.0
13678,2024-05-05,,,,2024,5,5,,-0.45749,0.85636,0.9709,4.0
13679,2024-05-06,,,,2024,5,6,,-0.68752,0.86497,1.10493,4.0
13680,2024-05-07,,,,2024,5,7,,-0.77886,0.82627,1.13549,4.0
13681,2024-05-08,,,,2024,5,8,,-0.80549,0.74355,1.09621,3.0
13682,2024-05-09,,,,2024,5,9,,-0.79791,0.68691,1.05286,3.0
13683,2024-05-10,,,,2024,5,10,,-0.72095,0.55985,0.9128,3.0
13684,2024-05-11,,,,2024,5,11,,-0.62026,0.44821,0.76525,3.0
13685,2024-05-12,,,,2024,5,12,,-0.49607,0.37325,0.62081,3.0
13686,2024-05-13,,,,2024,5,13,,-0.41528,0.31298,0.52001,3.0
13687,2024-05-14,,,,2024,5,14,,-0.23209,0.31743,0.39323,4.0
13688,2024-05-15,,,,2024,5,15,,-0.02952,0.29747,0.29893,4.0
13689,2024-05-16,,,,2024,5,16,,0.08969,0.36646,0.37727,5.0
13690,2024-05-17,,,,2024,5,17,,0.16054,0.50165,0.52671,5.0
13691,2024-05-18,,,,2024,5,18,,0.28283,0.63819,0.69806,5.0
13692,2024-05-19,,,,2024,5,19,,0.36144,0.82808,0.90352,5.0
13693,2024-05-20,,,,2024,5,20,,0.43518,0.97869,1.07108,5.0
13694,2024-05-21,,,,2024,5,21,,0.46941,1.06876,1.1673,5.0
13695,2024-05-22,,,,2024,5,22,,0.5109,1.11361,1.22521,5.0
13696,2024-05-23,,,,2024,5,23,,0.52602,1.06236,1.18546,5.0
13697,2024-05-24,,,,2024,5,24,,0.53123,0.9623,1.09919,5.0
13698,2024-05-25,,,,2024,5,25,,0.42023,0.82764,0.92821,5.0
13699,2024-05-26,,,,2024,5,26,,0.3054,0.68098,0.74633,5.0
13700,2024-05-27,,,,2024,5,27,,0.19693,0.62987,0.65994,5.0
13701,2024-05-28,,,,2024,5,28,,0.15451,0.55128,0.57252,5.0
13702,2024-05-29,,,,2024,5,29,,0.08874,0.46482,0.47322,5.0
13703,2024-05-30,,,,2024,5,30,,-0.06132,0.38563,0.39047,4.0
13704,2024-05-31,,,,2024,5,31,,-0.24084,0.30699,0.39019,4.0
13705,2024-06-01,-0.43,-2.78,0.136,2024,6,1,,-0.51803,0.34036,0.61984,3.0
13706,2024-06-02,,,,2024,6,2,,-0.72299,0.41462,0.83344,3.0
13707,2024-06-03,,,,2024,6,3,,-0.83953,0.33534,0.90403,3.0
13708,2024-06-04,,,,2024,6,4,,-0.86564,0.25056,0.90117,3.0
13709,2024-06-05,,,,2024,6,5,,-0.93732,0.1083,0.94355,3.0
13710,2024-06-06,,,,2024,6,6,,-1.04721,0.01718,1.04735,3.0
13711,2024-06-07,,,,2024,6,7,,-1.03255,-0.05699,1.03412,2.0
13712,2024-06-08,,,,2024,6,8,,-0.95556,-0.07319,0.95836,2.0
13713,2024-06-09,,,,2024,6,9,,-0.87963,-0.04157,0.88061,2.0
13714,2024-06-10,,,,2024,6,10,,-0.71272,-0.12476,0.72356,2.0
13715,2024-06-11,,,,2024,6,11,,-0.5279,-0.24875,0.58358,2.0
13716,2024-06-12,,,,2024,6,12,,-0.36762,-0.21303,0.42489,2.0
13717,2024-06-13,,,,2024,6,13,,-0.34994,-0.20447,0.4053,2.0
13718,2024-06-14,,,,2024,6,14,,-0.3172,-0.15941,0.355,2.0
13719,2024-06-15,,,,2024,6,15,,-0.24884,-0.1441,0.28756,2.0
13720,2024-06-16,,,,2024,6,16,,-0.24114,-0.10971,0.26492,2.0
13721,2024-06-17,,,,2024,6,17,,-0.16379,-0.0394,0.16847,2.0
13722,2024-06-18,,,,2024,6,18,,-0.15461,-0.04543,0.16115,2.0
13723,2024-06-19,,,,2024,6,19,,-0.03873,0.0499,0.06317,4.0
13724,2024-06-20,,,,2024,6,20,,-0.02442,0.12222,0.12463,4.0
13725,2024-06-21,,,,2024,6,21,,-0.00341,0.17267,0.1727,4.0
13726,2024-06-22,,,,2024,6,22,,0.08969,0.24864,0.26433,5.0
13727,2024-06-23,,,,2024,6,23,,0.20493,0.21231,0.29508,5.0
13728,2024-06-24,,,,2024,6,24,,0.23737,0.06899,0.2472,6.0
13729,2024-06-25,,,,2024,6,25,,0.25283,0.03766,0.25562,6.0
13730,2024-06-26,,,,2024,6,26,,0.21864,0.06904,0.22928,6.0
13731,2024-06-27,,,,2024,6,27,,0.31951,0.17369,0.36366,6.0
13732,2024-06-28,,,,2024,6,28,,0.26366,0.10834,0.28506,6.0
13733,2024-06-29,,,,2024,6,29,,0.21252,0.16218,0.26734,6.0
13734,2024-06-30,,,,2024,6,30,,0.29299,0.22878,0.37173,6.0
13735,2024-07-01,-0.65,-2.18,0.587,2024,7,1,,0.41047,0.2477,0.47942,6.0
13736,2024-07-02,,,,2024,7,2,,0.48075,0.33239,0.58447,6.0
13737,2024-07-03,,,,2024,7,3,,0.53943,0.52047,0.74959,6.0
13738,2024-07-04,,,,2024,7,4,,0.57957,0.6214,0.84973,5.0
13739,2024-07-05,,,,2024,7,5,,0.62802,0.60896,0.87478,6.0
13740,2024-07-06,,,,2024,7,6,,0.61134,0.61232,0.86526,5.0
13741,2024-07-07,,,,2024,7,7,,0.54303,0.76052,0.93449,5.0
13742,2024-07-08,,,,2024,7,8,,0.52899,0.83769,0.99074,5.0
13743,2024-07-09,,,,2024,7,9,,0.38073,0.87841,0.95737,5.0
13744,2024-07-10,,,,2024,7,10,,0.17012,0.95816,0.97314,5.0
13745,2024-07-11,,,,2024,7,11,,-0.11506,0.98699,0.99368,4.0
13746,2024-07-12,,,,2024,7,12,,-0.38601,1.01755,1.08831,4.0
13747,2024-07-13,,,,2024,7,13,,-0.56515,1.03217,1.17677,4.0
13748,2024-07-14,,,,2024,7,14,,-0.72225,1.05539,1.27887,4.0
13749,2024-07-15,,,,2024,7,15,,-0.80733,1.0205,1.30123,4.0
13750,2024-07-16,,,,2024,7,16,,-0.8473,0.87549,1.21836,4.0
13751,2024-07-17,,,,2024,7,17,,-0.97348,0.74338,1.22485,3.0
13752,2024-07-18,,,,2024,7,18,,-1.02469,0.58343,1.17914,3.0
13753,2024-07-19,,,,2024,7,19,,-1.07492,0.36178,1.13416,3.0
13754,2024-07-20,,,,2024,7,20,,-1.04088,0.16651,1.05412,3.0
13755,2024-07-21,,,,2024,7,21,,-1.00655,-0.02808,1.00694,2.0
13756,2024-07-22,,,,2024,7,22,,-0.95618,-0.22188,0.98158,2.0
13757,2024-07-23,,,,2024,7,23,,-0.98067,-0.41102,1.06332,2.0
13758,2024-07-24,,,,2024,7,24,,-0.9618,-0.56708,1.11653,2.0
13759,2024-07-25,,,,2024,7,25,,-0.81654,-0.7105,1.08238,2.0
13760,2024-07-26,,,,2024,7,26,,-0.52411,-0.91522,1.05467,1.0
13761,2024-07-27,,,,2024,7,27,,-0.23669,-1.11677,1.14158,1.0
13762,2024-07-28,,,,2024,7,28,,-0.00634,-1.16145,1.16147,1.0
13763,2024-07-29,,,,2024,7,29,,0.20387,-1.21125,1.22828,8.0
13764,2024-07-30,,,,2024,7,30,,0.39233,-1.24181,1.30231,8.0
13765,2024-07-31,,,,2024,7,31,,0.52656,-1.26062,1.36617,8.0
13766,2024-08-01,0.59,-1.983,1.284,2024,8,1,,0.70238,-1.27119,1.45232,8.0
13767,2024-08-02,,,,2024,8,2,,0.81641,-1.21147,1.46088,8.0
13768,2024-08-03,,,,2024,8,3,,0.86676,-1.13477,1.42793,8.0
13769,2024-08-04,,,,2024,8,4,,0.8815,-1.09033,1.40209,8.0
13770,2024-08-05,,,,2024,8,5,,0.95588,-1.00197,1.38479,8.0
13771,2024-08-06,,,,2024,8,6,,1.08348,-1.01598,1.48531,7.0
13772,2024-08-07,,,,2024,8,7,,1.24612,-1.0034,1.59989,7.0
13773,2024-08-08,,,,2024,8,8,,1.36628,-1.03914,1.71655,7.0
13774,2024-08-09,,,,2024,8,9,,1.50007,-1.09136,1.85507,7.0
13775,2024-08-10,,,,2024,8,10,,1.58168,-1.15802,1.96029,7.0
13776,2024-08-11,,,,2024,8,11,,1.62292,-1.27182,2.06189,7.0
13777,2024-08-12,,,,2024,8,12,,1.57513,-1.27314,2.02532,7.0
13778,2024-08-13,,,,2024,8,13,,1.53901,-1.17015,1.93334,7.0
13779,2024-08-14,,,,2024,8,14,,1.4203,-1.13044,1.81526,7.0
13780,2024-08-15,,,,2024,8,15,,1.28134,-0.98233,1.61456,7.0
13781,2024-08-16,,,,2024,8,16,,1.12981,-0.79321,1.38045,7.0
13782,2024-08-17,,,,2024,8,17,,1.04004,-0.58507,1.19331,7.0
13783,2024-08-18,,,,2024,8,18,,0.88814,-0.32449,0.94556,7.0
13784,2024-08-19,,,,2024,8,19,,0.76656,-0.01559,0.76672,7.0
13785,2024-08-20,,,,2024,8,20,,0.57179,0.34325,0.66691,6.0
13786,2024-08-21,,,,2024,8,21,,0.41397,0.52381,0.66764,5.0
13787,2024-08-22,,,,2024,8,22,,0.25339,0.66092,0.70782,5.0
13788,2024-08-23,,,,2024,8,23,,0.07029,0.886,0.88878,5.0
13789,2024-08-24,,,,2024,8,24,,-0.13019,1.02583,1.03406,4.0
13790,2024-08-25,,,,2024,8,25,,-0.31427,1.13201,1.17482,4.0
13791,2024-08-26,,,,2024,8,26,,-0.47692,1.27394,1.36028,4.0
13792,2024-08-27,,,,2024,8,27,,-0.61066,1.3515,1.48306,4.0
13793,2024-08-28,,,,2024,8,28,,-0.79894,1.34014,1.56021,4.0
13794,2024-08-29,,,,2024,8,29,,-0.83952,1.24905,1.50497,4.0
13795,2024-08-30,,,,2024,8,30,,-0.83005,1.18741,1.44876,4.0
13796,2024-08-31,,,,2024,8,31,,-0.93566,1.08017,1.42906,4.0
13797,2024-09-01,-0.12,-2.76,-0.624,2024,9,1,,-1.06208,0.90028,1.39231,3.0
13798,2024-09-02,,,,2024,9,2,,-1.10939,0.76772,1.34912,3.0
13799,2024-09-03,,,,2024,9,3,,-1.04462,0.60744,1.20839,3.0
13800,2024-09-04,,,,2024,9,4,,-1.02131,0.41884,1.10386,3.0
13801,2024-09-05,,,,2024,9,5,,-1.08247,0.22267,1.10513,3.0
13802,2024-09-06,,,,2024,9,6,,-1.08949,0.1519,1.10003,3.0
13803,2024-09-07,,,,2024,9,7,,-1.13745,0.08418,1.14056,3.0
13804,2024-09-08,,,,2024,9,8,,-1.29122,0.01866,1.29136,3.0
13805,2024-09-09,,,,2024,9,9,,-1.42975,0.05187,1.4307,3.0
13806,2024-09-10,,,,2024,9,10,,-1.51514,0.10959,1.51909,3.0
13807,2024-09-11,,,,2024,9,11,,-1.52722,0.07303,1.52896,3.0
13808,2024-09-12,,,,2024,9,12,,-1.65427,0.02628,1.65448,3.0
13809,2024-09-13,,,,2024,9,13,,-1.72356,-0.02129,1.72369,2.0
13810,2024-09-14,,,,2024,9,14,,-1.70346,-0.05221,1.70426,2.0
13811,2024-09-15,,,,2024,9,15,,-1.62523,-0.13165,1.63055,2.0
13812,2024-09-16,,,,2024,9,16,,-1.60896,-0.19133,1.62029,2.0
13813,2024-09-17,,,,2024,9,17,,-1.53247,-0.20954,1.54673,2.0
13814,2024-09-18,,,,2024,9,18,,-1.31677,-0.30015,1.35054,2.0
13815,2024-09-19,,,,2024,9,19,,-1.02261,-0.34342,1.07874,2.0
13816,2024-09-20,,,,2024,9,20,,-0.77247,-0.37079,0.85685,2.0
13817,2024-09-21,,,,2024,9,21,,-0.49164,-0.40002,0.63382,2.0
13818,2024-09-22,,,,2024,9,22,,-0.17818,-0.45605,0.48962,1.0
13819,2024-09-23,,,,2024,9,23,,0.19222,-0.5016,0.53717,8.0
13820,2024-09-24,,,,2024,9,24,,0.56549,-0.58656,0.81475,8.0
13821,2024-09-25,,,,2024,9,25,,0.93917,-0.65226,1.14345,7.0
13822,2024-09-26,,,,2024,9,26,,1.23145,-0.68601,1.40963,7.0
13823,2024-09-27,,,,2024,9,27,,1.38074,-0.64951,1.52588,7.0
13824,2024-09-28,,,,2024,9,28,,1.42759,-0.61082,1.55278,7.0
13825,2024-09-29,,,,2024,9,29,,1.45542,-0.54295,1.55339,7.0
13826,2024-09-30,,,,2024,9,30,,1.51195,-0.51495,1.59724,7.0
13827,2024-10-01,0.35,-3.095,0.525,2024,10,1,,1.53276,-0.40075,1.58428,7.0
13828,2024-10-02,,,,2024,10,2,,1.53207,-0.31461,1.56404,7.0
13829,2024-10-03,,,,2024,10,3,,1.53879,-0.19355,1.55092,7.0
13830,2024-10-04,,,,2024,10,4,,1.5427,-0.1166,1.5471,7.0
13831,2024-10-05,,,,2024,10,5,,1.63091,-0.09147,1.63348,7.0
13832,2024-10-06,,,,2024,10,6,,1.78711,-0.07487,1.78868,7.0
13833,2024-10-07,,,,2024,10,7,,1.96672,-0.02242,1.96685,7.0
13834,2024-10-08,,,,2024,10,8,,2.06354,0.10716,2.06632,6.0
13835,2024-10-09,,,,2024,10,9,,2.05829,0.34644,2.08724,6.0
13836,2024-10-10,,,,2024,10,10,,1.92862,0.55039,2.00562,6.0
13837,2024-10-11,,,,2024,10,11,,1.65078,0.69819,1.79235,6.0
13838,2024-10-12,,,,2024,10,12,,1.34357,0.73745,1.53265,6.0
13839,2024-10-13,,,,2024,10,13,,1.04938,0.68104,1.25101,6.0
13840,2024-10-14,,,,2024,10,14,,0.69629,0.59632,0.91674,6.0
13841,2024-10-15,,,,2024,10,15,,0.24112,0.42182,0.48587,5.0
13842,2024-10-16,,,,2024,10,16,,-0.27262,0.22535,0.3537,3.0
13843,2024-10-17,,,,2024,10,17,,-0.75937,0.01423,0.7595,3.0
13844,2024-10-18,,,,2024,10,18,,-1.23615,-0.14243,1.24433,2.0
13845,2024-10-19,,,,2024,10,19,,-1.57517,-0.16695,1.584,2.0
13846,2024-10-20,,,,2024,10,20,,-1.76858,-0.13557,1.77377,2.0
13847,2024-10-21,,,,2024,10,21,,-1.93092,-0.25498,1.94768,2.0
13848,2024-10-22,,,,2024,10,22,,-2.05126,-0.4016,2.0902,2.0
13849,2024-10-23,,,,2024,10,23,,-2.09059,-0.58478,2.17083,2.0
13850,2024-10-24,,,,2024,10,24,,-1.97853,-0.72641,2.10766,2.0
13851,2024-10-25,,,,2024,10,25,,-1.82468,-0.86209,2.01809,2.0
13852,2024-10-26,,,,2024,10,26,,-1.61619,-0.99274,1.89673,2.0
13853,2024-10-27,,,,2024,10,27,,-1.38788,-1.09092,1.7653,2.0
13854,2024-10-28,,,,2024,10,28,,-1.23411,-1.22984,1.74228,2.0
13855,2024-10-29,,,,2024,10,29,,-1.10544,-1.30185,1.70787,1.0
13856,2024-10-30,,,,2024,10,30,,-0.93741,-1.29325,1.59726,1.0
13857,2024-10-31,,,,2024,10,31,,-0.80061,-1.1671,1.41531,1.0
13858,2024-11-01,0.61,-2.88,-0.037,2024,11,1,,-0.73803,-0.96112,1.21179,1.0
13859,2024-11-02,,,,2024,11,2,,-0.71619,-0.83652,1.10122,1.0
13860,2024-11-03,,,,2024,11,3,,-0.61938,-0.75103,0.97349,1.0
13861,2024-11-04,,,,2024,11,4,,-0.51435,-0.6152,0.80189,1.0
13862,2024-11-05,,,,2024,11,5,,-0.34742,-0.47193,0.58602,1.0
13863,2024-11-06,,,,2024,11,6,,-0.15966,-0.35799,0.39198,1.0
13864,2024-11-07,,,,2024,11,7,,-0.008,-0.2723,0.27242,1.0
13865,2024-11-08,,,,2024,11,8,,0.12761,-0.17377,0.2156,8.0
13866,2024-11-09,,,,2024,11,9,,0.29202,-0.11646,0.31439,7.0
13867,2024-11-10,,,,2024,11,10,,0.54958,-0.03773,0.55087,7.0
13868,2024-11-11,,,,2024,11,11,,0.78142,-0.02383,0.78178,7.0
13869,2024-11-12,,,,2024,11,12,,0.9484,-0.03775,0.94915,7.0
13870,2024-11-13,,,,2024,11,13,,1.08731,0.00679,1.08733,6.0
13871,2024-11-14,,,,2024,11,14,,1.19614,0.07643,1.19858,6.0
13872,2024-11-15,,,,2024,11,15,,1.3254,0.17404,1.33678,6.0
13873,2024-11-16,,,,2024,11,16,,1.48366,0.24157,1.50319,6.0
13874,2024-11-17,,,,2024,11,17,,1.60276,0.40682,1.65359,6.0
13875,2024-11-18,,,,2024,11,18,,1.71547,0.68943,1.84882,6.0
13876,2024-11-19,,,,2024,11,19,,1.68331,1.08441,2.00236,6.0
13877,2024-11-20,,,,2024,11,20,,1.51317,1.65055,2.2392,5.0
13878,2024-11-21,,,,2024,11,21,,1.20039,2.17708,2.48608,5.0
13879,2024-11-22,,,,2024,11,22,,0.91744,2.44208,2.60872,5.0
13880,2024-11-23,,,,2024,11,23,,0.72657,2.48615,2.59014,5.0
13881,2024-11-24,,,,2024,11,24,,0.54112,2.40016,2.4604,5.0
13882,2024-11-25,,,,2024,11,25,,0.4121,2.35018,2.38604,5.0
13883,2024-11-26,,,,2024,11,26,,0.338,2.28786,2.31269,5.0
13884,2024-11-27,,,,2024,11,27,,0.30017,2.19894,2.21934,5.0
13885,2024-11-28,,,,2024,11,28,,0.27904,2.08339,2.10199,5.0
13886,2024-11-29,,,,2024,11,29,,0.20549,1.9024,1.91347,5.0
13887,2024-11-30,,,,2024,11,30,,0.07703,1.72381,1.72553,5.0
13888,2024-12-01,1.09,-1.97,-0.335,2024,12,1,,-0.05308,1.59377,1.59465,4.0
13889,2024-12-02,,,,2024,12,2,,-0.19871,1.56627,1.57883,4.0
13890,2024-12-03,,,,2024,12,3,,-0.29646,1.55873,1.58667,4.0
13891,2024-12-04,,,,2024,12,4,,-0.41635,1.50504,1.56157,4.0
13892,2024-12-05,,,,2024,12,5,,-0.51831,1.41403,1.50603,4.0
13893,2024-12-06,,,,2024,12,6,,-0.57336,1.31218,1.43198,4.0
13894,2024-12-07,,,,2024,12,7,,-0.59469,1.17177,1.31404,4.0
13895,2024-12-08,,,,2024,12,8,,-0.63457,1.08055,1.2531,4.0
13896,2024-12-09,,,,2024,12,9,,-0.69873,1.0336,1.24762,4.0
13897,2024-12-10,,,,2024,12,10,,-0.78887,0.95716,1.24036,4.0
13898,2024-12-11,,,,2024,12,11,,-0.84672,0.8069,1.16962,3.0
13899,2024-12-12,,,,2024,12,12,,-0.88283,0.62408,1.08114,3.0
13900,2024-12-13,,,,2024,12,13,,-0.96105,0.47448,1.0718,3.0
13901,2024-12-14,,,,2024,12,14,,-1.03502,0.31332,1.08141,3.0
13902,2024-12-15,,,,2024,12,15,,-1.13679,0.13095,1.14431,3.0
13903,2024-12-16,,,,2024,12,16,,-1.29912,-0.01839,1.29925,2.0
13904,2024-12-17,,,,2024,12,17,,-1.43764,-0.15964,1.44647,2.0
13905,2024-12-18,,,,2024,12,18,,-1.46918,-0.30387,1.50027,2.0
13906,2024-12-19,,,,2024,12,19,,-1.40947,-0.42944,1.47344,2.0
13907,2024-12-20,,,,2024,12,20,,-1.43133,-0.52252,1.52372,2.0
13908,2024-12-21,,,,2024,12,21,,-1.43944,-0.58554,1.55398,2.0
13909,2024-12-22,,,,2024,12,22,,-1.37637,-0.57762,1.49266,2.0
13910,2024-12-23,,,,2024,12,23,,-1.34414,-0.55652,1.4548,2.0
13911,2024-12-24,,,,2024,12,24,,-1.35832,-0.46274,1.43498,2.0
13912,2024-12-25,,,,2024,12,25,,-1.28849,-0.3489,1.33489,2.0
13913,2024-12-26,,,,2024,12,26,,-1.11756,-0.30503,1.15844,2.0
13914,2024-12-27,,,,2024,12,27,,-0.91923,-0.30012,0.96698,2.0
13915,2024-12-28,,,,2024,12,28,,-0.77048,-0.3115,0.83106,2.0
13916,2024-12-29,,,,2024,12,29,,-0.63021,-0.40187,0.74744,2.0
13917,2024-12-30,,,,2024,12,30,,-0.47674,-0.488,0.68222,1.0
13918,2024-12-31,,,,2024,12,31,,-0.33669,-0.64123,0.72425,1.0
13919,2025-01-01,0.26,-1.228,-0.069,2025,1,1,,-0.15161,-0.83951,0.85309,1.0
13920,2025-01-02,,,,2025,1,2,,-0.01538,-1.03555,1.03566,1.0
13921,2025-01-03,,,,2025,1,3,,0.04397,-1.19613,1.19693,8.0
13922,2025-01-04,,,,2025,1,4,,0.09447,-1.28177,1.28524,8.0
13923,2025-01-05,,,,2025,1,5,,0.16386,-1.34737,1.3573,8.0
13924,2025-01-06,,,,2025,1,6,,0.25824,-1.37261,1.39669,8.0
13925,2025-01-07,,,,2025,1,7,,0.44132,-1.33346,1.40459,8.0
13926,2025-01-08,,,,2025,1,8,,0.61568,-1.29596,1.43478,8.0
13927,2025-01-09,,,,2025,1,9,,0.82848,-1.19556,1.45456,8.0
13928,2025-01-10,,,,2025,1,10,,0.97642,-1.05761,1.43942,8.0
13929,2025-01-11,,,,2025,1,11,,1.1456,-0.87945,1.44424,7.0
13930,2025-01-12,,,,2025,1,12,,1.30742,-0.68624,1.47657,7.0
13931,2025-01-13,,,,2025,1,13,,1.44881,-0.55998,1.55327,7.0
13932,2025-01-14,,,,2025,1,14,,1.50703,-0.44391,1.57105,7.0
13933,2025-01-15,,,,2025,1,15,,1.591,-0.27509,1.61461,7.0
13934,2025-01-16,,,,2025,1,16,,1.73049,-0.11308,1.73418,7.0
13935,2025-01-17,,,,2025,1,17,,1.8584,0.09829,1.861,6.0
13936,2025-01-18,,,,2025,1,18,,1.84122,0.25251,1.85845,6.0
13937,2025-01-19,,,,2025,1,19,,1.80488,0.40362,1.84945,6.0
13938,2025-01-20,,,,2025,1,20,,1.74325,0.49621,1.81249,6.0
13939,2025-01-21,,,,2025,1,21,,1.67793,0.5396,1.76256,6.0
13940,2025-01-22,,,,2025,1,22,,1.65515,0.66908,1.78527,6.0
13941,2025-01-23,,,,2025,1,23,,1.65511,0.78314,1.83104,6.0
13942,2025-01-24,,,,2025,1,24,,1.50906,0.85967,1.73675,6.0
13943,2025-01-25,,,,2025,1,25,,1.27893,1.00564,1.62695,6.0
13944,2025-01-26,,,,2025,1,26,,1.06927,1.10933,1.54077,5.0
13945,2025-01-27,,,,2025,1,27,,0.90128,1.24187,1.53445,5.0
13946,2025-01-28,,,,2025,1,28,,0.79338,1.37593,1.58828,5.0
13947,2025-01-29,,,,2025,1,29,,0.72994,1.45193,1.62509,5.0
13948,2025-01-30,,,,2025,1,30,,0.65056,1.52326,1.65636,5.0
13949,2025-01-31,,,,2025,1,31,,0.45257,1.55265,1.61726,5.0
13950,2025-02-01,0.7,-1.29,-0.864,2025,2,1,,0.23925,1.56166,1.57988,5.0
13951,2025-02-02,,,,2025,2,2,,0.11651,1.50966,1.51415,5.0
13952,2025-02-03,,,,2025,2,3,,-0.02948,1.37047,1.37078,4.0
13953,2025-02-04,,,,2025,2,4,,-0.24224,1.25398,1.27717,4.0
13954,2025-02-05,,,,2025,2,5,,-0.40738,1.14776,1.21791,4.0
13955,2025-02-06,,,,2025,2,6,,-0.53832,1.02953,1.16177,4.0
13956,2025-02-07,,,,2025,2,7,,-0.61283,0.87894,1.07149,4.0
13957,2025-02-08,,,,2025,2,8,,-0.66758,0.62425,0.91398,3.0
13958,2025-02-09,,,,2025,2,9,,-0.69889,0.36244,0.78728,3.0
13959,2025-02-10,,,,2025,2,10,,-0.7668,0.16814,0.78502,3.0
13960,2025-02-11,,,,2025,2,11,,-0.87964,0.0313,0.8802,3.0
13961,2025-02-12,,,,2025,2,12,,-0.9387,-0.11252,0.94542,2.0
13962,2025-02-13,,,,2025,2,13,,-0.97073,-0.31724,1.02125,2.0
13963,2025-02-14,,,,2025,2,14,,-1.08685,-0.50862,1.19998,2.0
13964,2025-02-15,,,,2025,2,15,,-1.28628,-0.58378,1.41256,2.0
13965,2025-02-16,,,,2025,2,16,,-1.483,-0.56308,1.5863,2.0
13966,2025-02-17,,,,2025,2,17,,-1.60916,-0.48509,1.68069,2.0
13967,2025-02-18,,,,2025,2,18,,-1.70685,-0.39728,1.75247,2.0
13968,2025-02-19,,,,2025,2,19,,-1.75764,-0.33324,1.78895,2.0
13969,2025-02-20,,,,2025,2,20,,-1.76101,-0.26193,1.78038,2.0
13970,2025-02-21,,,,2025,2,21,,-1.75604,-0.17611,1.76485,2.0
13971,2025-02-22,,,,2025,2,22,,-1.74021,-0.18502,1.75001,2.0
13972,2025-02-23,,,,2025,2,23,,-1.58686,-0.3289,1.62058,2.0
13973,2025-02-24,,,,2025,2,24,,-1.25051,-0.61945,1.39553,2.0
13974,2025-02-25,,,,2025,2,25,,-0.87444,-0.95479,1.29471,1.0
13975,2025-02-26,,,,2025,2,26,,-0.52965,-1.15551,1.27111,1.0
13976,2025-02-27,,,,2025,2,27,,-0.17133,-1.25561,1.26724,1.0
13977,2025-02-28,,,,2025,2,28,,0.18437,-1.33284,1.34553,8.0
13978,2025-03-01,0.88,-1.077,0.556,2025,3,1,,0.51761,-1.49651,1.5835,8.0
13979,2025-03-02,,,,2025,3,2,,0.80524,-1.63022,1.81825,8.0
13980,2025-03-03,,,,2025,3,3,,0.99947,-1.705,1.97635,8.0
13981,2025-03-04,,,,2025,3,4,,1.08349,-1.80899,2.10865,8.0
13982,2025-03-05,,,,2025,3,5,,1.01513,-1.80091,2.06731,8.0
13983,2025-03-06,,,,2025,3,6,,0.96328,-1.64629,1.9074,8.0
13984,2025-03-07,,,,2025,3,7,,0.91067,-1.51249,1.76549,8.0
13985,2025-03-08,,,,2025,3,8,,0.84524,-1.35813,1.59967,8.0
13986,2025-03-09,,,,2025,3,9,,0.74764,-1.17253,1.39061,8.0
13987,2025-03-10,,,,2025,3,10,,0.64692,-0.91146,1.1177,8.0
13988,2025-03-11,,,,2025,3,11,,0.55387,-0.64025,0.84658,8.0
13989,2025-03-12,,,,2025,3,12,,0.53285,-0.34159,0.63294,7.0
13990,2025-03-13,,,,2025,3,13,,0.6371,-0.04226,0.6385,7.0
13991,2025-03-14,,,,2025,3,14,,0.74227,0.22924,0.77686,6.0
13992,2025-03-15,,,,2025,3,15,,0.64727,0.51862,0.82942,6.0
13993,2025-03-16,,,,2025,3,16,,0.48681,0.83223,0.96415,5.0
13994,2025-03-17,,,,2025,3,17,,0.30208,1.03151,1.07483,5.0
13995,2025-03-18,,,,2025,3,18,,0.18391,1.19622,1.21028,5.0
13996,2025-03-19,,,,2025,3,19,,0.02168,1.26305,1.26324,5.0
13997,2025-03-20,,,,2025,3,20,,-0.07715,1.28719,1.2895,4.0
13998,2025-03-21,,,,2025,3,21,,-0.08509,1.2632,1.26607,4.0
13999,2025-03-22,,,,2025,3,22,,-0.16692,1.1616,1.17354,4.0
14000,2025-03-23,,,,2025,3,23,,-0.2728,1.05861,1.09319,4.0
14001,2025-03-24,,,,2025,3,24,,-0.29807,0.99619,1.03983,4.0
14002,2025-03-25,,,,2025,3,25,,-0.29872,0.91595,0.96343,4.0
14003,2025-03-26,,,,2025,3,26,,-0.20091,0.82263,0.84681,4.0
14004,2025-03-27,,,,2025,3,27,,-0.1567,0.63108,0.65024,4.0
14005,2025-03-28,,,,2025,3,28,,-0.07686,0.51473,0.52043,4.0
14006,2025-03-29,,,,2025,3,29,,-0.07862,0.3896,0.39745,4.0
14007,2025-03-30,,,,2025,3,30,,-0.20306,0.27428,0.34126,4.0
14008,2025-03-31,,,,2025,3,31,,-0.26635,0.22916,0.35136,3.0
14009,2025-04-01,0.47,-1.089,0.268,2025,4,1,,-0.3055,0.18732,0.35836,3.0
14010,2025-04-02,,,,2025,4,2,,-0.35227,0.11945,0.37197,3.0
14011,2025-04-03,,,,2025,4,3,,-0.40133,0.04157,0.40348,3.0
14012,2025-04-04,,,,2025,4,4,,-0.54376,-0.00464,0.54378,2.0
14013,2025-04-05,,,,2025,4,5,,-0.60608,0.00329,0.60609,3.0
14014,2025-04-06,,,,2025,4,6,,-0.64287,-0.03139,0.64363,2.0
14015,2025-04-07,,,,2025,4,7,,-0.57216,-0.06006,0.5753,2.0
14016,2025-04-08,,,,2025,4,8,,-0.55503,-0.13748,0.5718,2.0
14017,2025-04-09,,,,2025,4,9,,-0.61861,-0.18231,0.64492,2.0
14018,2025-04-10,,,,2025,4,10,,-0.67318,-0.21513,0.70672,2.0
14019,2025-04-11,,,,2025,4,11,,-0.67973,-0.24268,0.72175,2.0
14020,2025-04-12,,,,2025,4,12,,-0.70353,-0.27085,0.75387,2.0
14021,2025-04-13,,,,2025,4,13,,-0.72216,-0.25168,0.76476,2.0
14022,2025-04-14,,,,2025,4,14,,-0.80403,-0.19376,0.82705,2.0
14023,2025-04-15,,,,2025,4,15,,-0.83614,-0.15557,0.85049,2.0
14024,2025-04-16,,,,2025,4,16,,-0.95489,-0.11545,0.96185,2.0
14025,2025-04-17,,,,2025,4,17,,-0.97184,0.00408,0.97184,3.0
14026,2025-04-18,,,,2025,4,18,,-0.91865,0.10325,0.92444,3.0
14027,2025-04-19,,,,2025,4,19,,-0.79678,0.15403,0.81153,3.0
14028,2025-04-20,,,,2025,4,20,,-0.77245,0.1749,0.79201,3.0
14029,2025-04-21,,,,2025,4,21,,-0.75858,0.18309,0.78036,3.0
14030,2025-04-22,,,,2025,4,22,,-0.72177,0.1745,0.74256,3.0
14031,2025-04-23,,,,2025,4,23,,-0.65861,0.11136,0.66796,3.0
14032,2025-04-24,,,,2025,4,24,,-0.63081,0.0442,0.63236,3.0
14033,2025-04-25,,,,2025,4,25,,-0.59229,-0.09685,0.60016,2.0
14034,2025-04-26,,,,2025,4,26,,-0.57334,-0.25372,0.62697,2.0
14035,2025-04-27,,,,2025,4,27,,-0.59736,-0.40547,0.72197,2.0
14036,2025-04-28,,,,2025,4,28,,-0.62971,-0.50693,0.8084,2.0
14037,2025-04-29,,,,2025,4,29,,-0.61506,-0.57392,0.84124,2.0
14038,2025-04-30,,,,2025,4,30,,-0.58924,-0.62796,0.86113,1.0
14039,2025-05-01,0.42,-1.617,0.904,2025,5,1,,-0.5569,-0.69727,0.89237,1.0
14040,2025-05-02,,,,2025,5,2,,-0.52561,-0.70517,0.87951,1.0
14041,2025-05-03,,,,2025,5,3,,-0.44122,-0.6741,0.80566,1.0
14042,2025-05-04,,,,2025,5,4,,-0.34069,-0.58936,0.68075,1.0
14043,2025-05-05,,,,2025,5,5,,-0.19857,-0.49136,0.52997,1.0
14044,2025-05-06,,,,2025,5,6,,-0.11809,-0.3498,0.36919,1.0
14045,2025-05-07,,,,2025,5,7,,-0.00652,-0.20393,0.20403,1.0
14046,2025-05-08,,,,2025,5,8,,0.13492,-0.08829,0.16123,7.0
14047,2025-05-09,,,,2025,5,9,,0.29318,0.023,0.29408,6.0
14048,2025-05-10,,,,2025,5,10,,0.43715,0.24743,0.50232,6.0
14049,2025-05-11,,,,2025,5,11,,0.51344,0.38886,0.64407,6.0
14050,2025-05-12,,,,2025,5,12,,0.55768,0.50205,0.75038,6.0
14051,2025-05-13,,,,2025,5,13,,0.5858,0.58315,0.82657,6.0
14052,2025-05-14,,,,2025,5,14,,0.52244,0.66575,0.84627,5.0
14053,2025-05-15,,,,2025,5,15,,0.56341,0.6875,0.88887,5.0
14054,2025-05-16,,,,2025,5,16,,0.55632,0.70089,0.89484,5.0
14055,2025-05-17,,,,2025,5,17,,0.46322,0.76202,0.89176,5.0
14056,2025-05-18,,,,2025,5,18,,0.39458,0.79732,0.88961,5.0
14057,2025-05-19,,,,2025,5,19,,0.33009,0.72364,0.79537,5.0
14058,2025-05-20,,,,2025,5,20,,0.33911,0.65081,0.73386,5.0
14059,2025-05-21,,,,2025,5,21,,0.34968,0.56867,0.66758,5.0
14060,2025-05-22,,,,2025,5,22,,0.34431,0.49267,0.60106,5.0
14061,2025-05-23,,,,2025,5,23,,0.33045,0.43295,0.54465,5.0
14062,2025-05-24,,,,2025,5,24,,0.25021,0.39148,0.46461,5.0
14063,2025-05-25,,,,2025,5,25,,0.18975,0.2487,0.31282,5.0
14064,2025-05-26,,,,2025,5,26,,0.16525,0.0782,0.18282,6.0
14065,2025-05-27,,,,2025,5,27,,0.12277,-0.03427,0.12746,7.0
14066,2025-05-28,,,,2025,5,28,,0.06407,-0.14853,0.16176,8.0
14067,2025-05-29,,,,2025,5,29,,-0.01231,-0.20038,0.20076,1.0
14068,2025-05-30,,,,2025,5,30,,-0.06424,-0.25173,0.2598,1.0
14069,2025-05-31,,,,2025,5,31,,-0.13798,-0.25259,0.28782,1.0
14070,2025-06-01,0.16,-2.741,1.134,2025,6,1,,-0.18763,-0.28836,0.34402,1.0
14071,2025-06-02,,,,2025,6,2,,-0.16385,-0.36453,0.39966,1.0
14072,2025-06-03,,,,2025,6,3,,-0.17011,-0.32039,0.36275,1.0
14073,2025-06-04,,,,2025,6,4,,-0.17845,-0.27262,0.32583,1.0
14074,2025-06-05,,,,2025,6,5,,-0.21855,-0.21293,0.30513,2.0
14075,2025-06-06,,,,2025,6,6,,-0.24523,-0.12109,0.2735,2.0
14076,2025-06-07,,,,2025,6,7,,-0.27906,-0.11845,0.30316,2.0
14077,2025-06-08,,,,2025,6,8,,-0.35416,-0.107,0.36997,2.0
14078,2025-06-09,,,,2025,6,9,,-0.40415,-0.07292,0.41068,2.0
14079,2025-06-10,,,,2025,6,10,,-0.32132,-0.02372,0.32219,2.0
14080,2025-06-11,,,,2025,6,11,,-0.20815,-0.00988,0.20838,2.0
14081,2025-06-12,,,,2025,6,12,,-0.1209,-0.04641,0.1295,2.0
14082,2025-06-13,,,,2025,6,13,,-0.06177,-0.04137,0.07435,2.0
14083,2025-06-14,,,,2025,6,14,,0.01866,-0.03668,0.04116,8.0
14084,2025-06-15,,,,2025,6,15,,0.06952,-0.07139,0.09965,8.0
14085,2025-06-16,,,,2025,6,16,,0.09835,-0.07258,0.12223,7.0
14086,2025-06-17,,,,2025,6,17,,0.13792,-0.0233,0.13988,7.0
14087,2025-06-18,,,,2025,6,18,,0.24714,0.02671,0.24858,6.0
14088,2025-06-19,,,,2025,6,19,,0.20157,0.02144,0.20271,6.0
14089,2025-06-20,,,,2025,6,20,,0.0574,0.02261,0.06169,6.0
14090,2025-06-21,,,,2025,6,21,,-0.11773,0.06082,0.13251,3.0
14091,2025-06-22,,,,2025,6,22,,-0.2696,0.10834,0.29056,3.0
14092,2025-06-23,,,,2025,6,23,,-0.39975,0.06371,0.4048,3.0
14093,2025-06-24,,,,2025,6,24,,-0.43881,0.00233,0.43881,3.0
14094,2025-06-25,,,,2025,6,25,,-0.48935,-0.04809,0.49171,2.0
14095,2025-06-26,,,,2025,6,26,,-0.58475,-0.16275,0.60698,2.0
14096,2025-06-27,,,,2025,6,27,,-0.66268,-0.26311,0.713,2.0
14097,2025-06-28,,,,2025,6,28,,-0.6561,-0.27416,0.71108,2.0
14098,2025-06-29,,,,2025,6,29,,-0.60538,-0.30815,0.6793,2.0
14099,2025-06-30,,,,2025,6,30,,-0.46067,-0.35197,0.57974,2.0
14100,2025-07-01,0.7,-3.715,0.499,2025,7,1,,-0.2476,-0.38756,0.4599,1.0
14101,2025-07-02,,,,2025,7,2,,-0.11643,-0.33508,0.35474,1.0
14102,2025-07-03,,,,2025,7,3,,-0.04194,-0.30639,0.30925,1.0
14103,2025-07-04,,,,2025,7,4,,0.16649,-0.28932,0.3338,8.0
14104,2025-07-05,,,,2025,7,5,,0.36793,-0.28578,0.46588,7.0
14105,2025-07-06,,,,2025,7,6,,0.4673,-0.24579,0.528,7.0
14106,2025-07-07,,,,2025,7,7,,0.5215,-0.22465,0.56783,7.0
14107,2025-07-08,,,,2025,7,8,,0.63792,-0.11035,0.64739,7.0
14108,2025-07-09,,,,2025,7,9,,0.70091,-0.00898,0.70096,7.0
14109,2025-07-10,,,,2025,7,10,,0.71958,0.09888,0.72634,6.0
14110,2025-07-11,,,,2025,7,11,,0.68296,0.23459,0.72213,6.0
14111,2025-07-12,,,,2025,7,12,,0.57044,0.37781,0.6842,6.0
14112,2025-07-13,,,,2025,7,13,,0.38952,0.49052,0.62637,5.0
14113,2025-07-14,,,,2025,7,14,,0.15747,0.56967,0.59103,5.0
14114,2025-07-15,,,,2025,7,15,,-0.02897,0.59356,0.59427,4.0
14115,2025-07-16,,,,2025,7,16,,-0.1897,0.60077,0.63001,4.0
14116,2025-07-17,,,,2025,7,17,,-0.40598,0.51027,0.65207,4.0
14117,2025-07-18,,,,2025,7,18,,-0.6044,0.36035,0.70367,3.0
14118,2025-07-19,,,,2025,7,19,,-0.83895,0.15842,0.85378,3.0
14119,2025-07-20,,,,2025,7,20,,-0.97732,-0.05814,0.97905,2.0
14120,2025-07-21,,,,2025,7,21,,-0.92903,-0.29845,0.97579,2.0
14121,2025-07-22,,,,2025,7,22,,-0.82504,-0.49521,0.96225,2.0
14122,2025-07-23,,,,2025,7,23,,-0.62495,-0.67458,0.91958,1.0
14123,2025-07-24,,,,2025,7,24,,-0.50315,-0.95403,1.07858,1.0
14124,2025-07-25,,,,2025,7,25,,-0.34254,-1.22008,1.26725,1.0
14125,2025-07-26,,,,2025,7,26,,-0.05783,-1.36497,1.36619,1.0
14126,2025-07-27,,,,2025,7,27,,0.25107,-1.44877,1.47036,8.0
14127,2025-07-28,,,,2025,7,28,,0.65545,-1.44781,1.58926,8.0
14128,2025-07-29,,,,2025,7,29,,1.05124,-1.45087,1.79168,8.0
14129,2025-07-30,,,,2025,7,30,,1.32599,-1.39371,1.92372,8.0
14130,2025-07-31,,,,2025,7,31,,1.50233,-1.34071,2.01358,7.0
14131,2025-08-01,-9999.0,-2.805,0.036,2025,8,1,,1.58762,-1.21087,1.99668,7.0
14132,2025-08-02,,,,2025,8,2,,1.67043,-0.90233,1.89857,7.0
14133,2025-08-03,,,,2025,8,3,,1.72757,-0.61183,1.83271,7.0
14134,2025-08-04,,,,2025,8,4,,1.67616,-0.34327,1.71095,7.0
14135,2025-08-05,,,,2025,8,5,,1.54701,-0.09956,1.55021,7.0
14136,2025-08-06,,,,2025,8,6,,1.29325,0.10306,1.29735,6.0
14137,2025-08-07,,,,2025,8,7,,1.10047,0.31341,1.14423,6.0
14138,2025-08-08,,,,2025,8,8,,0.94504,0.55881,1.0979,6.0
14139,2025-08-09,,,,2025,8,9,,0.75907,0.78699,1.09341,5.0
14140,2025-08-10,,,,2025,8,10,,0.62467,0.98083,1.16286,5.0
14141,2025-08-11,,,,2025,8,11,,0.53239,1.11316,1.23392,5.0
14142,2025-08-12,,,,2025,8,12,,0.33916,1.20736,1.25409,5.0
14143,2025-08-13,,,,2025,8,13,,0.08297,1.25539,1.25813,5.0
14144,2025-08-14,,,,2025,8,14,,-0.0693,1.2755,1.27738,4.0
14145,2025-08-15,,,,2025,8,15,,-0.05266,1.27634,1.27743,4.0
14146,2025-08-16,,,,2025,8,16,,-0.15118,1.23269,1.24193,4.0
14147,2025-08-17,,,,2025,8,17,,-0.35231,1.14647,1.19938,4.0
14148,2025-08-18,,,,2025,8,18,,-0.53088,1.08078,1.20412,4.0
14149,2025-08-19,,,,2025,8,19,,-0.65102,1.03105,1.21938,4.0
14150,2025-08-20,,,,2025,8,20,,-0.77281,0.88531,1.17516,4.0
14151,2025-08-21,,,,2025,8,21,,-0.81432,0.74816,1.10583,3.0
14152,2025-08-22,,,,2025,8,22,,-0.74336,0.71052,1.02831,3.0
14153,2025-08-23,,,,2025,8,23,,-0.6917,0.76599,1.03208,4.0
14154,2025-08-24,,,,2025,8,24,,-0.80744,0.81413,1.14663,4.0
14155,2025-08-25,,,,2025,8,25,,-0.8413,0.85938,1.20263,4.0
14156,2025-08-26,,,,2025,8,26,,-0.77962,0.85084,1.15401,4.0
14157,2025-08-27,,,,2025,8,27,,-0.67504,0.86661,1.09849,4.0
14158,2025-08-28,,,,2025,8,28,,-0.62119,0.82089,1.02943,4.0
14159,2025-08-29,,,,2025,8,29,,-0.52137,0.78069,0.93878,4.0
14160,2025-08-30,,,,2025,8,30,,-0.34778,0.74833,0.82519,4.0
14161,2025-08-31,,,,2025,8,31,,-0.26495,0.58599,0.6431,4.0
14162,2025-09-01,-9999.0,-2.075,0.048,2025,9,1,,-0.25312,0.40797,0.48011,4.0
14163,2025-09-02,,,,2025,9,2,,-0.20909,0.33018,0.39082,4.0
14164,2025-09-03,,,,2025,9,3,,-0.12584,0.31713,0.34118,4.0
14165,2025-09-04,,,,2025,9,4,,-0.02539,0.30832,0.30937,4.0
14166,2025-09-05,,,,2025,9,5,,0.06889,0.22533,0.23562,5.0
14167,2025-09-06,,,,2025,9,6,,0.19177,0.16805,0.25498,6.0
14168,2025-09-07,,,,2025,9,7,,0.30378,0.18704,0.35674,6.0
14169,2025-09-08,,,,2025,9,8,,0.34828,0.16533,0.38553,6.0
14170,2025-09-09,,,,2025,9,9,,0.39366,0.19511,0.43936,6.0
14171,2025-09-10,,,,2025,9,10,,0.38199,0.22517,0.44342,6.0
14172,2025-09-11,,,,2025,9,11,,0.34892,0.18114,0.39314,6.0
14173,2025-09-12,,,,2025,9,12,,0.23603,0.07445,0.2475,6.0
14174,2025-09-13,,,,2025,9,13,,0.09692,0.00048,0.09692,6.0
14175,2025-09-14,,,,2025,9,14,,-0.01949,-0.02427,0.03113,1.0
14176,2025-09-15,,,,2025,9,15,,-0.12358,-0.08556,0.15031,2.0
14177,2025-09-16,,,,2025,9,16,,-0.26152,-0.2221,0.3431,2.0
14178,2025-09-17,,,,2025,9,17,,-0.48452,-0.33806,0.59081,2.0
14179,2025-09-18,,,,2025,9,18,,-0.67291,-0.40149,0.78358,2.0
14180,2025-09-19,,,,2025,9,19,,-0.66467,-0.44347,0.79903,2.0
14181,2025-09-20,,,,2025,9,20,,-0.56567,-0.49462,0.75142,2.0
14182,2025-09-21,,,,2025,9,21,,-0.51235,-0.44153,0.67634,2.0
14183,2025-09-22,,,,2025,9,22,,-0.50011,-0.41509,0.64993,2.0
14184,2025-09-23,,,,2025,9,23,,-0.42804,-0.40244,0.58752,2.0
14185,2025-09-24,,,,2025,9,24,,-0.29981,-0.3668,0.47374,1.0
14186,2025-09-25,,,,2025,9,25,,-0.20353,-0.2542,0.32564,1.0
14187,2025-09-26,,,,2025,9,26,,-0.03759,-0.14636,0.15111,1.0
14188,2025-09-27,,,,2025,9,27,,0.10148,-0.1536,0.18409,8.0
14189,2025-09-28,,,,2025,9,28,,0.10065,-0.26375,0.2823,8.0
14190,2025-09-29,,,,2025,9,29,,0.0371,-0.37067,0.37252,8.0
14191,2025-09-30,,,,2025,9,30,,0.02001,-0.49284,0.49325,8.0
14192,2025-10-01,-9999.0,-2.276,0.064,2025,10,1,,0.09416,-0.5754,0.58305,8.0
14193,2025-10-02,,,,2025,10,2,,0.0654,-0.65518,0.65844,8.0
14194,2025-10-03,,,,2025,10,3,,-0.05724,-0.68734,0.68972,1.0
14195,2025-10-04,,,,2025,10,4,,-0.12294,-0.67679,0.68787,1.0
14196,2025-10-05,,,,2025,10,5,,-0.15186,-0.58539,0.60477,1.0
14197,2025-10-06,,,,2025,10,6,,-0.07651,-0.44669,0.45319,1.0
14198,2025-10-07,,,,2025,10,7,,0.06534,-0.28952,0.29681,8.0
14199,2025-10-08,,,,2025,10,8,,0.31401,-0.18906,0.36653,7.0
14200,2025-10-09,,,,2025,10,9,,0.50244,-0.17352,0.53156,7.0
14201,2025-10-10,,,,2025,10,10,,0.68508,-0.17749,0.7077,7.0
14202,2025-10-11,,,,2025,10,11,,0.94351,-0.12231,0.9514,7.0
14203,2025-10-12,,,,2025,10,12,,1.24608,0.01439,1.24616,6.0
14204,2025-10-13,,,,2025,10,13,,1.45584,0.12923,1.46156,6.0
14205,2025-10-14,,,,2025,10,14,,1.59921,0.16755,1.60797,6.0
14206,2025-10-15,,,,2025,10,15,,1.68436,0.21566,1.69811,6.0
14207,2025-10-16,,,,2025,10,16,,1.70105,0.27714,1.72348,6.0
14208,2025-10-17,,,,2025,10,17,,1.56945,0.37799,1.61433,6.0
14209,2025-10-18,,,,2025,10,18,,1.48158,0.53097,1.57385,6.0
14210,2025-10-19,,,,2025,10,19,,1.29211,0.74963,1.49382,6.0
14211,2025-10-20,,,,2025,10,20,,1.04414,0.96431,1.4213,6.0
14212,2025-10-21,,,,2025,10,21,,0.67563,1.16139,1.34362,5.0
14213,2025-10-22,,,,2025,10,22,,0.34371,1.26519,1.31104,5.0
14214,2025-10-23,,,,2025,10,23,,0.02111,1.28767,1.28785,5.0
14215,2025-10-24,,,,2025,10,24,,-0.35617,1.20075,1.25247,4.0
14216,2025-10-25,,,,2025,10,25,,-0.72034,1.06628,1.28679,4.0
14217,2025-10-26,,,,2025,10,26,,-0.98789,0.81895,1.2832,3.0
14218,2025-10-27,,,,2025,10,27,,-1.14943,0.5367,1.26856,3.0
14219,2025-10-28,,,,2025,10,28,,-1.25962,0.15023,1.26854,3.0
14220,2025-10-29,,,,2025,10,29,,-1.3883,-0.17052,1.39874,2.0
14221,2025-10-30,,,,2025,10,30,,-1.46841,-0.3805,1.51691,2.0
14222,2025-10-31,,,,2025,10,31,,-1.4701,-0.53165,1.56328,2.0
14223,2025-11-01,-9999.0,-1.678,-9999.0,2025,11,1,,-1.39966,-0.57632,1.51367,2.0
14224,2025-11-02,,,,2025,11,2,,-1.29155,-0.57707,1.41461,2.0
14225,2025-11-03,,,,2025,11,3,,-1.17344,-0.57997,1.30894,2.0
14226,2025-11-04,,,,2025,11,4,,-1.14585,-0.53204,1.26334,2.0
14227,2025-11-05,,,,2025,11,5,,-1.22705,-0.37502,1.28308,2.0
14228,2025-11-06,,,,2025,11,6,,-1.26157,-0.12348,1.2676,2.0
14229,2025-11-07,,,,2025,11,7,,-1.14436,0.05288,1.14558,3.0
14230,2025-11-08,,,,2025,11,8,,-1.05002,0.16933,1.06359,3.0
14231,2025-11-09,,,,2025,11,9,,-1.01626,0.25309,1.0473,3.0
14232,2025-11-10,,,,2025,11,10,,-1.0216,0.29341,1.0629,3.0
14233,2025-11-11,,,,2025,11,11,,-1.01419,0.43322,1.10284,3.0
14234,2025-11-12,,,,2025,11,12,,-0.91473,0.55668,1.0708,3.0
14235,2025-11-13,,,,2025,11,13,,-0.79092,0.73207,1.07772,3.0
14236,2025-11-14,,,,2025,11,14,,-0.61802,0.84264,1.04499,4.0
14237,2025-11-15,,,,2025,11,15,,-0.57025,0.89713,1.06303,4.0
14238,2025-11-16,,,,2025,11,16,,-0.58855,0.9671,1.13211,4.0
14239,2025-11-17,,,,2025,11,17,,-0.60896,0.95693,1.13426,4.0
14240,2025-11-18,,,,2025,11,18,,-0.59662,0.89444,1.07516,4.0
14241,2025-11-19,,,,2025,11,19,,-0.66484,0.72646,0.98476,4.0
14242,2025-11-20,,,,2025,11,20,,-0.77244,0.55088,0.94876,3.0
14243,2025-11-21,,,,2025,11,21,,-0.80072,0.36858,0.88147,3.0
14244,2025-11-22,,,,2025,11,22,,-0.68571,0.22702,0.72231,3.0
14245,2025-11-23,,,,2025,11,23,,-0.55472,0.0427,0.55636,3.0
14246,2025-11-24,,,,2025,11,24,,-0.38142,-0.18778,0.42514,2.0
14247,2025-11-25,,,,2025,11,25,,-0.26326,-0.47288,0.54122,1.0
14248,2025-11-26,,,,2025,11,26,,-0.16606,-0.73564,0.75415,1.0
14249,2025-11-27,,,,2025,11,27,,-0.12521,-1.00364,1.01142,1.0
14250,2025-11-28,,,,2025,11,28,,-0.02484,-1.2346,1.23485,1.0
14251,2025-11-29,,,,2025,11,29,,0.07743,-1.49885,1.50085,8.0
14252,2025-11-30,,,,2025,11,30,,0.06715,-1.69621,1.69754,8.0
14253,2025-12-01,-9999.0,-1.222,-9999.0,2025,12,1,,-0.04005,-1.79298,1.79342,1.0
14254,2025-12-02,,,,2025,12,2,,-0.11297,-1.77845,1.78204,1.0
14255,2025-12-03,,,,2025,12,3,,-0.10021,-1.62311,1.6262,1.0
14256,2025-12-04,,,,2025,12,4,,-0.04867,-1.46322,1.46403,1.0
14257,2025-12-05,,,,2025,12,5,,0.03625,-1.29852,1.29902,8.0
14258,2025-12-06,,,,2025,12,6,,0.09424,-1.09848,1.10252,8.0
14259,2025-12-07,,,,2025,12,7,,0.16098,-0.85005,0.86516,8.0
14260,2025-12-08,,,,2025,12,8,,0.20752,-0.61605,0.65006,8.0
14261,2025-12-09,,,,2025,12,9,,0.24162,-0.44115,0.50299,8.0
14262,2025-12-10,,,,2025,12,10,,0.3,-0.37525,0.48043,8.0
14263,2025-12-11,,,,2025,12,11,,0.37588,-0.33475,0.50334,7.0
14264,2025-12-12,,,,2025,12,12,,0.3497,-0.35256,0.49658,8.0
14265,2025-12-13,,,,2025,12,13,,0.35219,-0.35253,0.49831,8.0
14266,2025-12-14,,,,2025,12,14,,0.34827,-0.36788,0.50659,8.0
14267,2025-12-15,,,,2025,12,15,,0.39505,-0.42638,0.58126,8.0
14268,2025-12-16,,,,2025,12,16,,0.40352,-0.49366,0.63759,8.0
14269,2025-12-17,,,,2025,12,17,,0.45621,-0.5314,0.70037,8.0
14270,2025-12-18,,,,2025,12,18,,0.51437,-0.50573,0.72135,7.0
14271,2025-12-19,,,,2025,12,19,,0.59568,-0.46547,0.75597,7.0
14272,2025-12-20,,,,2025,12,20,,0.58457,-0.43627,0.72942,7.0
14273,2025-12-21,,,,2025,12,21,,0.65982,-0.32223,0.7343,7.0
14274,2025-12-22,,,,2025,12,22,,0.79939,-0.10288,0.80598,7.0
14275,2025-12-23,,,,2025,12,23,,0.91318,0.16745,0.92841,6.0
14276,2025-12-24,,,,2025,12,24,,0.97256,0.34241,1.03108,6.0
14277,2025-12-25,,,,2025,12,25,,0.96252,0.48477,1.07771,6.0
14278,2025-12-26,,,,2025,12,26,,0.98596,0.6212,1.16533,6.0
14279,2025-12-27,,,,2025,12,27,,1.06078,0.72548,1.28514,6.0
14280,2025-12-28,,,,2025,12,28,,1.13818,0.87693,1.43682,6.0
14281,2025-12-29,,,,2025,12,29,,1.1986,1.071,1.60739,6.0
14282,2025-12-30,,,,2025,12,30,,1.22721,1.19689,1.71423,6.0
14283,2025-12-31,,,,2025,12,31,,1.20011,1.17149,1.6771,6.0
14284,2026-01-01,,,,2026,1,1,,1.07539,1.09784,1.53678,5.0
14285,2026-01-02,,,,2026,1,2,,0.92834,1.10159,1.4406,5.0
14286,2026-01-03,,,,2026,1,3,,0.83016,1.14985,1.41821,5.0
14287,2026-01-04,,,,2026,1,4,,0.70803,1.15985,1.35888,5.0
14288,2026-01-05,,,,2026,1,5,,0.43813,1.14081,1.22205,5.0
14289,2026-01-06,,,,2026,1,6,,0.05605,1.06619,1.06766,5.0
14290,2026-01-07,,,,2026,1,7,,-0.3044,0.94379,0.99167,4.0
14291,2026-01-08,,,,2026,1,8,,-0.63603,0.76692,0.99635,4.0
14292,2026-01-09,,,,2026,1,9,,-0.92205,0.5727,1.08544,3.0
14293,2026-01-10,,,,2026,1,10,,-1.12407,0.42548,1.2019,3.0
14294,2026-01-11,,,,2026,1,11,,-1.28143,0.28821,1.31344,3.0
14295,2026-01-12,,,,2026,1,12,,-1.41194,0.15434,1.42035,3.0
14296,2026-01-13,,,,2026,1,13,,-1.52673,-0.00821,1.52675,2.0
14297,2026-01-14,,,,2026,1,14,,-1.52911,-0.13049,1.53466,2.0
14298,2026-01-15,,,,2026,1,15,,-1.40293,-0.18804,1.41548,2.0
14299,2026-01-16,,,,2026,1,16,,-1.19268,-0.1919,1.20802,2.0
14300,2026-01-17,,,,2026,1,17,,-0.98714,-0.19171,1.00558,2.0
14301,2026-01-18,,,,2026,1,18,,-0.86822,-0.22902,0.89792,2.0
14302,2026-01-19,,,,2026,1,19,,-0.82619,-0.3015,0.87949,2.0
14303,2026-01-20,,,,2026,1,20,,-0.74057,-0.44941,0.86626,2.0
14304,2026-01-21,,,,2026,1,21,,-0.65729,-0.62936,0.91001,2.0
14305,2026-01-22,,,,2026,1,22,,-0.61316,-0.79638,1.00508,1.0
14306,2026-01-23,,,,2026,1,23,,-0.60898,-0.92758,1.10962,1.0
14307,2026-01-24,,,,2026,1,24,,-0.67349,-1.07723,1.27043,1.0
14308,2026-01-25,,,,2026,1,25,,-0.8257,-1.32243,1.55904,1.0
14309,2026-01-26,,,,2026,1,26,,-0.98125,-1.49285,1.78646,1.0
14310,2026-01-27,,,,2026,1,27,,-1.07223,-1.53633,1.8735,1.0
14311,2026-01-28,,,,2026,1,28,,-1.07215,-1.51496,1.85596,1.0
14312,2026-01-29,,,,2026,1,29,,-1.06058,-1.40534,1.76063,1.0
14313,2026-01-30,,,,2026,1,30,,-1.01391,-1.30698,1.65415,1.0
14314,2026-01-31,,,,2026,1,31,,-0.90447,-1.23852,1.53363,1.0
14315,2026-02-01,,,,2026,2,1,,-0.75252,-1.18992,1.4079,1.0
14316,2026-02-02,,,,2026,2,2,,-0.60752,-1.13179,1.28454,1.0
14317,2026-02-03,,,,2026,2,3,,-0.35812,-1.00387,1.06584,1.0
14318,2026-02-04,,,,2026,2,4,,-0.05081,-0.7824,0.78405,1.0
14319,2026-02-05,,,,2026,2,5,,0.26475,-0.54485,0.60576,8.0
14320,2026-02-06,,,,2026,2,6,,0.53439,-0.32387,0.62487,7.0
14321,2026-02-07,,,,2026,2,7,,0.77445,-0.09346,0.78007,7.0
14322,2026-02-08,,,,2026,2,8,,0.96063,0.23109,0.98803,6.0
14323,2026-02-09,,,,2026,2,9,,1.13523,0.59276,1.28067,6.0
14324,2026-02-10,,,,2026,2,10,,1.29198,0.93038,1.59211,6.0
14325,2026-02-11,,,,2026,2,11,,1.49248,1.20043,1.91534,6.0
14326,2026-02-12,,,,2026,2,12,,1.66383,1.3739,2.15776,6.0
14327,2026-02-13,,,,2026,2,13,,1.83638,1.41198,2.31645,6.0
14328,2026-02-14,,,,2026,2,14,,1.99745,1.38781,2.43225,6.0
14329,2026-02-15,,,,2026,2,15,,2.16909,1.36455,2.56261,6.0
14330,2026-02-16,,,,2026,2,16,,2.31519,1.28031,2.64562,6.0
14331,2026-02-17,,,,2026,2,17,,2.4122,1.10941,2.65509,6.0
14332,2026-02-18,,,,2026,2,18,,2.21633,0.83069,2.36689,6.0
14333,2026-02-19,,,,2026,2,19,,2.079,0.71975,2.20007,6.0
14334,2026-02-20,,,,2026,2,20,,1.85618,0.62505,1.95859,6.0
14335,2026-02-21,,,,2026,2,21,,1.54676,0.63,1.67013,6.0
14336,2026-02-22,,,,2026,2,22,,1.20875,0.71691,1.40536,6.0
14337,2026-02-23,,,,2026,2,23,,0.78332,0.79511,1.11615,5.0
14338,2026-02-24,,,,2026,2,24,,0.30748,0.7993,0.85641,5.0
14339,2026-02-25,,,,2026,2,25,,-0.12531,0.76784,0.778,4.0
14340,2026-02-26,,,,2026,2,26,,-0.535,0.67417,0.86065,4.0
14341,2026-02-27,,,,2026,2,27,,-0.70596,0.77116,1.0455,4.0
14342,2026-02-28,,,,2026,2,28,,-0.88974,0.71327,1.14035,3.0
14343,2026-03-01,,,,2026,3,1,,-1.02355,0.80168,1.30013,3.0
14344,2026-03-02,,,,2026,3,2,,-1.12483,0.83412,1.40036,3.0
14345,2026-03-03,,,,2026,3,3,,-1.22532,0.79763,1.46206,3.0
14346,2026-03-04,,,,2026,3,4,,-1.23952,0.75495,1.45133,3.0
14347,2026-03-05,,,,2026,3,5,,-1.2253,0.71102,1.41665,3.0
14348,2026-03-06,,,,2026,3,6,,-1.22914,0.61303,1.37353,3.0
14349,2026-03-07,,,,2026,3,7,,-1.25618,0.53825,1.36663,3.0
14350,2026-03-08,,,,2026,3,8,,-1.30433,0.41423,1.36853,3.0
14351,2026-03-09,,,,2026,3,9,,-1.36499,0.25527,1.38866,3.0
14352,2026-03-10,,,,2026,3,10,,-1.40194,0.00433,1.40195,3.0
14353,2026-03-11,,,,2026,3,11,,-1.40839,-0.25167,1.4307,2.0
14354,2026-03-12,,,,2026,3,12,,-1.43838,-0.51711,1.52851,2.0
14355,2026-03-13,,,,2026,3,13,,-1.49569,-0.7277,1.66332,2.0
14356,2026-03-14,,,,2026,3,14,,-1.48966,-0.91032,1.74579,2.0
14357,2026-03-15,,,,2026,3,15,,-1.41661,-1.07215,1.7766,2.0
14358,2026-03-16,,,,2026,3,16,,-1.24437,-1.2675,1.77624,1.0
14359,2026-03-17,,,,2026,3,17,,-1.11085,-1.36261,1.75804,1.0
14360,2026-03-18,,,,2026,3,18,,-1.03241,-1.43102,1.76457,1.0
14361,2026-03-19,,,,2026,3,19,,-0.98394,-1.46784,1.76712,1.0
14362,2026-03-20,,,,2026,3,20,,-0.92881,-1.47391,1.74215,1.0
14363,2026-03-21,,,,2026,3,21,,-0.87153,-1.41246,1.6597,1.0
14364,2026-03-22,,,,2026,3,22,,-0.79324,-1.3575,1.57227,1.0
14365,2026-03-23,,,,2026,3,23,,-0.67555,-1.38251,1.53873,1.0
14366,2026-03-24,,,,2026,3,24,,-0.47867,-1.44248,1.51983,1.0
14367,2026-03-25,,,,2026,3,25,,-0.27636,-1.53758,1.56222,1.0
14368,2026-03-26,,,,2026,3,26,,-0.12827,-1.64049,1.64549,1.0
14369,2026-03-27,,,,2026,3,27,,-0.06686,-1.72246,1.72376,1.0
14370,2026-03-28,,,,2026,3,28,,-0.06327,-1.70786,1.70903,1.0
14371,2026-03-29,,,,2026,3,29,,-0.02052,-1.67345,1.67358,1.0
14372,2026-03-30,,,,2026,3,30,,0.08614,-1.63916,1.64142,8.0
14373,2026-03-31,,,,2026,3,31,,0.14299,-1.66625,1.67238,8.0
14374,2026-04-01,,,,2026,4,1,,0.18278,-1.68263,1.69253,8.0
14375,2026-04-02,,,,2026,4,2,,0.15454,-1.70402,1.71101,8.0
14376,2026-04-03,,,,2026,4,3,,0.1015,-1.65276,1.65587,8.0
